{
  "查询条件": {
    "出发地": "三亚",
    "目的地": "上海"
  },
  "航班数量": 74,
  "航班列表": [
    {
      "出发地": "三亚",
      "目的地": "上海",
      "航班类型": "国内航班",
      "航班日期": "2025-12-16",
      "航班代码": "MF8308/MF8567",
      "价格": "390"
    },
    {
      "出发地": "三亚",
      "目的地": "上海",
      "航班类型": "国内航班",
      "航班日期": "2025-12-17",
      "航班代码": "MU5380",
      "价格": "231"
    },
    {
      "出发地": "三亚",
      "目的地": "上海",
      "航班类型": "国内航班",
      "航班日期": "2025-12-18",
      "航班代码": "HO2348",
      "价格": "200"
    },
    {
      "出发地": "三亚",
      "目的地": "上海",
      "航班类型": "国内航班",
      "航班日期": "2025-12-19",
      "航班代码": "HU7321",
      "价格": "210"
    },
    {
      "出发地": "三亚",
      "目的地": "上海",
      "航班类型": "国内航班",
      "航班日期": "2025-12-20",
      "航班代码": "HU7321",
      "价格": "300"
    },
    {
      "出发地": "三亚",
      "目的地": "上海",
      "航班类型": "国内航班",
      "航班日期": "2025-12-21",
      "航班代码": "MU2728/MU2881",
      "价格": "420"
    },
    {
      "出发地": "三亚",
      "目的地": "上海",
      "航班类型": "国内航班",
      "航班日期": "2025-12-22",
      "航班代码": "MU5398",
      "价格": "231"
    },
    {
      "出发地": "三亚",
      "目的地": "上海",
      "航班类型": "国内航班",
      "航班日期": "2025-12-23",
      "航班代码": "HO2348",
      "价格": "215"
    },
    {
      "出发地": "三亚",
      "目的地": "上海",
      "航班类型": "国内航班",
      "航班日期": "2025-12-24",
      "航班代码": "HU7321",
      "价格": "200"
    },
    {
      "出发地": "三亚",
      "目的地": "上海",
      "航班类型": "国内航班",
      "航班日期": "2025-12-25",
      "航班代码": "HO2348",
      "价格": "200"
    },
    {
      "出发地": "三亚",
      "目的地": "上海",
      "航班类型": "国内航班",
      "航班日期": "2025-12-26",
      "航班代码": "MU5380",
      "价格": "230"
    },
    {
      "出发地": "三亚",
      "目的地": "上海",
      "航班类型": "国内航班",
      "航班日期": "2025-12-27",
      "航班代码": "HO1128",
      "价格": "500"
    },
    {
      "出发地": "三亚",
      "目的地": "上海",
      "航班类型": "国内航班",
      "航班日期": "2025-12-28",
      "航班代码": "GY7106/HO1208",
      "价格": "758"
    },
    {
      "出发地": "三亚",
      "目的地": "上海",
      "航班类型": "国内航班",
      "航班日期": "2025-12-29",
      "航班代码": "CZ5971/9C8886",
      "价格": "707"
    },
    {
      "出发地": "三亚",
      "目的地": "上海",
      "航班类型": "国内航班",
      "航班日期": "2025-12-30",
      "航班代码": "SC8862/SC1165",
      "价格": "599"
    },
    {
      "出发地": "三亚",
      "目的地": "上海",
      "航班类型": "国内航班",
      "航班日期": "2025-12-31",
      "航班代码": "MU2728/MU2881",
      "价格": "420"
    },
    {
      "出发地": "三亚",
      "目的地": "上海",
      "航班类型": "国内航班",
      "航班日期": "2026-01-01",
      "航班代码": "HO2348",
      "价格": "431"
    },
    {
      "出发地": "三亚",
      "目的地": "上海",
      "航班类型": "国内航班",
      "航班日期": "2026-01-02",
      "航班代码": "MU2528/MU2503",
      "价格": "720"
    },
    {
      "出发地": "三亚",
      "目的地": "上海",
      "航班类型": "国内航班",
      "航班日期": "2026-01-03",
      "航班代码": "3U3217/FM9456",
      "价格": "972"
    },
    {
      "出发地": "三亚",
      "目的地": "上海",
      "航班类型": "国内航班",
      "航班日期": "2026-01-04",
      "航班代码": "3U8062/3U8971",
      "价格": "640"
    },
    {
      "出发地": "三亚",
      "目的地": "上海",
      "航班类型": "国内航班",
      "航班日期": "2026-01-05",
      "航班代码": "HO2348",
      "价格": "470"
    },
    {
      "出发地": "三亚",
      "目的地": "上海",
      "航班类型": "国内航班",
      "航班日期": "2026-01-06",
      "航班代码": "HO1128",
      "价格": "414"
    },
    {
      "出发地": "三亚",
      "目的地": "上海",
      "航班类型": "国内航班",
      "航班日期": "2026-01-07",
      "航班代码": "HO1128",
      "价格": "400"
    },
    {
      "出发地": "三亚",
      "目的地": "上海",
      "航班类型": "国内航班",
      "航班日期": "2026-01-08",
      "航班代码": "HO1128",
      "价格": "400"
    },
    {
      "出发地": "三亚",
      "目的地": "上海",
      "航班类型": "国内航班",
      "航班日期": "2026-01-09",
      "航班代码": "MU5380",
      "价格": "380"
    },
    {
      "出发地": "三亚",
      "目的地": "上海",
      "航班类型": "国内航班",
      "航班日期": "2026-01-10",
      "航班代码": "9C8802",
      "价格": "510"
    },
    {
      "出发地": "三亚",
      "目的地": "上海",
      "航班类型": "国内航班",
      "航班日期": "2026-01-11",
      "航班代码": "9C8802",
      "价格": "470"
    },
    {
      "出发地": "三亚",
      "目的地": "上海",
      "航班类型": "国内航班",
      "航班日期": "2026-01-12",
      "航班代码": "HO2348",
      "价格": "378"
    },
    {
      "出发地": "三亚",
      "目的地": "上海",
      "航班类型": "国内航班",
      "航班日期": "2026-01-13",
      "航班代码": "9C8802",
      "价格": "620"
    },
    {
      "出发地": "三亚",
      "目的地": "上海",
      "航班类型": "国内航班",
      "航班日期": "2026-01-14",
      "航班代码": "HO2348",
      "价格": "300"
    },
    {
      "出发地": "三亚",
      "目的地": "上海",
      "航班类型": "国内航班",
      "航班日期": "2026-01-15",
      "航班代码": "MU5398",
      "价格": "398"
    },
    {
      "出发地": "三亚",
      "目的地": "上海",
      "航班类型": "国内航班",
      "航班日期": "2026-01-16",
      "航班代码": "MU5380",
      "价格": "380"
    },
    {
      "出发地": "三亚",
      "目的地": "上海",
      "航班类型": "国内航班",
      "航班日期": "2026-01-17",
      "航班代码": "MU5374",
      "价格": "750"
    },
    {
      "出发地": "三亚",
      "目的地": "上海",
      "航班类型": "国内航班",
      "航班日期": "2026-01-18",
      "航班代码": "FM9536",
      "价格": "530"
    },
    {
      "出发地": "三亚",
      "目的地": "上海",
      "航班类型": "国内航班",
      "航班日期": "2026-01-19",
      "航班代码": "MU5398",
      "价格": "398"
    },
    {
      "出发地": "三亚",
      "目的地": "上海",
      "航班类型": "国内航班",
      "航班日期": "2026-01-20",
      "航班代码": "FM9536",
      "价格": "448"
    },
    {
      "出发地": "三亚",
      "目的地": "上海",
      "航班类型": "国内航班",
      "航班日期": "2026-01-21",
      "航班代码": "MU5380",
      "价格": "398"
    },
    {
      "出发地": "三亚",
      "目的地": "上海",
      "航班类型": "国内航班",
      "航班日期": "2026-01-22",
      "航班代码": "MU5398",
      "价格": "398"
    },
    {
      "出发地": "三亚",
      "目的地": "上海",
      "航班类型": "国内航班",
      "航班日期": "2026-01-23",
      "航班代码": "MU5380",
      "价格": "398"
    },
    {
      "出发地": "三亚",
      "目的地": "上海",
      "航班类型": "国内航班",
      "航班日期": "2026-01-24",
      "航班代码": "FM9536",
      "价格": "448"
    },
    {
      "出发地": "三亚",
      "目的地": "上海",
      "航班类型": "国内航班",
      "航班日期": "2026-01-25",
      "航班代码": "9C8802",
      "价格": "530"
    },
    {
      "出发地": "三亚",
      "目的地": "上海",
      "航班类型": "国内航班",
      "航班日期": "2026-01-26",
      "航班代码": "9C8780",
      "价格": "550"
    },
    {
      "出发地": "三亚",
      "目的地": "上海",
      "航班类型": "国内航班",
      "航班日期": "2026-01-28",
      "航班代码": "MU2728/MU2881",
      "价格": "420"
    },
    {
      "出发地": "三亚",
      "目的地": "上海",
      "航班类型": "国内航班",
      "航班日期": "2026-01-29",
      "航班代码": "9C8802",
      "价格": "710"
    },
    {
      "出发地": "三亚",
      "目的地": "上海",
      "航班类型": "国内航班",
      "航班日期": "2026-01-30",
      "航班代码": "MU5772/9C8830",
      "价格": "1475"
    },
    {
      "出发地": "三亚",
      "目的地": "上海",
      "航班类型": "国内航班",
      "航班日期": "2026-01-31",
      "航班代码": "Y87502",
      "价格": "530"
    },
    {
      "出发地": "三亚",
      "目的地": "上海",
      "航班类型": "国内航班",
      "航班日期": "2026-02-01",
      "航班代码": "GY7106/9C8886",
      "价格": "788"
    },
    {
      "出发地": "三亚",
      "目的地": "上海",
      "航班类型": "国内航班",
      "航班日期": "2026-02-02",
      "航班代码": "Y87502",
      "价格": "530"
    },
    {
      "出发地": "三亚",
      "目的地": "上海",
      "航班类型": "国内航班",
      "航班日期": "2026-02-04",
      "航班代码": "9C8802",
      "价格": "620"
    },
    {
      "出发地": "三亚",
      "目的地": "上海",
      "航班类型": "国内航班",
      "航班日期": "2026-02-05",
      "航班代码": "9C8802",
      "价格": "780"
    },
    {
      "出发地": "三亚",
      "目的地": "上海",
      "航班类型": "国内航班",
      "航班日期": "2026-02-06",
      "航班代码": "JD5287/HO1208",
      "价格": "2179"
    },
    {
      "出发地": "三亚",
      "目的地": "上海",
      "航班类型": "国内航班",
      "航班日期": "2026-02-07",
      "航班代码": "9C8802",
      "价格": "940"
    },
    {
      "出发地": "三亚",
      "目的地": "上海",
      "航班类型": "国内航班",
      "航班日期": "2026-02-08",
      "航班代码": "FM9536",
      "价格": "946"
    },
    {
      "出发地": "三亚",
      "目的地": "上海",
      "航班类型": "国内航班",
      "航班日期": "2026-02-09",
      "航班代码": "MU5398",
      "价格": "508"
    },
    {
      "出发地": "三亚",
      "目的地": "上海",
      "航班类型": "国内航班",
      "航班日期": "2026-02-10",
      "航班代码": "FM9536",
      "价格": "946"
    },
    {
      "出发地": "三亚",
      "目的地": "上海",
      "航班类型": "国内航班",
      "航班日期": "2026-02-11",
      "航班代码": "9C8802",
      "价格": "890"
    },
    {
      "出发地": "三亚",
      "目的地": "上海",
      "航班类型": "国内航班",
      "航班日期": "2026-02-12",
      "航班代码": "9C8802",
      "价格": "940"
    },
    {
      "出发地": "三亚",
      "目的地": "上海",
      "航班类型": "国内航班",
      "航班日期": "2026-02-13",
      "航班代码": "MU5380",
      "价格": "500"
    },
    {
      "出发地": "三亚",
      "目的地": "上海",
      "航班类型": "国内航班",
      "航班日期": "2026-02-14",
      "航班代码": "MU5398",
      "价格": "480"
    },
    {
      "出发地": "三亚",
      "目的地": "上海",
      "航班类型": "国内航班",
      "航班日期": "2026-02-15",
      "航班代码": "HU7321",
      "价格": "650"
    },
    {
      "出发地": "三亚",
      "目的地": "上海",
      "航班类型": "国内航班",
      "航班日期": "2026-02-16",
      "航班代码": "HU7321",
      "价格": "600"
    },
    {
      "出发地": "三亚",
      "目的地": "上海",
      "航班类型": "国内航班",
      "航班日期": "2026-02-17",
      "航班代码": "FM9536",
      "价格": "747"
    },
    {
      "出发地": "三亚",
      "目的地": "上海",
      "航班类型": "国内航班",
      "航班日期": "2026-02-18",
      "航班代码": "CZ133",
      "价格": "1140"
    },
    {
      "出发地": "三亚",
      "目的地": "上海",
      "航班类型": "国内航班",
      "航班日期": "2026-02-19",
      "航班代码": "HO2348",
      "价格": "1140"
    },
    {
      "出发地": "三亚",
      "目的地": "上海",
      "航班类型": "国内航班",
      "航班日期": "2026-02-20",
      "航班代码": "CZ5854/Y87578",
      "价格": "1864"
    },
    {
      "出发地": "三亚",
      "目的地": "上海",
      "航班类型": "国内航班",
      "航班日期": "2026-02-21",
      "航班代码": "CZ3977/9C8918",
      "价格": "2190"
    },
    {
      "出发地": "三亚",
      "目的地": "上海",
      "航班类型": "国内航班",
      "航班日期": "2026-02-22",
      "航班代码": "CZ6667/MU2881",
      "价格": "2222"
    },
    {
      "出发地": "三亚",
      "目的地": "上海",
      "航班类型": "国内航班",
      "航班日期": "2026-02-23",
      "航班代码": "ZH9322/9C8918",
      "价格": "1976"
    },
    {
      "出发地": "三亚",
      "目的地": "上海",
      "航班类型": "国内航班",
      "航班日期": "2026-02-24",
      "航班代码": "ZH9322/9C8956",
      "价格": "1728"
    },
    {
      "出发地": "三亚",
      "目的地": "上海",
      "航班类型": "国内航班",
      "航班日期": "2026-02-25",
      "航班代码": "ZH9322/9C8950",
      "价格": "1607"
    },
    {
      "出发地": "三亚",
      "目的地": "上海",
      "航班类型": "国内航班",
      "航班日期": "2026-02-26",
      "航班代码": "ZH9322/9C8956",
      "价格": "1608"
    },
    {
      "出发地": "三亚",
      "目的地": "上海",
      "航班类型": "国内航班",
      "航班日期": "2026-02-27",
      "航班代码": "ZH9324/9C8776",
      "价格": "1607"
    },
    {
      "出发地": "三亚",
      "目的地": "上海",
      "航班类型": "国内航班",
      "航班日期": "2026-02-28",
      "航班代码": "ZH9324/9C8950",
      "价格": "1606"
    },
    {
      "出发地": "三亚",
      "目的地": "上海",
      "航班类型": "国内航班",
      "航班日期": "2026-03-01",
      "航班代码": "HO1128",
      "价格": "1450"
    }
  ]
}