{
  "查询条件": {
    "出发地": "三亚",
    "目的地": "北京"
  },
  "航班数量": 85,
  "航班列表": [
    {
      "出发地": "三亚",
      "目的地": "北京",
      "航班类型": "国内航班",
      "航班日期": "2025-12-16",
      "航班代码": "CZ6713",
      "价格": "360"
    },
    {
      "出发地": "三亚",
      "目的地": "北京",
      "航班类型": "国内航班",
      "航班日期": "2025-12-17",
      "航班代码": "MF8398/MF8169",
      "价格": "358"
    },
    {
      "出发地": "三亚",
      "目的地": "北京",
      "航班类型": "国内航班",
      "航班日期": "2025-12-18",
      "航班代码": "JD5177/JD5572",
      "价格": "440"
    },
    {
      "出发地": "三亚",
      "目的地": "北京",
      "航班类型": "国内航班",
      "航班日期": "2025-12-19",
      "航班代码": "MU5376/MU5109",
      "价格": "390"
    },
    {
      "出发地": "三亚",
      "目的地": "北京",
      "航班类型": "国内航班",
      "航班日期": "2025-12-20",
      "航班代码": "MU5398/MU5161",
      "价格": "390"
    },
    {
      "出发地": "三亚",
      "目的地": "北京",
      "航班类型": "国内航班",
      "航班日期": "2025-12-21",
      "航班代码": "GS7886/HU7186",
      "价格": "490"
    },
    {
      "出发地": "三亚",
      "目的地": "北京",
      "航班类型": "国内航班",
      "航班日期": "2025-12-22",
      "航班代码": "MU5376/MU8230",
      "价格": "400"
    },
    {
      "出发地": "三亚",
      "目的地": "北京",
      "航班类型": "国内航班",
      "航班日期": "2025-12-23",
      "航班代码": "MU8556/MU5185",
      "价格": "400"
    },
    {
      "出发地": "三亚",
      "目的地": "北京",
      "航班类型": "国内航班",
      "航班日期": "2025-12-24",
      "航班代码": "MU5398/MU5185",
      "价格": "390"
    },
    {
      "出发地": "三亚",
      "目的地": "北京",
      "航班类型": "国内航班",
      "航班日期": "2025-12-25",
      "航班代码": "HU7353/HU7536",
      "价格": "480"
    },
    {
      "出发地": "三亚",
      "目的地": "北京",
      "航班类型": "国内航班",
      "航班日期": "2025-12-26",
      "航班代码": "GS7886/HU7186",
      "价格": "490"
    },
    {
      "出发地": "三亚",
      "目的地": "北京",
      "航班类型": "国内航班",
      "航班日期": "2025-12-27",
      "航班代码": "CA2684/CA4119",
      "价格": "510"
    },
    {
      "出发地": "三亚",
      "目的地": "北京",
      "航班类型": "国内航班",
      "航班日期": "2025-12-28",
      "航班代码": "JD5079/CA1938",
      "价格": "739"
    },
    {
      "出发地": "三亚",
      "目的地": "北京",
      "航班类型": "国内航班",
      "航班日期": "2025-12-29",
      "航班代码": "3U3213/KN5658",
      "价格": "684"
    },
    {
      "出发地": "三亚",
      "目的地": "北京",
      "航班类型": "国内航班",
      "航班日期": "2025-12-30",
      "航班代码": "CA4034/CA4119",
      "价格": "500"
    },
    {
      "出发地": "三亚",
      "目的地": "北京",
      "航班类型": "国内航班",
      "航班日期": "2025-12-31",
      "航班代码": "CA4034/CA4119",
      "价格": "500"
    },
    {
      "出发地": "三亚",
      "目的地": "北京",
      "航班类型": "国内航班",
      "航班日期": "2026-01-01",
      "航班代码": "KN5896",
      "价格": "410"
    },
    {
      "出发地": "三亚",
      "目的地": "北京",
      "航班类型": "国内航班",
      "航班日期": "2026-01-02",
      "航班代码": "CA2684/CA4119",
      "价格": "510"
    },
    {
      "出发地": "三亚",
      "目的地": "北京",
      "航班类型": "国内航班",
      "航班日期": "2026-01-03",
      "航班代码": "3U3217/CA4161",
      "价格": "1049"
    },
    {
      "出发地": "三亚",
      "目的地": "北京",
      "航班类型": "国内航班",
      "航班日期": "2026-01-04",
      "航班代码": "CA4034/CA4119",
      "价格": "396"
    },
    {
      "出发地": "三亚",
      "目的地": "北京",
      "航班类型": "国内航班",
      "航班日期": "2026-01-05",
      "航班代码": "HU7383/HU7578",
      "价格": "649"
    },
    {
      "出发地": "三亚",
      "目的地": "北京",
      "航班类型": "国内航班",
      "航班日期": "2026-01-06",
      "航班代码": "KN5896",
      "价格": "560"
    },
    {
      "出发地": "三亚",
      "目的地": "北京",
      "航班类型": "国内航班",
      "航班日期": "2026-01-07",
      "航班代码": "MU5398/MU5115",
      "价格": "595"
    },
    {
      "出发地": "三亚",
      "目的地": "北京",
      "航班类型": "国内航班",
      "航班日期": "2026-01-08",
      "航班代码": "MU2674/MU2841",
      "价格": "470"
    },
    {
      "出发地": "三亚",
      "目的地": "北京",
      "航班类型": "国内航班",
      "航班日期": "2026-01-09",
      "航班代码": "MF1251",
      "价格": "550"
    },
    {
      "出发地": "三亚",
      "目的地": "北京",
      "航班类型": "国内航班",
      "航班日期": "2026-01-10",
      "航班代码": "MU5398/MU5159",
      "价格": "620"
    },
    {
      "出发地": "三亚",
      "目的地": "北京",
      "航班类型": "国内航班",
      "航班日期": "2026-01-11",
      "航班代码": "MF1251",
      "价格": "650"
    },
    {
      "出发地": "三亚",
      "目的地": "北京",
      "航班类型": "国内航班",
      "航班日期": "2026-01-12",
      "航班代码": "GJ8256/GJ8887",
      "价格": "819"
    },
    {
      "出发地": "三亚",
      "目的地": "北京",
      "航班类型": "国内航班",
      "航班日期": "2026-01-13",
      "航班代码": "FM9536/MU5185",
      "价格": "735"
    },
    {
      "出发地": "三亚",
      "目的地": "北京",
      "航班类型": "国内航班",
      "航班日期": "2026-01-14",
      "航班代码": "MU5380/MU5185",
      "价格": "691"
    },
    {
      "出发地": "三亚",
      "目的地": "北京",
      "航班类型": "国内航班",
      "航班日期": "2026-01-15",
      "航班代码": "KN5896",
      "价格": "530"
    },
    {
      "出发地": "三亚",
      "目的地": "北京",
      "航班类型": "国内航班",
      "航班日期": "2026-01-16",
      "航班代码": "FM9536/MU5185",
      "价格": "735"
    },
    {
      "出发地": "三亚",
      "目的地": "北京",
      "航班类型": "国内航班",
      "航班日期": "2026-01-17",
      "航班代码": "KN5896",
      "价格": "620"
    },
    {
      "出发地": "三亚",
      "目的地": "北京",
      "航班类型": "国内航班",
      "航班日期": "2026-01-18",
      "航班代码": "KN5896",
      "价格": "620"
    },
    {
      "出发地": "三亚",
      "目的地": "北京",
      "航班类型": "国内航班",
      "航班日期": "2026-01-19",
      "航班代码": "MU2674/MU2731",
      "价格": "550"
    },
    {
      "出发地": "三亚",
      "目的地": "北京",
      "航班类型": "国内航班",
      "航班日期": "2026-01-20",
      "航班代码": "KN5896",
      "价格": "560"
    },
    {
      "出发地": "三亚",
      "目的地": "北京",
      "航班类型": "国内航班",
      "航班日期": "2026-01-21",
      "航班代码": "ZH9724/ZH1030",
      "价格": "650"
    },
    {
      "出发地": "三亚",
      "目的地": "北京",
      "航班类型": "国内航班",
      "航班日期": "2026-01-22",
      "航班代码": "KN5896",
      "价格": "560"
    },
    {
      "出发地": "三亚",
      "目的地": "北京",
      "航班类型": "国内航班",
      "航班日期": "2026-01-23",
      "航班代码": "MF1251",
      "价格": "650"
    },
    {
      "出发地": "三亚",
      "目的地": "北京",
      "航班类型": "国内航班",
      "航班日期": "2026-01-24",
      "航班代码": "ZH9324/ZH1398",
      "价格": "650"
    },
    {
      "出发地": "三亚",
      "目的地": "北京",
      "航班类型": "国内航班",
      "航班日期": "2026-01-25",
      "航班代码": "MU2728/MU2811",
      "价格": "450"
    },
    {
      "出发地": "三亚",
      "目的地": "北京",
      "航班类型": "国内航班",
      "航班日期": "2026-01-26",
      "航班代码": "MF1251",
      "价格": "650"
    },
    {
      "出发地": "三亚",
      "目的地": "北京",
      "航班类型": "国内航班",
      "航班日期": "2026-01-27",
      "航班代码": "MF1255",
      "价格": "690"
    },
    {
      "出发地": "三亚",
      "目的地": "北京",
      "航班类型": "国内航班",
      "航班日期": "2026-01-28",
      "航班代码": "MF1249",
      "价格": "690"
    },
    {
      "出发地": "三亚",
      "目的地": "北京",
      "航班类型": "国内航班",
      "航班日期": "2026-01-29",
      "航班代码": "3U2053",
      "价格": "800"
    },
    {
      "出发地": "三亚",
      "目的地": "北京",
      "航班类型": "国内航班",
      "航班日期": "2026-01-30",
      "航班代码": "MF1249",
      "价格": "880"
    },
    {
      "出发地": "三亚",
      "目的地": "北京",
      "航班类型": "国内航班",
      "航班日期": "2026-01-31",
      "航班代码": "HU7321/MU5185",
      "价格": "929"
    },
    {
      "出发地": "三亚",
      "目的地": "北京",
      "航班类型": "国内航班",
      "航班日期": "2026-02-01",
      "航班代码": "HU7480",
      "价格": "1000"
    },
    {
      "出发地": "三亚",
      "目的地": "北京",
      "航班类型": "国内航班",
      "航班日期": "2026-02-02",
      "航班代码": "JD5578",
      "价格": "880"
    },
    {
      "出发地": "三亚",
      "目的地": "北京",
      "航班类型": "国内航班",
      "航班日期": "2026-02-03",
      "航班代码": "JD5578",
      "价格": "880"
    },
    {
      "出发地": "三亚",
      "目的地": "北京",
      "航班类型": "国内航班",
      "航班日期": "2026-02-04",
      "航班代码": "MF1251",
      "价格": "890"
    },
    {
      "出发地": "三亚",
      "目的地": "北京",
      "航班类型": "国内航班",
      "航班日期": "2026-02-05",
      "航班代码": "JD5578",
      "价格": "880"
    },
    {
      "出发地": "三亚",
      "目的地": "北京",
      "航班类型": "国内航班",
      "航班日期": "2026-02-06",
      "航班代码": "MF1251",
      "价格": "890"
    },
    {
      "出发地": "三亚",
      "目的地": "北京",
      "航班类型": "国内航班",
      "航班日期": "2026-02-07",
      "航班代码": "ZH1320",
      "价格": "900"
    },
    {
      "出发地": "三亚",
      "目的地": "北京",
      "航班类型": "国内航班",
      "航班日期": "2026-02-08",
      "航班代码": "MF1251",
      "价格": "890"
    },
    {
      "出发地": "三亚",
      "目的地": "北京",
      "航班类型": "国内航班",
      "航班日期": "2026-02-09",
      "航班代码": "KN5896",
      "价格": "1330"
    },
    {
      "出发地": "三亚",
      "目的地": "北京",
      "航班类型": "国内航班",
      "航班日期": "2026-02-10",
      "航班代码": "CZ5654",
      "价格": "1100"
    },
    {
      "出发地": "三亚",
      "目的地": "北京",
      "航班类型": "国内航班",
      "航班日期": "2026-02-11",
      "航班代码": "ZH1378",
      "价格": "900"
    },
    {
      "出发地": "三亚",
      "目的地": "北京",
      "航班类型": "国内航班",
      "航班日期": "2026-02-12",
      "航班代码": "ZH1346",
      "价格": "750"
    },
    {
      "出发地": "三亚",
      "目的地": "北京",
      "航班类型": "国内航班",
      "航班日期": "2026-02-13",
      "航班代码": "MF8394",
      "价格": "1290"
    },
    {
      "出发地": "三亚",
      "目的地": "北京",
      "航班类型": "国内航班",
      "航班日期": "2026-02-14",
      "航班代码": "ZH1378",
      "价格": "900"
    },
    {
      "出发地": "三亚",
      "目的地": "北京",
      "航班类型": "国内航班",
      "航班日期": "2026-02-15",
      "航班代码": "ZH1346",
      "价格": "750"
    },
    {
      "出发地": "三亚",
      "目的地": "北京",
      "航班类型": "国内航班",
      "航班日期": "2026-02-16",
      "航班代码": "HU7480",
      "价格": "717"
    },
    {
      "出发地": "三亚",
      "目的地": "北京",
      "航班类型": "国内航班",
      "航班日期": "2026-02-17",
      "航班代码": "ZH1346",
      "价格": "750"
    },
    {
      "出发地": "三亚",
      "目的地": "北京",
      "航班类型": "国内航班",
      "航班日期": "2026-02-18",
      "航班代码": "MF1251",
      "价格": "1100"
    },
    {
      "出发地": "三亚",
      "目的地": "北京",
      "航班类型": "国内航班",
      "航班日期": "2026-02-19",
      "航班代码": "ZH1346",
      "价格": "1330"
    },
    {
      "出发地": "三亚",
      "目的地": "北京",
      "航班类型": "国内航班",
      "航班日期": "2026-02-20",
      "航班代码": "MF1251",
      "价格": "1860"
    },
    {
      "出发地": "三亚",
      "目的地": "北京",
      "航班类型": "国内航班",
      "航班日期": "2026-02-21",
      "航班代码": "CZ5854/DZ6209",
      "价格": "2269"
    },
    {
      "出发地": "三亚",
      "目的地": "北京",
      "航班类型": "国内航班",
      "航班日期": "2026-02-22",
      "航班代码": "ZH9322/DZ6209",
      "价格": "2516"
    },
    {
      "出发地": "三亚",
      "目的地": "北京",
      "航班类型": "国内航班",
      "航班日期": "2026-02-23",
      "航班代码": "ZH9322/DZ6209",
      "价格": "2397"
    },
    {
      "出发地": "三亚",
      "目的地": "北京",
      "航班类型": "国内航班",
      "航班日期": "2026-02-24",
      "航班代码": "CZ6498/DZ6209",
      "价格": "2277"
    },
    {
      "出发地": "三亚",
      "目的地": "北京",
      "航班类型": "国内航班",
      "航班日期": "2026-02-25",
      "航班代码": "ZH9322/MU6674",
      "价格": "2066"
    },
    {
      "出发地": "三亚",
      "目的地": "北京",
      "航班类型": "国内航班",
      "航班日期": "2026-02-26",
      "航班代码": "CZ6498/DZ6209",
      "价格": "2016"
    },
    {
      "出发地": "三亚",
      "目的地": "北京",
      "航班类型": "国内航班",
      "航班日期": "2026-02-27",
      "航班代码": "ZH9324/DZ6209",
      "价格": "2018"
    },
    {
      "出发地": "三亚",
      "目的地": "北京",
      "航班类型": "国内航班",
      "航班日期": "2026-02-28",
      "航班代码": "CZ5854/DZ6209",
      "价格": "2017"
    },
    {
      "出发地": "三亚",
      "目的地": "北京",
      "航班类型": "国内航班",
      "航班日期": "2026-03-01",
      "航班代码": "CZ6704/MU2662",
      "价格": "1860"
    },
    {
      "出发地": "三亚",
      "目的地": "北京",
      "航班类型": "国内航班",
      "航班日期": "2026-03-03",
      "航班代码": "CZ6704/MU2662",
      "价格": "1592"
    },
    {
      "出发地": "三亚",
      "目的地": "北京",
      "航班类型": "国内航班",
      "航班日期": "2026-03-04",
      "航班代码": "MU2140/CZ8822",
      "价格": "1535"
    },
    {
      "出发地": "三亚",
      "目的地": "北京",
      "航班类型": "国内航班",
      "航班日期": "2026-03-05",
      "航班代码": "GJ3450/A67777",
      "价格": "1499"
    },
    {
      "出发地": "三亚",
      "目的地": "北京",
      "航班类型": "国内航班",
      "航班日期": "2026-03-06",
      "航班代码": "TV9806/KN5160",
      "价格": "1547"
    },
    {
      "出发地": "三亚",
      "目的地": "北京",
      "航班类型": "国内航班",
      "航班日期": "2026-03-08",
      "航班代码": "9C8802/CZ8890",
      "价格": "1258"
    },
    {
      "出发地": "三亚",
      "目的地": "北京",
      "航班类型": "国内航班",
      "航班日期": "2026-03-09",
      "航班代码": "9C8802/CZ8888",
      "价格": "1257"
    },
    {
      "出发地": "三亚",
      "目的地": "北京",
      "航班类型": "国内航班",
      "航班日期": "2026-03-11",
      "航班代码": "CZ6244/KN5310",
      "价格": "1224"
    },
    {
      "出发地": "三亚",
      "目的地": "北京",
      "航班类型": "国内航班",
      "航班日期": "2026-03-15",
      "航班代码": "KN5896",
      "价格": "1110"
    },
    {
      "出发地": "三亚",
      "目的地": "北京",
      "航班类型": "国内航班",
      "航班日期": "2026-03-16",
      "航班代码": "JD5578",
      "价格": "1100"
    }
  ]
}