{
  "查询条件": {
    "出发地": "三亚",
    "目的地": "武汉"
  },
  "航班数量": 43,
  "航班列表": [
    {
      "出发地": "三亚",
      "目的地": "武汉",
      "航班类型": "国内航班",
      "航班日期": "2025-12-16",
      "航班代码": "MU2528",
      "价格": "350"
    },
    {
      "出发地": "三亚",
      "目的地": "武汉",
      "航班类型": "国内航班",
      "航班日期": "2025-12-17",
      "航班代码": "MF8776/MF8745",
      "价格": "320"
    },
    {
      "出发地": "三亚",
      "目的地": "武汉",
      "航班类型": "国内航班",
      "航班日期": "2025-12-18",
      "航班代码": "MU2528",
      "价格": "350"
    },
    {
      "出发地": "三亚",
      "目的地": "武汉",
      "航班类型": "国内航班",
      "航班日期": "2025-12-19",
      "航班代码": "MU5376/MU2510",
      "价格": "390"
    },
    {
      "出发地": "三亚",
      "目的地": "武汉",
      "航班类型": "国内航班",
      "航班日期": "2025-12-20",
      "航班代码": "MU8556/MU2504",
      "价格": "400"
    },
    {
      "出发地": "三亚",
      "目的地": "武汉",
      "航班类型": "国内航班",
      "航班日期": "2025-12-21",
      "航班代码": "9C8802/MU2504",
      "价格": "526"
    },
    {
      "出发地": "三亚",
      "目的地": "武汉",
      "航班类型": "国内航班",
      "航班日期": "2025-12-22",
      "航班代码": "MU5398/MU2524",
      "价格": "394"
    },
    {
      "出发地": "三亚",
      "目的地": "武汉",
      "航班类型": "国内航班",
      "航班日期": "2025-12-23",
      "航班代码": "MU5398/MU2524",
      "价格": "390"
    },
    {
      "出发地": "三亚",
      "目的地": "武汉",
      "航班类型": "国内航班",
      "航班日期": "2025-12-24",
      "航班代码": "MU5398/MU2524",
      "价格": "365"
    },
    {
      "出发地": "三亚",
      "目的地": "武汉",
      "航班类型": "国内航班",
      "航班日期": "2025-12-25",
      "航班代码": "MU5398/MU2524",
      "价格": "365"
    },
    {
      "出发地": "三亚",
      "目的地": "武汉",
      "航班类型": "国内航班",
      "航班日期": "2025-12-26",
      "航班代码": "MU5398/MU2524",
      "价格": "390"
    },
    {
      "出发地": "三亚",
      "目的地": "武汉",
      "航班类型": "国内航班",
      "航班日期": "2025-12-27",
      "航班代码": "CA2684/CA2619",
      "价格": "495"
    },
    {
      "出发地": "三亚",
      "目的地": "武汉",
      "航班类型": "国内航班",
      "航班日期": "2025-12-28",
      "航班代码": "MU5772/MU5885",
      "价格": "719"
    },
    {
      "出发地": "三亚",
      "目的地": "武汉",
      "航班类型": "国内航班",
      "航班日期": "2025-12-29",
      "航班代码": "MU5772/MU5885",
      "价格": "688"
    },
    {
      "出发地": "三亚",
      "目的地": "武汉",
      "航班类型": "国内航班",
      "航班日期": "2025-12-30",
      "航班代码": "MU5772/MU5885",
      "价格": "520"
    },
    {
      "出发地": "三亚",
      "目的地": "武汉",
      "航班类型": "国内航班",
      "航班日期": "2025-12-31",
      "航班代码": "3U8062/3U8155",
      "价格": "499"
    },
    {
      "出发地": "三亚",
      "目的地": "武汉",
      "航班类型": "国内航班",
      "航班日期": "2026-01-01",
      "航班代码": "HU7663",
      "价格": "750"
    },
    {
      "出发地": "三亚",
      "目的地": "武汉",
      "航班类型": "国内航班",
      "航班日期": "2026-01-02",
      "航班代码": "HU7663",
      "价格": "490"
    },
    {
      "出发地": "三亚",
      "目的地": "武汉",
      "航班类型": "国内航班",
      "航班日期": "2026-01-12",
      "航班代码": "FM9536/MU2504",
      "价格": "518"
    },
    {
      "出发地": "三亚",
      "目的地": "武汉",
      "航班类型": "国内航班",
      "航班日期": "2026-01-15",
      "航班代码": "MU5772/MU5885",
      "价格": "520"
    },
    {
      "出发地": "三亚",
      "目的地": "武汉",
      "航班类型": "国内航班",
      "航班日期": "2026-01-18",
      "航班代码": "MU5772/MU5885",
      "价格": "538"
    },
    {
      "出发地": "三亚",
      "目的地": "武汉",
      "航班类型": "国内航班",
      "航班日期": "2026-02-01",
      "航班代码": "CA4388/MU2540",
      "价格": "1135"
    },
    {
      "出发地": "三亚",
      "目的地": "武汉",
      "航班类型": "国内航班",
      "航班日期": "2026-02-02",
      "航班代码": "CA4388/MU2540",
      "价格": "1109"
    },
    {
      "出发地": "三亚",
      "目的地": "武汉",
      "航班类型": "国内航班",
      "航班日期": "2026-02-03",
      "航班代码": "CZ6513",
      "价格": "920"
    },
    {
      "出发地": "三亚",
      "目的地": "武汉",
      "航班类型": "国内航班",
      "航班日期": "2026-02-04",
      "航班代码": "CA4388/MU2540",
      "价格": "1135"
    },
    {
      "出发地": "三亚",
      "目的地": "武汉",
      "航班类型": "国内航班",
      "航班日期": "2026-02-06",
      "航班代码": "CA4388/MU2540",
      "价格": "1109"
    },
    {
      "出发地": "三亚",
      "目的地": "武汉",
      "航班类型": "国内航班",
      "航班日期": "2026-02-07",
      "航班代码": "GY7106/CZ6212",
      "价格": "1138"
    },
    {
      "出发地": "三亚",
      "目的地": "武汉",
      "航班类型": "国内航班",
      "航班日期": "2026-02-10",
      "航班代码": "CZ6513",
      "价格": "1250"
    },
    {
      "出发地": "三亚",
      "目的地": "武汉",
      "航班类型": "国内航班",
      "航班日期": "2026-02-11",
      "航班代码": "GY7106/CA8244",
      "价格": "1730"
    },
    {
      "出发地": "三亚",
      "目的地": "武汉",
      "航班类型": "国内航班",
      "航班日期": "2026-02-13",
      "航班代码": "CZ6513",
      "价格": "1370"
    },
    {
      "出发地": "三亚",
      "目的地": "武汉",
      "航班类型": "国内航班",
      "航班日期": "2026-02-14",
      "航班代码": "CZ6513",
      "价格": "1370"
    },
    {
      "出发地": "三亚",
      "目的地": "武汉",
      "航班类型": "国内航班",
      "航班日期": "2026-02-15",
      "航班代码": "MU2528",
      "价格": "1850"
    },
    {
      "出发地": "三亚",
      "目的地": "武汉",
      "航班类型": "国内航班",
      "航班日期": "2026-02-16",
      "航班代码": "CZ6359",
      "价格": "830"
    },
    {
      "出发地": "三亚",
      "目的地": "武汉",
      "航班类型": "国内航班",
      "航班日期": "2026-02-17",
      "航班代码": "CZ6513",
      "价格": "610"
    },
    {
      "出发地": "三亚",
      "目的地": "武汉",
      "航班类型": "国内航班",
      "航班日期": "2026-02-18",
      "航班代码": "CZ6359",
      "价格": "1030"
    },
    {
      "出发地": "三亚",
      "目的地": "武汉",
      "航班类型": "国内航班",
      "航班日期": "2026-02-19",
      "航班代码": "9C8802/MU2504",
      "价格": "1730"
    },
    {
      "出发地": "三亚",
      "目的地": "武汉",
      "航班类型": "国内航班",
      "航班日期": "2026-02-20",
      "航班代码": "CZ6498/9C6785",
      "价格": "1660"
    },
    {
      "出发地": "三亚",
      "目的地": "武汉",
      "航班类型": "国内航班",
      "航班日期": "2026-02-21",
      "航班代码": "MU2528",
      "价格": "1850"
    },
    {
      "出发地": "三亚",
      "目的地": "武汉",
      "航班类型": "国内航班",
      "航班日期": "2026-02-22",
      "航班代码": "MU2528",
      "价格": "1850"
    },
    {
      "出发地": "三亚",
      "目的地": "武汉",
      "航班类型": "国内航班",
      "航班日期": "2026-02-23",
      "航班代码": "ZH9326/9C6785",
      "价格": "1646"
    },
    {
      "出发地": "三亚",
      "目的地": "武汉",
      "航班类型": "国内航班",
      "航班日期": "2026-02-24",
      "航班代码": "ZH9326/9C6785",
      "价格": "1548"
    },
    {
      "出发地": "三亚",
      "目的地": "武汉",
      "航班类型": "国内航班",
      "航班日期": "2026-02-27",
      "航班代码": "CZ3446/MU2590",
      "价格": "1469"
    },
    {
      "出发地": "三亚",
      "目的地": "武汉",
      "航班类型": "国内航班",
      "航班日期": "2026-02-28",
      "航班代码": "CZ6498/9C6785",
      "价格": "1549"
    }
  ]
}