{
  "查询条件": {
    "出发地": "三亚",
    "目的地": "天津"
  },
  "航班数量": 50,
  "航班列表": [
    {
      "出发地": "三亚",
      "目的地": "天津",
      "航班类型": "国内航班",
      "航班日期": "2025-12-16",
      "航班代码": "MU5398/MU5227",
      "价格": "400"
    },
    {
      "出发地": "三亚",
      "目的地": "天津",
      "航班类型": "国内航班",
      "航班日期": "2025-12-17",
      "航班代码": "MU5398/MU5227",
      "价格": "390"
    },
    {
      "出发地": "三亚",
      "目的地": "天津",
      "航班类型": "国内航班",
      "航班日期": "2025-12-18",
      "航班代码": "GS7872",
      "价格": "350"
    },
    {
      "出发地": "三亚",
      "目的地": "天津",
      "航班类型": "国内航班",
      "航班日期": "2025-12-19",
      "航班代码": "MU5376/MU5141",
      "价格": "390"
    },
    {
      "出发地": "三亚",
      "目的地": "天津",
      "航班类型": "国内航班",
      "航班日期": "2025-12-20",
      "航班代码": "MU5398/MU5227",
      "价格": "396"
    },
    {
      "出发地": "三亚",
      "目的地": "天津",
      "航班类型": "国内航班",
      "航班日期": "2025-12-21",
      "航班代码": "KN5220/KN5051",
      "价格": "499"
    },
    {
      "出发地": "三亚",
      "目的地": "天津",
      "航班类型": "国内航班",
      "航班日期": "2025-12-22",
      "航班代码": "MU5376/MU5145",
      "价格": "390"
    },
    {
      "出发地": "三亚",
      "目的地": "天津",
      "航班类型": "国内航班",
      "航班日期": "2025-12-23",
      "航班代码": "MU5398/MU5227",
      "价格": "394"
    },
    {
      "出发地": "三亚",
      "目的地": "天津",
      "航班类型": "国内航班",
      "航班日期": "2025-12-24",
      "航班代码": "MU8556/MU8333",
      "价格": "400"
    },
    {
      "出发地": "三亚",
      "目的地": "天津",
      "航班类型": "国内航班",
      "航班日期": "2025-12-25",
      "航班代码": "MU5398/MU8571",
      "价格": "400"
    },
    {
      "出发地": "三亚",
      "目的地": "天津",
      "航班类型": "国内航班",
      "航班日期": "2025-12-26",
      "航班代码": "MU5398/MU8333",
      "价格": "400"
    },
    {
      "出发地": "三亚",
      "目的地": "天津",
      "航班类型": "国内航班",
      "航班日期": "2025-12-27",
      "航班代码": "CA2684/CA4045",
      "价格": "550"
    },
    {
      "出发地": "三亚",
      "目的地": "天津",
      "航班类型": "国内航班",
      "航班日期": "2025-12-28",
      "航班代码": "GS7546/GS7645",
      "价格": "690"
    },
    {
      "出发地": "三亚",
      "目的地": "天津",
      "航班类型": "国内航班",
      "航班日期": "2025-12-29",
      "航班代码": "GS7546/GS7645",
      "价格": "780"
    },
    {
      "出发地": "三亚",
      "目的地": "天津",
      "航班类型": "国内航班",
      "航班日期": "2025-12-30",
      "航班代码": "CA2684/CA4045",
      "价格": "549"
    },
    {
      "出发地": "三亚",
      "目的地": "天津",
      "航班类型": "国内航班",
      "航班日期": "2025-12-31",
      "航班代码": "CA2684/CA4045",
      "价格": "549"
    },
    {
      "出发地": "三亚",
      "目的地": "天津",
      "航班类型": "国内航班",
      "航班日期": "2026-01-01",
      "航班代码": "JD5079/GS7930",
      "价格": "470"
    },
    {
      "出发地": "三亚",
      "目的地": "天津",
      "航班类型": "国内航班",
      "航班日期": "2026-01-02",
      "航班代码": "MU5772/MU8328",
      "价格": "680"
    },
    {
      "出发地": "三亚",
      "目的地": "天津",
      "航班类型": "国内航班",
      "航班日期": "2026-01-03",
      "航班代码": "MU5772/MU8328",
      "价格": "670"
    },
    {
      "出发地": "三亚",
      "目的地": "天津",
      "航班类型": "国内航班",
      "航班日期": "2026-01-04",
      "航班代码": "ZH9322/ZH9125",
      "价格": "650"
    },
    {
      "出发地": "三亚",
      "目的地": "天津",
      "航班类型": "国内航班",
      "航班日期": "2026-01-08",
      "航班代码": "CA4388/CA2862",
      "价格": "499"
    },
    {
      "出发地": "三亚",
      "目的地": "天津",
      "航班类型": "国内航班",
      "航班日期": "2026-01-09",
      "航班代码": "FM9536/FM9111",
      "价格": "575"
    },
    {
      "出发地": "三亚",
      "目的地": "天津",
      "航班类型": "国内航班",
      "航班日期": "2026-01-15",
      "航班代码": "ZH9322/ZH9125",
      "价格": "650"
    },
    {
      "出发地": "三亚",
      "目的地": "天津",
      "航班类型": "国内航班",
      "航班日期": "2026-01-16",
      "航班代码": "FM9536/FM9111",
      "价格": "598"
    },
    {
      "出发地": "三亚",
      "目的地": "天津",
      "航班类型": "国内航班",
      "航班日期": "2026-01-17",
      "航班代码": "CA4388/CA2862",
      "价格": "499"
    },
    {
      "出发地": "三亚",
      "目的地": "天津",
      "航班类型": "国内航班",
      "航班日期": "2026-01-18",
      "航班代码": "MU2528/MU2483",
      "价格": "530"
    },
    {
      "出发地": "三亚",
      "目的地": "天津",
      "航班类型": "国内航班",
      "航班日期": "2026-01-23",
      "航班代码": "ZH9724/ZH4233",
      "价格": "650"
    },
    {
      "出发地": "三亚",
      "目的地": "天津",
      "航班类型": "国内航班",
      "航班日期": "2026-01-24",
      "航班代码": "HO2348/CA2824",
      "价格": "668"
    },
    {
      "出发地": "三亚",
      "目的地": "天津",
      "航班类型": "国内航班",
      "航班日期": "2026-01-27",
      "航班代码": "GT1102/GT1139",
      "价格": "815"
    },
    {
      "出发地": "三亚",
      "目的地": "天津",
      "航班类型": "国内航班",
      "航班日期": "2026-01-28",
      "航班代码": "FM9536/FM9111",
      "价格": "715"
    },
    {
      "出发地": "三亚",
      "目的地": "天津",
      "航班类型": "国内航班",
      "航班日期": "2026-02-01",
      "航班代码": "9C6468/9C8519",
      "价格": "1276"
    },
    {
      "出发地": "三亚",
      "目的地": "天津",
      "航班类型": "国内航班",
      "航班日期": "2026-02-04",
      "航班代码": "GJ8256/MF8229",
      "价格": "1177"
    },
    {
      "出发地": "三亚",
      "目的地": "天津",
      "航班类型": "国内航班",
      "航班日期": "2026-02-06",
      "航班代码": "9C8883",
      "价格": "1320"
    },
    {
      "出发地": "三亚",
      "目的地": "天津",
      "航班类型": "国内航班",
      "航班日期": "2026-02-07",
      "航班代码": "9C8883",
      "价格": "1380"
    },
    {
      "出发地": "三亚",
      "目的地": "天津",
      "航班类型": "国内航班",
      "航班日期": "2026-02-08",
      "航班代码": "9C8883",
      "价格": "1320"
    },
    {
      "出发地": "三亚",
      "目的地": "天津",
      "航班类型": "国内航班",
      "航班日期": "2026-02-13",
      "航班代码": "9C8883",
      "价格": "1320"
    },
    {
      "出发地": "三亚",
      "目的地": "天津",
      "航班类型": "国内航班",
      "航班日期": "2026-02-14",
      "航班代码": "HU5019",
      "价格": "1310"
    },
    {
      "出发地": "三亚",
      "目的地": "天津",
      "航班类型": "国内航班",
      "航班日期": "2026-02-16",
      "航班代码": "9C8883",
      "价格": "1060"
    },
    {
      "出发地": "三亚",
      "目的地": "天津",
      "航班类型": "国内航班",
      "航班日期": "2026-02-17",
      "航班代码": "9C8883",
      "价格": "1220"
    },
    {
      "出发地": "三亚",
      "目的地": "天津",
      "航班类型": "国内航班",
      "航班日期": "2026-02-18",
      "航班代码": "TV9806/CA2958",
      "价格": "1634"
    },
    {
      "出发地": "三亚",
      "目的地": "天津",
      "航班类型": "国内航班",
      "航班日期": "2026-02-19",
      "航班代码": "GJ3450/G54552",
      "价格": "1639"
    },
    {
      "出发地": "三亚",
      "目的地": "天津",
      "航班类型": "国内航班",
      "航班日期": "2026-02-23",
      "航班代码": "ZH9322/GS7910",
      "价格": "2377"
    },
    {
      "出发地": "三亚",
      "目的地": "天津",
      "航班类型": "国内航班",
      "航班日期": "2026-02-24",
      "航班代码": "9C8883",
      "价格": "2590"
    },
    {
      "出发地": "三亚",
      "目的地": "天津",
      "航班类型": "国内航班",
      "航班日期": "2026-02-25",
      "航班代码": "9C8883",
      "价格": "2590"
    },
    {
      "出发地": "三亚",
      "目的地": "天津",
      "航班类型": "国内航班",
      "航班日期": "2026-02-26",
      "航班代码": "CZ6704/GS7876",
      "价格": "2118"
    },
    {
      "出发地": "三亚",
      "目的地": "天津",
      "航班类型": "国内航班",
      "航班日期": "2026-02-27",
      "航班代码": "3U3225/G54552",
      "价格": "2106"
    },
    {
      "出发地": "三亚",
      "目的地": "天津",
      "航班类型": "国内航班",
      "航班日期": "2026-02-28",
      "航班代码": "GT1102/GT1139",
      "价格": "1869"
    },
    {
      "出发地": "三亚",
      "目的地": "天津",
      "航班类型": "国内航班",
      "航班日期": "2026-03-01",
      "航班代码": "DZ6300/G54552",
      "价格": "2037"
    },
    {
      "出发地": "三亚",
      "目的地": "天津",
      "航班类型": "国内航班",
      "航班日期": "2026-03-21",
      "航班代码": "3U3229/GS7930",
      "价格": "1027"
    },
    {
      "出发地": "三亚",
      "目的地": "天津",
      "航班类型": "国内航班",
      "航班日期": "2026-03-23",
      "航班代码": "HU7309/JD5185",
      "价格": "1260"
    }
  ]
}