{
  "查询条件": {
    "出发地": "三亚",
    "目的地": "大连"
  },
  "航班数量": 35,
  "航班列表": [
    {
      "出发地": "三亚",
      "目的地": "大连",
      "航班类型": "国内航班",
      "航班日期": "2025-12-16",
      "航班代码": "MU5398/FM9093",
      "价格": "365"
    },
    {
      "出发地": "三亚",
      "目的地": "大连",
      "航班类型": "国内航班",
      "航班日期": "2025-12-17",
      "航班代码": "MF8776/MF8085",
      "价格": "370"
    },
    {
      "出发地": "三亚",
      "目的地": "大连",
      "航班类型": "国内航班",
      "航班日期": "2025-12-18",
      "航班代码": "G569S0F",
      "价格": "380"
    },
    {
      "出发地": "三亚",
      "目的地": "大连",
      "航班类型": "国内航班",
      "航班日期": "2025-12-20",
      "航班代码": "CA1370/CA8902",
      "价格": "500"
    },
    {
      "出发地": "三亚",
      "目的地": "大连",
      "航班类型": "国内航班",
      "航班日期": "2025-12-22",
      "航班代码": "CA1370/CA8902",
      "价格": "500"
    },
    {
      "出发地": "三亚",
      "目的地": "大连",
      "航班类型": "国内航班",
      "航班日期": "2025-12-23",
      "航班代码": "MU5398/FM9093",
      "价格": "394"
    },
    {
      "出发地": "三亚",
      "目的地": "大连",
      "航班类型": "国内航班",
      "航班日期": "2025-12-24",
      "航班代码": "CA1388/CA8908",
      "价格": "500"
    },
    {
      "出发地": "三亚",
      "目的地": "大连",
      "航班类型": "国内航班",
      "航班日期": "2025-12-25",
      "航班代码": "MU5398/MU5621",
      "价格": "365"
    },
    {
      "出发地": "三亚",
      "目的地": "大连",
      "航班类型": "国内航班",
      "航班日期": "2025-12-26",
      "航班代码": "MU5398/MU5621",
      "价格": "435"
    },
    {
      "出发地": "三亚",
      "目的地": "大连",
      "航班类型": "国内航班",
      "航班日期": "2025-12-27",
      "航班代码": "MU2140/MU2297",
      "价格": "550"
    },
    {
      "出发地": "三亚",
      "目的地": "大连",
      "航班类型": "国内航班",
      "航班日期": "2025-12-28",
      "航班代码": "CA1354/CA953",
      "价格": "466"
    },
    {
      "出发地": "三亚",
      "目的地": "大连",
      "航班类型": "国内航班",
      "航班日期": "2025-12-29",
      "航班代码": "CA1378/CA153",
      "价格": "500"
    },
    {
      "出发地": "三亚",
      "目的地": "大连",
      "航班类型": "国内航班",
      "航班日期": "2025-12-30",
      "航班代码": "CA1346/CA953",
      "价格": "449"
    },
    {
      "出发地": "三亚",
      "目的地": "大连",
      "航班类型": "国内航班",
      "航班日期": "2025-12-31",
      "航班代码": "CA1346/CA8902",
      "价格": "449"
    },
    {
      "出发地": "三亚",
      "目的地": "大连",
      "航班类型": "国内航班",
      "航班日期": "2026-01-01",
      "航班代码": "CA4036/CA8972",
      "价格": "599"
    },
    {
      "出发地": "三亚",
      "目的地": "大连",
      "航班类型": "国内航班",
      "航班日期": "2026-01-02",
      "航班代码": "CA1388/CA8908",
      "价格": "599"
    },
    {
      "出发地": "三亚",
      "目的地": "大连",
      "航班类型": "国内航班",
      "航班日期": "2026-01-03",
      "航班代码": "G589D6B",
      "价格": "820"
    },
    {
      "出发地": "三亚",
      "目的地": "大连",
      "航班类型": "国内航班",
      "航班日期": "2026-01-04",
      "航班代码": "ZH9322/ZH8893",
      "价格": "900"
    },
    {
      "出发地": "三亚",
      "目的地": "大连",
      "航班类型": "国内航班",
      "航班日期": "2026-01-05",
      "航班代码": "MU9792/MU2777",
      "价格": "460"
    },
    {
      "出发地": "三亚",
      "目的地": "大连",
      "航班类型": "国内航班",
      "航班日期": "2026-01-10",
      "航班代码": "9C8780/9C8843",
      "价格": "536"
    },
    {
      "出发地": "三亚",
      "目的地": "大连",
      "航班类型": "国内航班",
      "航班日期": "2026-01-13",
      "航班代码": "FM9536/MU5695",
      "价格": "660"
    },
    {
      "出发地": "三亚",
      "目的地": "大连",
      "航班类型": "国内航班",
      "航班日期": "2026-01-14",
      "航班代码": "MU5398/FM9243",
      "价格": "502"
    },
    {
      "出发地": "三亚",
      "目的地": "大连",
      "航班类型": "国内航班",
      "航班日期": "2026-01-15",
      "航班代码": "MU2140/MU2369",
      "价格": "740"
    },
    {
      "出发地": "三亚",
      "目的地": "大连",
      "航班类型": "国内航班",
      "航班日期": "2026-01-17",
      "航班代码": "HO2348/9C8843",
      "价格": "631"
    },
    {
      "出发地": "三亚",
      "目的地": "大连",
      "航班类型": "国内航班",
      "航班日期": "2026-01-18",
      "航班代码": "FM9536/MU5667",
      "价格": "691"
    },
    {
      "出发地": "三亚",
      "目的地": "大连",
      "航班类型": "国内航班",
      "航班日期": "2026-01-20",
      "航班代码": "FM9536/MU5667",
      "价格": "723"
    },
    {
      "出发地": "三亚",
      "目的地": "大连",
      "航班类型": "国内航班",
      "航班日期": "2026-01-22",
      "航班代码": "MU5772/MU9770",
      "价格": "770"
    },
    {
      "出发地": "三亚",
      "目的地": "大连",
      "航班类型": "国内航班",
      "航班日期": "2026-01-29",
      "航班代码": "CA1378/CA1617",
      "价格": "399"
    },
    {
      "出发地": "三亚",
      "目的地": "大连",
      "航班类型": "国内航班",
      "航班日期": "2026-01-30",
      "航班代码": "CZ6667/HO1720",
      "价格": "1032"
    },
    {
      "出发地": "三亚",
      "目的地": "大连",
      "航班类型": "国内航班",
      "航班日期": "2026-01-31",
      "航班代码": "9C8802/9C8843",
      "价格": "1016"
    },
    {
      "出发地": "三亚",
      "目的地": "大连",
      "航班类型": "国内航班",
      "航班日期": "2026-02-04",
      "航班代码": "CZ6900",
      "价格": "1210"
    },
    {
      "出发地": "三亚",
      "目的地": "大连",
      "航班类型": "国内航班",
      "航班日期": "2026-02-06",
      "航班代码": "CZ6900",
      "价格": "1210"
    },
    {
      "出发地": "三亚",
      "目的地": "大连",
      "航班类型": "国内航班",
      "航班日期": "2026-02-08",
      "航班代码": "CZ6713/CA1617",
      "价格": "1290"
    },
    {
      "出发地": "三亚",
      "目的地": "大连",
      "航班类型": "国内航班",
      "航班日期": "2026-02-25",
      "航班代码": "ZH9322/9C6595",
      "价格": "1778"
    },
    {
      "出发地": "三亚",
      "目的地": "大连",
      "航班类型": "国内航班",
      "航班日期": "2026-03-01",
      "航班代码": "CZ6498/9C6595",
      "价格": "1646"
    }
  ]
}