{
  "查询条件": {
    "出发地": "三亚",
    "目的地": "哈尔滨"
  },
  "航班数量": 81,
  "航班列表": [
    {
      "出发地": "三亚",
      "目的地": "哈尔滨",
      "航班类型": "国内航班",
      "航班日期": "2025-12-16",
      "航班代码": "CZ6713/CZ6204",
      "价格": "565"
    },
    {
      "出发地": "三亚",
      "目的地": "哈尔滨",
      "航班类型": "国内航班",
      "航班日期": "2025-12-17",
      "航班代码": "MU5380/MU5619",
      "价格": "562"
    },
    {
      "出发地": "三亚",
      "目的地": "哈尔滨",
      "航班类型": "国内航班",
      "航班日期": "2025-12-18",
      "航班代码": "CA1346/CA1621",
      "价格": "495"
    },
    {
      "出发地": "三亚",
      "目的地": "哈尔滨",
      "航班类型": "国内航班",
      "航班日期": "2025-12-19",
      "航班代码": "PN6231",
      "价格": "700"
    },
    {
      "出发地": "三亚",
      "目的地": "哈尔滨",
      "航班类型": "国内航班",
      "航班日期": "2025-12-20",
      "航班代码": "FU6662",
      "价格": "570"
    },
    {
      "出发地": "三亚",
      "目的地": "哈尔滨",
      "航班类型": "国内航班",
      "航班日期": "2025-12-21",
      "航班代码": "FU6588",
      "价格": "570"
    },
    {
      "出发地": "三亚",
      "目的地": "哈尔滨",
      "航班类型": "国内航班",
      "航班日期": "2025-12-22",
      "航班代码": "CA1346/CA1641",
      "价格": "495"
    },
    {
      "出发地": "三亚",
      "目的地": "哈尔滨",
      "航班类型": "国内航班",
      "航班日期": "2025-12-23",
      "航班代码": "MF7755",
      "价格": "640"
    },
    {
      "出发地": "三亚",
      "目的地": "哈尔滨",
      "航班类型": "国内航班",
      "航班日期": "2025-12-24",
      "航班代码": "FU6588",
      "价格": "600"
    },
    {
      "出发地": "三亚",
      "目的地": "哈尔滨",
      "航班类型": "国内航班",
      "航班日期": "2025-12-25",
      "航班代码": "FU6662",
      "价格": "600"
    },
    {
      "出发地": "三亚",
      "目的地": "哈尔滨",
      "航班类型": "国内航班",
      "航班日期": "2025-12-26",
      "航班代码": "HO2010",
      "价格": "800"
    },
    {
      "出发地": "三亚",
      "目的地": "哈尔滨",
      "航班类型": "国内航班",
      "航班日期": "2025-12-27",
      "航班代码": "MU2728/MU2719",
      "价格": "670"
    },
    {
      "出发地": "三亚",
      "目的地": "哈尔滨",
      "航班类型": "国内航班",
      "航班日期": "2025-12-28",
      "航班代码": "FU6588",
      "价格": "880"
    },
    {
      "出发地": "三亚",
      "目的地": "哈尔滨",
      "航班类型": "国内航班",
      "航班日期": "2025-12-29",
      "航班代码": "MF4982",
      "价格": "900"
    },
    {
      "出发地": "三亚",
      "目的地": "哈尔滨",
      "航班类型": "国内航班",
      "航班日期": "2025-12-30",
      "航班代码": "FU6662",
      "价格": "900"
    },
    {
      "出发地": "三亚",
      "目的地": "哈尔滨",
      "航班类型": "国内航班",
      "航班日期": "2025-12-31",
      "航班代码": "FU6588",
      "价格": "914"
    },
    {
      "出发地": "三亚",
      "目的地": "哈尔滨",
      "航班类型": "国内航班",
      "航班日期": "2026-01-01",
      "航班代码": "CZ6711/CZ6657",
      "价格": "600"
    },
    {
      "出发地": "三亚",
      "目的地": "哈尔滨",
      "航班类型": "国内航班",
      "航班日期": "2026-01-02",
      "航班代码": "CA1388/CA1621",
      "价格": "1099"
    },
    {
      "出发地": "三亚",
      "目的地": "哈尔滨",
      "航班类型": "国内航班",
      "航班日期": "2026-01-03",
      "航班代码": "SC9534",
      "价格": "1020"
    },
    {
      "出发地": "三亚",
      "目的地": "哈尔滨",
      "航班类型": "国内航班",
      "航班日期": "2026-01-04",
      "航班代码": "FU6588",
      "价格": "950"
    },
    {
      "出发地": "三亚",
      "目的地": "哈尔滨",
      "航班类型": "国内航班",
      "航班日期": "2026-01-05",
      "航班代码": "CZ8229/CZ6202",
      "价格": "900"
    },
    {
      "出发地": "三亚",
      "目的地": "哈尔滨",
      "航班类型": "国内航班",
      "航班日期": "2026-01-06",
      "航班代码": "NS3332/JD5531",
      "价格": "1020"
    },
    {
      "出发地": "三亚",
      "目的地": "哈尔滨",
      "航班类型": "国内航班",
      "航班日期": "2026-01-07",
      "航班代码": "NS3332/KN2325",
      "价格": "990"
    },
    {
      "出发地": "三亚",
      "目的地": "哈尔滨",
      "航班类型": "国内航班",
      "航班日期": "2026-01-08",
      "航班代码": "MF8322/HO1913",
      "价格": "699"
    },
    {
      "出发地": "三亚",
      "目的地": "哈尔滨",
      "航班类型": "国内航班",
      "航班日期": "2026-01-09",
      "航班代码": "SC9534",
      "价格": "1020"
    },
    {
      "出发地": "三亚",
      "目的地": "哈尔滨",
      "航班类型": "国内航班",
      "航班日期": "2026-01-10",
      "航班代码": "CZ6713/CZ6202",
      "价格": "900"
    },
    {
      "出发地": "三亚",
      "目的地": "哈尔滨",
      "航班类型": "国内航班",
      "航班日期": "2026-01-11",
      "航班代码": "KN5896/KN5507",
      "价格": "949"
    },
    {
      "出发地": "三亚",
      "目的地": "哈尔滨",
      "航班类型": "国内航班",
      "航班日期": "2026-01-12",
      "航班代码": "CZ6715/CZ6657",
      "价格": "900"
    },
    {
      "出发地": "三亚",
      "目的地": "哈尔滨",
      "航班类型": "国内航班",
      "航班日期": "2026-01-13",
      "航班代码": "HU7480/HU7129",
      "价格": "1040"
    },
    {
      "出发地": "三亚",
      "目的地": "哈尔滨",
      "航班类型": "国内航班",
      "航班日期": "2026-01-14",
      "航班代码": "9C8802/9C6189",
      "价格": "1226"
    },
    {
      "出发地": "三亚",
      "目的地": "哈尔滨",
      "航班类型": "国内航班",
      "航班日期": "2026-01-15",
      "航班代码": "NS3332/KN2325",
      "价格": "1078"
    },
    {
      "出发地": "三亚",
      "目的地": "哈尔滨",
      "航班类型": "国内航班",
      "航班日期": "2026-01-17",
      "航班代码": "MU2528/MU2597",
      "价格": "3140"
    },
    {
      "出发地": "三亚",
      "目的地": "哈尔滨",
      "航班类型": "国内航班",
      "航班日期": "2026-01-18",
      "航班代码": "9C8802/9C6803",
      "价格": "1365"
    },
    {
      "出发地": "三亚",
      "目的地": "哈尔滨",
      "航班类型": "国内航班",
      "航班日期": "2026-01-20",
      "航班代码": "FU6662",
      "价格": "1390"
    },
    {
      "出发地": "三亚",
      "目的地": "哈尔滨",
      "航班类型": "国内航班",
      "航班日期": "2026-01-21",
      "航班代码": "HO2348/3U3314",
      "价格": "1192"
    },
    {
      "出发地": "三亚",
      "目的地": "哈尔滨",
      "航班类型": "国内航班",
      "航班日期": "2026-01-22",
      "航班代码": "HO2010",
      "价格": "1380"
    },
    {
      "出发地": "三亚",
      "目的地": "哈尔滨",
      "航班类型": "国内航班",
      "航班日期": "2026-01-23",
      "航班代码": "9C8802/3U3314",
      "价格": "1257"
    },
    {
      "出发地": "三亚",
      "目的地": "哈尔滨",
      "航班类型": "国内航班",
      "航班日期": "2026-01-24",
      "航班代码": "HO1128/3U3314",
      "价格": "1337"
    },
    {
      "出发地": "三亚",
      "目的地": "哈尔滨",
      "航班类型": "国内航班",
      "航班日期": "2026-01-25",
      "航班代码": "FU6588",
      "价格": "1390"
    },
    {
      "出发地": "三亚",
      "目的地": "哈尔滨",
      "航班类型": "国内航班",
      "航班日期": "2026-01-26",
      "航班代码": "9C8802/3U3314",
      "价格": "1397"
    },
    {
      "出发地": "三亚",
      "目的地": "哈尔滨",
      "航班类型": "国内航班",
      "航班日期": "2026-01-27",
      "航班代码": "9C8780/9C8869",
      "价格": "1506"
    },
    {
      "出发地": "三亚",
      "目的地": "哈尔滨",
      "航班类型": "国内航班",
      "航班日期": "2026-01-28",
      "航班代码": "JD5531",
      "价格": "1359"
    },
    {
      "出发地": "三亚",
      "目的地": "哈尔滨",
      "航班类型": "国内航班",
      "航班日期": "2026-01-29",
      "航班代码": "FU6662",
      "价格": "1390"
    },
    {
      "出发地": "三亚",
      "目的地": "哈尔滨",
      "航班类型": "国内航班",
      "航班日期": "2026-01-30",
      "航班代码": "NS3332/KN2325",
      "价格": "1426"
    },
    {
      "出发地": "三亚",
      "目的地": "哈尔滨",
      "航班类型": "国内航班",
      "航班日期": "2026-01-31",
      "航班代码": "9C8802/HO1181",
      "价格": "1838"
    },
    {
      "出发地": "三亚",
      "目的地": "哈尔滨",
      "航班类型": "国内航班",
      "航班日期": "2026-02-01",
      "航班代码": "FU6588",
      "价格": "1660"
    },
    {
      "出发地": "三亚",
      "目的地": "哈尔滨",
      "航班类型": "国内航班",
      "航班日期": "2026-02-02",
      "航班代码": "9C8802/9C6803",
      "价格": "1980"
    },
    {
      "出发地": "三亚",
      "目的地": "哈尔滨",
      "航班类型": "国内航班",
      "航班日期": "2026-02-03",
      "航班代码": "CZ6713/CZ6202",
      "价格": "1583"
    },
    {
      "出发地": "三亚",
      "目的地": "哈尔滨",
      "航班类型": "国内航班",
      "航班日期": "2026-02-04",
      "航班代码": "3U3247/3U3330",
      "价格": "2160"
    },
    {
      "出发地": "三亚",
      "目的地": "哈尔滨",
      "航班类型": "国内航班",
      "航班日期": "2026-02-05",
      "航班代码": "9C8802/HO1181",
      "价格": "1679"
    },
    {
      "出发地": "三亚",
      "目的地": "哈尔滨",
      "航班类型": "国内航班",
      "航班日期": "2026-02-06",
      "航班代码": "CA1346/CZ6202",
      "价格": "1704"
    },
    {
      "出发地": "三亚",
      "目的地": "哈尔滨",
      "航班类型": "国内航班",
      "航班日期": "2026-02-07",
      "航班代码": "9C6388/9C8673",
      "价格": "2259"
    },
    {
      "出发地": "三亚",
      "目的地": "哈尔滨",
      "航班类型": "国内航班",
      "航班日期": "2026-02-08",
      "航班代码": "MF8394/MU6235",
      "价格": "2988"
    },
    {
      "出发地": "三亚",
      "目的地": "哈尔滨",
      "航班类型": "国内航班",
      "航班日期": "2026-02-09",
      "航班代码": "JD5531",
      "价格": "1830"
    },
    {
      "出发地": "三亚",
      "目的地": "哈尔滨",
      "航班类型": "国内航班",
      "航班日期": "2026-02-10",
      "航班代码": "9C6388/9C8673",
      "价格": "2397"
    },
    {
      "出发地": "三亚",
      "目的地": "哈尔滨",
      "航班类型": "国内航班",
      "航班日期": "2026-02-11",
      "航班代码": "9C8802/FM9063",
      "价格": "2319"
    },
    {
      "出发地": "三亚",
      "目的地": "哈尔滨",
      "航班类型": "国内航班",
      "航班日期": "2026-02-12",
      "航班代码": "MF8394/3U3105",
      "价格": "2384"
    },
    {
      "出发地": "三亚",
      "目的地": "哈尔滨",
      "航班类型": "国内航班",
      "航班日期": "2026-02-13",
      "航班代码": "9C8883/CA2997",
      "价格": "2440"
    },
    {
      "出发地": "三亚",
      "目的地": "哈尔滨",
      "航班类型": "国内航班",
      "航班日期": "2026-02-14",
      "航班代码": "EU7050",
      "价格": "2440"
    },
    {
      "出发地": "三亚",
      "目的地": "哈尔滨",
      "航班类型": "国内航班",
      "航班日期": "2026-02-15",
      "航班代码": "CA1346/CZ6202",
      "价格": "1379"
    },
    {
      "出发地": "三亚",
      "目的地": "哈尔滨",
      "航班类型": "国内航班",
      "航班日期": "2026-02-16",
      "航班代码": "FU6588",
      "价格": "1390"
    },
    {
      "出发地": "三亚",
      "目的地": "哈尔滨",
      "航班类型": "国内航班",
      "航班日期": "2026-02-17",
      "航班代码": "MU5376/HO1181",
      "价格": "2079"
    },
    {
      "出发地": "三亚",
      "目的地": "哈尔滨",
      "航班类型": "国内航班",
      "航班日期": "2026-02-18",
      "航班代码": "MU2528/MU2597",
      "价格": "3151"
    },
    {
      "出发地": "三亚",
      "目的地": "哈尔滨",
      "航班类型": "国内航班",
      "航班日期": "2026-02-19",
      "航班代码": "CA1346/CZ6202",
      "价格": "1958"
    },
    {
      "出发地": "三亚",
      "目的地": "哈尔滨",
      "航班类型": "国内航班",
      "航班日期": "2026-02-20",
      "航班代码": "HU7480/HU7129",
      "价格": "2420"
    },
    {
      "出发地": "三亚",
      "目的地": "哈尔滨",
      "航班类型": "国内航班",
      "航班日期": "2026-02-21",
      "航班代码": "ZH9322/LT6664",
      "价格": "2497"
    },
    {
      "出发地": "三亚",
      "目的地": "哈尔滨",
      "航班类型": "国内航班",
      "航班日期": "2026-02-22",
      "航班代码": "CZ5854/LT6664",
      "价格": "2458"
    },
    {
      "出发地": "三亚",
      "目的地": "哈尔滨",
      "航班类型": "国内航班",
      "航班日期": "2026-02-23",
      "航班代码": "CZ6498/9C8671",
      "价格": "2630"
    },
    {
      "出发地": "三亚",
      "目的地": "哈尔滨",
      "航班类型": "国内航班",
      "航班日期": "2026-02-24",
      "航班代码": "ZH9322/LT6664",
      "价格": "2396"
    },
    {
      "出发地": "三亚",
      "目的地": "哈尔滨",
      "航班类型": "国内航班",
      "航班日期": "2026-02-25",
      "航班代码": "ZH9324/LT6664",
      "价格": "2396"
    },
    {
      "出发地": "三亚",
      "目的地": "哈尔滨",
      "航班类型": "国内航班",
      "航班日期": "2026-02-26",
      "航班代码": "HO2348/Y87507",
      "价格": "2110"
    },
    {
      "出发地": "三亚",
      "目的地": "哈尔滨",
      "航班类型": "国内航班",
      "航班日期": "2026-02-27",
      "航班代码": "ZH9322/9C8671",
      "价格": "2077"
    },
    {
      "出发地": "三亚",
      "目的地": "哈尔滨",
      "航班类型": "国内航班",
      "航班日期": "2026-02-28",
      "航班代码": "ZH9322/9C8671",
      "价格": "1977"
    },
    {
      "出发地": "三亚",
      "目的地": "哈尔滨",
      "航班类型": "国内航班",
      "航班日期": "2026-03-01",
      "航班代码": "CZ6498/9C8671",
      "价格": "1786"
    },
    {
      "出发地": "三亚",
      "目的地": "哈尔滨",
      "航班类型": "国内航班",
      "航班日期": "2026-03-07",
      "航班代码": "9C8802/9C6803",
      "价格": "1277"
    },
    {
      "出发地": "三亚",
      "目的地": "哈尔滨",
      "航班类型": "国内航班",
      "航班日期": "2026-03-08",
      "航班代码": "9C8802/9C6803",
      "价格": "1116"
    },
    {
      "出发地": "三亚",
      "目的地": "哈尔滨",
      "航班类型": "国内航班",
      "航班日期": "2026-03-27",
      "航班代码": "MU8556/MU5609",
      "价格": "1091"
    },
    {
      "出发地": "三亚",
      "目的地": "哈尔滨",
      "航班类型": "国内航班",
      "航班日期": "2026-03-28",
      "航班代码": "HU7307/JD5165",
      "价格": "1430"
    },
    {
      "出发地": "三亚",
      "目的地": "哈尔滨",
      "航班类型": "国内航班",
      "航班日期": "2026-03-29",
      "航班代码": "MF8398/MF8079",
      "价格": "2178"
    },
    {
      "出发地": "三亚",
      "目的地": "哈尔滨",
      "航班类型": "国内航班",
      "航班日期": "2026-03-30",
      "航班代码": "MF8308/MF8093",
      "价格": "2176"
    },
    {
      "出发地": "三亚",
      "目的地": "哈尔滨",
      "航班类型": "国内航班",
      "航班日期": "2026-03-31",
      "航班代码": "CZ6623/MF8097",
      "价格": "2660"
    }
  ]
}