{
  "查询条件": {
    "出发地": "三亚",
    "目的地": "成都"
  },
  "航班数量": 64,
  "航班列表": [
    {
      "出发地": "三亚",
      "目的地": "成都",
      "航班类型": "国内航班",
      "航班日期": "2025-12-16",
      "航班代码": "HU7303",
      "价格": "300"
    },
    {
      "出发地": "三亚",
      "目的地": "成都",
      "航班类型": "国内航班",
      "航班日期": "2025-12-17",
      "航班代码": "MF8308/MF8431",
      "价格": "340"
    },
    {
      "出发地": "三亚",
      "目的地": "成都",
      "航班类型": "国内航班",
      "航班日期": "2025-12-18",
      "航班代码": "GT1102/GT1093",
      "价格": "320"
    },
    {
      "出发地": "三亚",
      "目的地": "成都",
      "航班类型": "国内航班",
      "航班日期": "2025-12-19",
      "航班代码": "JD5079/GT1015",
      "价格": "457"
    },
    {
      "出发地": "三亚",
      "目的地": "成都",
      "航班类型": "国内航班",
      "航班日期": "2025-12-20",
      "航班代码": "GT1102/GT1093",
      "价格": "438"
    },
    {
      "出发地": "三亚",
      "目的地": "成都",
      "航班类型": "国内航班",
      "航班日期": "2025-12-21",
      "航班代码": "MU2528/MU2653",
      "价格": "460"
    },
    {
      "出发地": "三亚",
      "目的地": "成都",
      "航班类型": "国内航班",
      "航班日期": "2025-12-22",
      "航班代码": "CZ5139/KY8245",
      "价格": "470"
    },
    {
      "出发地": "三亚",
      "目的地": "成都",
      "航班类型": "国内航班",
      "航班日期": "2025-12-23",
      "航班代码": "JD5177",
      "价格": "200"
    },
    {
      "出发地": "三亚",
      "目的地": "成都",
      "航班类型": "国内航班",
      "航班日期": "2025-12-24",
      "航班代码": "JD5177",
      "价格": "230"
    },
    {
      "出发地": "三亚",
      "目的地": "成都",
      "航班类型": "国内航班",
      "航班日期": "2025-12-25",
      "航班代码": "MU5772/MU5845",
      "价格": "385"
    },
    {
      "出发地": "三亚",
      "目的地": "成都",
      "航班类型": "国内航班",
      "航班日期": "2025-12-26",
      "航班代码": "JD5177",
      "价格": "278"
    },
    {
      "出发地": "三亚",
      "目的地": "成都",
      "航班类型": "国内航班",
      "航班日期": "2025-12-27",
      "航班代码": "MU5772/MU5845",
      "价格": "470"
    },
    {
      "出发地": "三亚",
      "目的地": "成都",
      "航班类型": "国内航班",
      "航班日期": "2025-12-28",
      "航班代码": "HU7307/HU7151",
      "价格": "730"
    },
    {
      "出发地": "三亚",
      "目的地": "成都",
      "航班类型": "国内航班",
      "航班日期": "2025-12-29",
      "航班代码": "CZ5139/DR6521",
      "价格": "578"
    },
    {
      "出发地": "三亚",
      "目的地": "成都",
      "航班类型": "国内航班",
      "航班日期": "2025-12-30",
      "航班代码": "CA4034",
      "价格": "430"
    },
    {
      "出发地": "三亚",
      "目的地": "成都",
      "航班类型": "国内航班",
      "航班日期": "2025-12-31",
      "航班代码": "TV5018",
      "价格": "480"
    },
    {
      "出发地": "三亚",
      "目的地": "成都",
      "航班类型": "国内航班",
      "航班日期": "2026-01-01",
      "航班代码": "JD5177",
      "价格": "344"
    },
    {
      "出发地": "三亚",
      "目的地": "成都",
      "航班类型": "国内航班",
      "航班日期": "2026-01-02",
      "航班代码": "MU5772/MU5841",
      "价格": "470"
    },
    {
      "出发地": "三亚",
      "目的地": "成都",
      "航班类型": "国内航班",
      "航班日期": "2026-01-03",
      "航班代码": "MU5772/MU5843",
      "价格": "775"
    },
    {
      "出发地": "三亚",
      "目的地": "成都",
      "航班类型": "国内航班",
      "航班日期": "2026-01-04",
      "航班代码": "JD5177",
      "价格": "594"
    },
    {
      "出发地": "三亚",
      "目的地": "成都",
      "航班类型": "国内航班",
      "航班日期": "2026-01-05",
      "航班代码": "TV5018",
      "价格": "450"
    },
    {
      "出发地": "三亚",
      "目的地": "成都",
      "航班类型": "国内航班",
      "航班日期": "2026-01-06",
      "航班代码": "JD5177",
      "价格": "400"
    },
    {
      "出发地": "三亚",
      "目的地": "成都",
      "航班类型": "国内航班",
      "航班日期": "2026-01-07",
      "航班代码": "JD5177",
      "价格": "394"
    },
    {
      "出发地": "三亚",
      "目的地": "成都",
      "航班类型": "国内航班",
      "航班日期": "2026-01-08",
      "航班代码": "JD5177",
      "价格": "394"
    },
    {
      "出发地": "三亚",
      "目的地": "成都",
      "航班类型": "国内航班",
      "航班日期": "2026-01-09",
      "航班代码": "JD5177",
      "价格": "394"
    },
    {
      "出发地": "三亚",
      "目的地": "成都",
      "航班类型": "国内航班",
      "航班日期": "2026-01-10",
      "航班代码": "JD5177",
      "价格": "394"
    },
    {
      "出发地": "三亚",
      "目的地": "成都",
      "航班类型": "国内航班",
      "航班日期": "2026-01-11",
      "航班代码": "JD5177",
      "价格": "494"
    },
    {
      "出发地": "三亚",
      "目的地": "成都",
      "航班类型": "国内航班",
      "航班日期": "2026-01-12",
      "航班代码": "JD5177",
      "价格": "670"
    },
    {
      "出发地": "三亚",
      "目的地": "成都",
      "航班类型": "国内航班",
      "航班日期": "2026-01-13",
      "航班代码": "GJ8256/GJ8099",
      "价格": "1160"
    },
    {
      "出发地": "三亚",
      "目的地": "成都",
      "航班类型": "国内航班",
      "航班日期": "2026-01-14",
      "航班代码": "GJ8256/GJ8281",
      "价格": "1170"
    },
    {
      "出发地": "三亚",
      "目的地": "成都",
      "航班类型": "国内航班",
      "航班日期": "2026-01-15",
      "航班代码": "MU2728/MU2805",
      "价格": "620"
    },
    {
      "出发地": "三亚",
      "目的地": "成都",
      "航班类型": "国内航班",
      "航班日期": "2026-01-16",
      "航班代码": "MU2728/MU2805",
      "价格": "520"
    },
    {
      "出发地": "三亚",
      "目的地": "成都",
      "航班类型": "国内航班",
      "航班日期": "2026-01-18",
      "航班代码": "EU2208",
      "价格": "600"
    },
    {
      "出发地": "三亚",
      "目的地": "成都",
      "航班类型": "国内航班",
      "航班日期": "2026-01-19",
      "航班代码": "JD5177",
      "价格": "450"
    },
    {
      "出发地": "三亚",
      "目的地": "成都",
      "航班类型": "国内航班",
      "航班日期": "2026-01-20",
      "航班代码": "MU2728/MU2805",
      "价格": "520"
    },
    {
      "出发地": "三亚",
      "目的地": "成都",
      "航班类型": "国内航班",
      "航班日期": "2026-01-23",
      "航班代码": "CZ6189",
      "价格": "1840"
    },
    {
      "出发地": "三亚",
      "目的地": "成都",
      "航班类型": "国内航班",
      "航班日期": "2026-01-24",
      "航班代码": "8L9692",
      "价格": "500"
    },
    {
      "出发地": "三亚",
      "目的地": "成都",
      "航班类型": "国内航班",
      "航班日期": "2026-01-25",
      "航班代码": "CZ6189",
      "价格": "1130"
    },
    {
      "出发地": "三亚",
      "目的地": "成都",
      "航班类型": "国内航班",
      "航班日期": "2026-01-26",
      "航班代码": "CZ6189",
      "价格": "690"
    },
    {
      "出发地": "三亚",
      "目的地": "成都",
      "航班类型": "国内航班",
      "航班日期": "2026-01-27",
      "航班代码": "JD5177",
      "价格": "540"
    },
    {
      "出发地": "三亚",
      "目的地": "成都",
      "航班类型": "国内航班",
      "航班日期": "2026-01-28",
      "航班代码": "9C8802/MU9197",
      "价格": "1198"
    },
    {
      "出发地": "三亚",
      "目的地": "成都",
      "航班类型": "国内航班",
      "航班日期": "2026-01-29",
      "航班代码": "MU5398/MU5411",
      "价格": "1121"
    },
    {
      "出发地": "三亚",
      "目的地": "成都",
      "航班类型": "国内航班",
      "航班日期": "2026-01-30",
      "航班代码": "9C8802/MU9185",
      "价格": "1076"
    },
    {
      "出发地": "三亚",
      "目的地": "成都",
      "航班类型": "国内航班",
      "航班日期": "2026-01-31",
      "航班代码": "CZ6189",
      "价格": "690"
    },
    {
      "出发地": "三亚",
      "目的地": "成都",
      "航班类型": "国内航班",
      "航班日期": "2026-02-02",
      "航班代码": "9C8802/MU5419",
      "价格": "1377"
    },
    {
      "出发地": "三亚",
      "目的地": "成都",
      "航班类型": "国内航班",
      "航班日期": "2026-02-05",
      "航班代码": "GJ5340",
      "价格": "750"
    },
    {
      "出发地": "三亚",
      "目的地": "成都",
      "航班类型": "国内航班",
      "航班日期": "2026-02-06",
      "航班代码": "9C8802/FM9543",
      "价格": "1689"
    },
    {
      "出发地": "三亚",
      "目的地": "成都",
      "航班类型": "国内航班",
      "航班日期": "2026-02-07",
      "航班代码": "TV9818",
      "价格": "800"
    },
    {
      "出发地": "三亚",
      "目的地": "成都",
      "航班类型": "国内航班",
      "航班日期": "2026-02-09",
      "航班代码": "TV9818",
      "价格": "800"
    },
    {
      "出发地": "三亚",
      "目的地": "成都",
      "航班类型": "国内航班",
      "航班日期": "2026-02-10",
      "航班代码": "CZ6189",
      "价格": "850"
    },
    {
      "出发地": "三亚",
      "目的地": "成都",
      "航班类型": "国内航班",
      "航班日期": "2026-02-11",
      "航班代码": "CZ6189",
      "价格": "940"
    },
    {
      "出发地": "三亚",
      "目的地": "成都",
      "航班类型": "国内航班",
      "航班日期": "2026-02-12",
      "航班代码": "CZ6189",
      "价格": "940"
    },
    {
      "出发地": "三亚",
      "目的地": "成都",
      "航班类型": "国内航班",
      "航班日期": "2026-02-13",
      "航班代码": "SC6030",
      "价格": "986"
    },
    {
      "出发地": "三亚",
      "目的地": "成都",
      "航班类型": "国内航班",
      "航班日期": "2026-02-15",
      "航班代码": "CZ6189",
      "价格": "1840"
    },
    {
      "出发地": "三亚",
      "目的地": "成都",
      "航班类型": "国内航班",
      "航班日期": "2026-02-16",
      "航班代码": "SC6030",
      "价格": "970"
    },
    {
      "出发地": "三亚",
      "目的地": "成都",
      "航班类型": "国内航班",
      "航班日期": "2026-02-17",
      "航班代码": "8L9692",
      "价格": "1290"
    },
    {
      "出发地": "三亚",
      "目的地": "成都",
      "航班类型": "国内航班",
      "航班日期": "2026-02-18",
      "航班代码": "SC6030",
      "价格": "970"
    },
    {
      "出发地": "三亚",
      "目的地": "成都",
      "航班类型": "国内航班",
      "航班日期": "2026-02-20",
      "航班代码": "CA3934",
      "价格": "1470"
    },
    {
      "出发地": "三亚",
      "目的地": "成都",
      "航班类型": "国内航班",
      "航班日期": "2026-02-21",
      "航班代码": "ZH9322/CA4330",
      "价格": "1787"
    },
    {
      "出发地": "三亚",
      "目的地": "成都",
      "航班类型": "国内航班",
      "航班日期": "2026-02-22",
      "航班代码": "ZH9322/CA4330",
      "价格": "1938"
    },
    {
      "出发地": "三亚",
      "目的地": "成都",
      "航班类型": "国内航班",
      "航班日期": "2026-02-23",
      "航班代码": "ZH9322/ZH9401",
      "价格": "1717"
    },
    {
      "出发地": "三亚",
      "目的地": "成都",
      "航班类型": "国内航班",
      "航班日期": "2026-02-25",
      "航班代码": "ZH9326/CA4330",
      "价格": "1717"
    },
    {
      "出发地": "三亚",
      "目的地": "成都",
      "航班类型": "国内航班",
      "航班日期": "2026-02-27",
      "航班代码": "ZH9322/CA4330",
      "价格": "1717"
    },
    {
      "出发地": "三亚",
      "目的地": "成都",
      "航班类型": "国内航班",
      "航班日期": "2026-02-28",
      "航班代码": "CZ6189",
      "价格": "1840"
    }
  ]
}