{
  "查询条件": {
    "出发地": "三亚",
    "目的地": "温州"
  },
  "航班数量": 23,
  "航班列表": [
    {
      "出发地": "三亚",
      "目的地": "温州",
      "航班类型": "国内航班",
      "航班日期": "2025-12-16",
      "航班代码": "PN6214/PN6577",
      "价格": "380"
    },
    {
      "出发地": "三亚",
      "目的地": "温州",
      "航班类型": "国内航班",
      "航班日期": "2025-12-17",
      "航班代码": "3U8062/3U8021",
      "价格": "300"
    },
    {
      "出发地": "三亚",
      "目的地": "温州",
      "航班类型": "国内航班",
      "航班日期": "2025-12-18",
      "航班代码": "MU5398/FM9527",
      "价格": "365"
    },
    {
      "出发地": "三亚",
      "目的地": "温州",
      "航班类型": "国内航班",
      "航班日期": "2025-12-19",
      "航班代码": "PN6214/PN6433",
      "价格": "359"
    },
    {
      "出发地": "三亚",
      "目的地": "温州",
      "航班类型": "国内航班",
      "航班日期": "2025-12-20",
      "航班代码": "MU5398/MU5299",
      "价格": "390"
    },
    {
      "出发地": "三亚",
      "目的地": "温州",
      "航班类型": "国内航班",
      "航班日期": "2025-12-21",
      "航班代码": "PN6566/PN6577",
      "价格": "420"
    },
    {
      "出发地": "三亚",
      "目的地": "温州",
      "航班类型": "国内航班",
      "航班日期": "2025-12-22",
      "航班代码": "3U8062/3U8021",
      "价格": "350"
    },
    {
      "出发地": "三亚",
      "目的地": "温州",
      "航班类型": "国内航班",
      "航班日期": "2025-12-23",
      "航班代码": "PN6214/PN6577",
      "价格": "360"
    },
    {
      "出发地": "三亚",
      "目的地": "温州",
      "航班类型": "国内航班",
      "航班日期": "2025-12-24",
      "航班代码": "3U8062/3U8021",
      "价格": "330"
    },
    {
      "出发地": "三亚",
      "目的地": "温州",
      "航班类型": "国内航班",
      "航班日期": "2025-12-25",
      "航班代码": "MU5398/FM9529",
      "价格": "379"
    },
    {
      "出发地": "三亚",
      "目的地": "温州",
      "航班类型": "国内航班",
      "航班日期": "2025-12-26",
      "航班代码": "MU5398/FM9527",
      "价格": "365"
    },
    {
      "出发地": "三亚",
      "目的地": "温州",
      "航班类型": "国内航班",
      "航班日期": "2025-12-27",
      "航班代码": "CA2684/CA8564",
      "价格": "500"
    },
    {
      "出发地": "三亚",
      "目的地": "温州",
      "航班类型": "国内航班",
      "航班日期": "2025-12-28",
      "航班代码": "HU7663/HU7819",
      "价格": "790"
    },
    {
      "出发地": "三亚",
      "目的地": "温州",
      "航班类型": "国内航班",
      "航班日期": "2025-12-29",
      "航班代码": "CZ8562/AQ1363",
      "价格": "708"
    },
    {
      "出发地": "三亚",
      "目的地": "温州",
      "航班类型": "国内航班",
      "航班日期": "2025-12-30",
      "航班代码": "PN6214/PN6577",
      "价格": "440"
    },
    {
      "出发地": "三亚",
      "目的地": "温州",
      "航班类型": "国内航班",
      "航班日期": "2025-12-31",
      "航班代码": "PN6214/PN6433",
      "价格": "480"
    },
    {
      "出发地": "三亚",
      "目的地": "温州",
      "航班类型": "国内航班",
      "航班日期": "2026-01-02",
      "航班代码": "ZH9724",
      "价格": "600"
    },
    {
      "出发地": "三亚",
      "目的地": "温州",
      "航班类型": "国内航班",
      "航班日期": "2026-01-03",
      "航班代码": "3U3217/GJ8690",
      "价格": "669"
    },
    {
      "出发地": "三亚",
      "目的地": "温州",
      "航班类型": "国内航班",
      "航班日期": "2026-01-04",
      "航班代码": "PN6214/PN6577",
      "价格": "520"
    },
    {
      "出发地": "三亚",
      "目的地": "温州",
      "航班类型": "国内航班",
      "航班日期": "2026-01-05",
      "航班代码": "CA4034/CA8564",
      "价格": "495"
    },
    {
      "出发地": "三亚",
      "目的地": "温州",
      "航班类型": "国内航班",
      "航班日期": "2026-01-12",
      "航班代码": "KN5220",
      "价格": "540"
    },
    {
      "出发地": "三亚",
      "目的地": "温州",
      "航班类型": "国内航班",
      "航班日期": "2026-01-15",
      "航班代码": "ZH9724",
      "价格": "580"
    },
    {
      "出发地": "三亚",
      "目的地": "温州",
      "航班类型": "国内航班",
      "航班日期": "2026-01-20",
      "航班代码": "FM9536/MU5299",
      "价格": "498"
    }
  ]
}