{
  "查询条件": {
    "出发地": "三亚",
    "目的地": "海口"
  },
  "航班数量": 9,
  "航班列表": [
    {
      "出发地": "三亚",
      "目的地": "海口",
      "航班类型": "国内航班",
      "航班日期": "2025-12-17",
      "航班代码": "BK3231/BK3162",
      "价格": "720"
    },
    {
      "出发地": "三亚",
      "目的地": "海口",
      "航班类型": "国内航班",
      "航班日期": "2025-12-18",
      "航班代码": "8L9966/8L9973",
      "价格": "569"
    },
    {
      "出发地": "三亚",
      "目的地": "海口",
      "航班类型": "国内航班",
      "航班日期": "2025-12-19",
      "航班代码": "CZ5139/CZ6730",
      "价格": "592"
    },
    {
      "出发地": "三亚",
      "目的地": "海口",
      "航班类型": "国内航班",
      "航班日期": "2025-12-20",
      "航班代码": "3U3217/AQ1301",
      "价格": "708"
    },
    {
      "出发地": "三亚",
      "目的地": "海口",
      "航班类型": "国内航班",
      "航班日期": "2025-12-21",
      "航班代码": "HU7359/CZ6578",
      "价格": "720"
    },
    {
      "出发地": "三亚",
      "目的地": "海口",
      "航班类型": "国内航班",
      "航班日期": "2025-12-22",
      "航班代码": "JD5079/JD5764",
      "价格": "700"
    },
    {
      "出发地": "三亚",
      "目的地": "海口",
      "航班类型": "国内航班",
      "航班日期": "2025-12-23",
      "航班代码": "JD5079/GT1132",
      "价格": "538"
    },
    {
      "出发地": "三亚",
      "目的地": "海口",
      "航班类型": "国内航班",
      "航班日期": "2025-12-24",
      "航班代码": "JD5079/SC8843",
      "价格": "680"
    },
    {
      "出发地": "三亚",
      "目的地": "海口",
      "航班类型": "国内航班",
      "航班日期": "2025-12-25",
      "航班代码": "JD5079/GT1132",
      "价格": "567"
    }
  ]
}