{
  "查询条件": {
    "出发地": "三亚",
    "目的地": "青岛"
  },
  "航班数量": 27,
  "航班列表": [
    {
      "出发地": "三亚",
      "目的地": "青岛",
      "航班类型": "国内航班",
      "航班日期": "2025-12-16",
      "航班代码": "MU5398/MU5511",
      "价格": "394"
    },
    {
      "出发地": "三亚",
      "目的地": "青岛",
      "航班类型": "国内航班",
      "航班日期": "2025-12-19",
      "航班代码": "9C8802/QW9778",
      "价格": "408"
    },
    {
      "出发地": "三亚",
      "目的地": "青岛",
      "航班类型": "国内航班",
      "航班日期": "2025-12-20",
      "航班代码": "MU5398/MU5595",
      "价格": "440"
    },
    {
      "出发地": "三亚",
      "目的地": "青岛",
      "航班类型": "国内航班",
      "航班日期": "2025-12-21",
      "航班代码": "MU2528/MU5480",
      "价格": "450"
    },
    {
      "出发地": "三亚",
      "目的地": "青岛",
      "航班类型": "国内航班",
      "航班日期": "2025-12-22",
      "航班代码": "MU5376/MU8373",
      "价格": "444"
    },
    {
      "出发地": "三亚",
      "目的地": "青岛",
      "航班类型": "国内航班",
      "航班日期": "2025-12-23",
      "航班代码": "MU5376/FM9229",
      "价格": "390"
    },
    {
      "出发地": "三亚",
      "目的地": "青岛",
      "航班类型": "国内航班",
      "航班日期": "2025-12-24",
      "航班代码": "9C8802/HO1075",
      "价格": "436"
    },
    {
      "出发地": "三亚",
      "目的地": "青岛",
      "航班类型": "国内航班",
      "航班日期": "2025-12-25",
      "航班代码": "MU2528/MU5480",
      "价格": "450"
    },
    {
      "出发地": "三亚",
      "目的地": "青岛",
      "航班类型": "国内航班",
      "航班日期": "2025-12-27",
      "航班代码": "MU2674/MU2701",
      "价格": "470"
    },
    {
      "出发地": "三亚",
      "目的地": "青岛",
      "航班类型": "国内航班",
      "航班日期": "2025-12-28",
      "航班代码": "ZH9724/ZH9705",
      "价格": "600"
    },
    {
      "出发地": "三亚",
      "目的地": "青岛",
      "航班类型": "国内航班",
      "航班日期": "2025-12-29",
      "航班代码": "MU2674/MU2701",
      "价格": "470"
    },
    {
      "出发地": "三亚",
      "目的地": "青岛",
      "航班类型": "国内航班",
      "航班日期": "2025-12-31",
      "航班代码": "CA4034/CA4527",
      "价格": "600"
    },
    {
      "出发地": "三亚",
      "目的地": "青岛",
      "航班类型": "国内航班",
      "航班日期": "2026-01-01",
      "航班代码": "MU2674/MU2701",
      "价格": "485"
    },
    {
      "出发地": "三亚",
      "目的地": "青岛",
      "航班类型": "国内航班",
      "航班日期": "2026-01-02",
      "航班代码": "TV9806/8L9709",
      "价格": "850"
    },
    {
      "出发地": "三亚",
      "目的地": "青岛",
      "航班类型": "国内航班",
      "航班日期": "2026-01-03",
      "航班代码": "3U3217/MU6223",
      "价格": "871"
    },
    {
      "出发地": "三亚",
      "目的地": "青岛",
      "航班类型": "国内航班",
      "航班日期": "2026-01-05",
      "航班代码": "FM9536/FM9229",
      "价格": "630"
    },
    {
      "出发地": "三亚",
      "目的地": "青岛",
      "航班类型": "国内航班",
      "航班日期": "2026-01-06",
      "航班代码": "MU5398/MU5563",
      "价格": "510"
    },
    {
      "出发地": "三亚",
      "目的地": "青岛",
      "航班类型": "国内航班",
      "航班日期": "2026-01-12",
      "航班代码": "HO2348/QW9778",
      "价格": "549"
    },
    {
      "出发地": "三亚",
      "目的地": "青岛",
      "航班类型": "国内航班",
      "航班日期": "2026-01-15",
      "航班代码": "HO2348/QW9778",
      "价格": "542"
    },
    {
      "出发地": "三亚",
      "目的地": "青岛",
      "航班类型": "国内航班",
      "航班日期": "2026-01-16",
      "航班代码": "FM9536/FM9229",
      "价格": "530"
    },
    {
      "出发地": "三亚",
      "目的地": "青岛",
      "航班类型": "国内航班",
      "航班日期": "2026-01-23",
      "航班代码": "HO2348/MU5519",
      "价格": "614"
    },
    {
      "出发地": "三亚",
      "目的地": "青岛",
      "航班类型": "国内航班",
      "航班日期": "2026-01-30",
      "航班代码": "CA1370/CA1571",
      "价格": "660"
    },
    {
      "出发地": "三亚",
      "目的地": "青岛",
      "航班类型": "国内航班",
      "航班日期": "2026-02-03",
      "航班代码": "GJ8256/GJ8309",
      "价格": "980"
    },
    {
      "出发地": "三亚",
      "目的地": "青岛",
      "航班类型": "国内航班",
      "航班日期": "2026-02-07",
      "航班代码": "CZ6667/SC4692",
      "价格": "1411"
    },
    {
      "出发地": "三亚",
      "目的地": "青岛",
      "航班类型": "国内航班",
      "航班日期": "2026-02-08",
      "航班代码": "CZ6667/SC4692",
      "价格": "1414"
    },
    {
      "出发地": "三亚",
      "目的地": "青岛",
      "航班类型": "国内航班",
      "航班日期": "2026-02-11",
      "航班代码": "GY7106/SC4800",
      "价格": "1609"
    },
    {
      "出发地": "三亚",
      "目的地": "青岛",
      "航班类型": "国内航班",
      "航班日期": "2026-02-25",
      "航班代码": "ZH9326/DZ6269",
      "价格": "1908"
    }
  ]
}