{
  "查询条件": {
    "出发地": "三亚",
    "目的地": "长沙"
  },
  "航班数量": 44,
  "航班列表": [
    {
      "出发地": "三亚",
      "目的地": "长沙",
      "航班类型": "国内航班",
      "航班日期": "2025-12-16",
      "航班代码": "3U5652",
      "价格": "240"
    },
    {
      "出发地": "三亚",
      "目的地": "长沙",
      "航班类型": "国内航班",
      "航班日期": "2025-12-17",
      "航班代码": "3U3225",
      "价格": "240"
    },
    {
      "出发地": "三亚",
      "目的地": "长沙",
      "航班类型": "国内航班",
      "航班日期": "2025-12-18",
      "航班代码": "HU7353",
      "价格": "260"
    },
    {
      "出发地": "三亚",
      "目的地": "长沙",
      "航班类型": "国内航班",
      "航班日期": "2025-12-19",
      "航班代码": "CZ3944",
      "价格": "300"
    },
    {
      "出发地": "三亚",
      "目的地": "长沙",
      "航班类型": "国内航班",
      "航班日期": "2025-12-20",
      "航班代码": "CZ3944",
      "价格": "300"
    },
    {
      "出发地": "三亚",
      "目的地": "长沙",
      "航班类型": "国内航班",
      "航班日期": "2025-12-21",
      "航班代码": "PN6566/PN6509",
      "价格": "560"
    },
    {
      "出发地": "三亚",
      "目的地": "长沙",
      "航班类型": "国内航班",
      "航班日期": "2025-12-22",
      "航班代码": "CZ3944",
      "价格": "300"
    },
    {
      "出发地": "三亚",
      "目的地": "长沙",
      "航班类型": "国内航班",
      "航班日期": "2025-12-23",
      "航班代码": "CZ3944",
      "价格": "300"
    },
    {
      "出发地": "三亚",
      "目的地": "长沙",
      "航班类型": "国内航班",
      "航班日期": "2025-12-24",
      "航班代码": "CZ3944",
      "价格": "300"
    },
    {
      "出发地": "三亚",
      "目的地": "长沙",
      "航班类型": "国内航班",
      "航班日期": "2025-12-25",
      "航班代码": "CZ3944",
      "价格": "300"
    },
    {
      "出发地": "三亚",
      "目的地": "长沙",
      "航班类型": "国内航班",
      "航班日期": "2025-12-26",
      "航班代码": "PN6214/PN6509",
      "价格": "430"
    },
    {
      "出发地": "三亚",
      "目的地": "长沙",
      "航班类型": "国内航班",
      "航班日期": "2025-12-27",
      "航班代码": "JD5017/A67731",
      "价格": "550"
    },
    {
      "出发地": "三亚",
      "目的地": "长沙",
      "航班类型": "国内航班",
      "航班日期": "2025-12-28",
      "航班代码": "3U3213/MF8788",
      "价格": "760"
    },
    {
      "出发地": "三亚",
      "目的地": "长沙",
      "航班类型": "国内航班",
      "航班日期": "2025-12-29",
      "航班代码": "CZ5139/A67719",
      "价格": "770"
    },
    {
      "出发地": "三亚",
      "目的地": "长沙",
      "航班类型": "国内航班",
      "航班日期": "2025-12-30",
      "航班代码": "8L9966/HU7642",
      "价格": "580"
    },
    {
      "出发地": "三亚",
      "目的地": "长沙",
      "航班类型": "国内航班",
      "航班日期": "2025-12-31",
      "航班代码": "MU5772/MU5324",
      "价格": "570"
    },
    {
      "出发地": "三亚",
      "目的地": "长沙",
      "航班类型": "国内航班",
      "航班日期": "2026-01-02",
      "航班代码": "3U3225",
      "价格": "490"
    },
    {
      "出发地": "三亚",
      "目的地": "长沙",
      "航班类型": "国内航班",
      "航班日期": "2026-01-03",
      "航班代码": "MU5772/MU5324",
      "价格": "570"
    },
    {
      "出发地": "三亚",
      "目的地": "长沙",
      "航班类型": "国内航班",
      "航班日期": "2026-01-04",
      "航班代码": "MU5772/MU5324",
      "价格": "581"
    },
    {
      "出发地": "三亚",
      "目的地": "长沙",
      "航班类型": "国内航班",
      "航班日期": "2026-01-08",
      "航班代码": "HU7353",
      "价格": "470"
    },
    {
      "出发地": "三亚",
      "目的地": "长沙",
      "航班类型": "国内航班",
      "航班日期": "2026-01-09",
      "航班代码": "HU7353",
      "价格": "470"
    },
    {
      "出发地": "三亚",
      "目的地": "长沙",
      "航班类型": "国内航班",
      "航班日期": "2026-01-11",
      "航班代码": "3U3225",
      "价格": "507"
    },
    {
      "出发地": "三亚",
      "目的地": "长沙",
      "航班类型": "国内航班",
      "航班日期": "2026-01-13",
      "航班代码": "MU5772/MU5324",
      "价格": "570"
    },
    {
      "出发地": "三亚",
      "目的地": "长沙",
      "航班类型": "国内航班",
      "航班日期": "2026-01-27",
      "航班代码": "JD5765",
      "价格": "600"
    },
    {
      "出发地": "三亚",
      "目的地": "长沙",
      "航班类型": "国内航班",
      "航班日期": "2026-01-28",
      "航班代码": "JD5765",
      "价格": "600"
    },
    {
      "出发地": "三亚",
      "目的地": "长沙",
      "航班类型": "国内航班",
      "航班日期": "2026-01-29",
      "航班代码": "JD5765",
      "价格": "600"
    },
    {
      "出发地": "三亚",
      "目的地": "长沙",
      "航班类型": "国内航班",
      "航班日期": "2026-01-31",
      "航班代码": "MF4671",
      "价格": "710"
    },
    {
      "出发地": "三亚",
      "目的地": "长沙",
      "航班类型": "国内航班",
      "航班日期": "2026-02-01",
      "航班代码": "MF4671",
      "价格": "710"
    },
    {
      "出发地": "三亚",
      "目的地": "长沙",
      "航班类型": "国内航班",
      "航班日期": "2026-02-03",
      "航班代码": "3U1460",
      "价格": "710"
    },
    {
      "出发地": "三亚",
      "目的地": "长沙",
      "航班类型": "国内航班",
      "航班日期": "2026-02-04",
      "航班代码": "3U3225",
      "价格": "1060"
    },
    {
      "出发地": "三亚",
      "目的地": "长沙",
      "航班类型": "国内航班",
      "航班日期": "2026-02-05",
      "航班代码": "3U1460",
      "价格": "710"
    },
    {
      "出发地": "三亚",
      "目的地": "长沙",
      "航班类型": "国内航班",
      "航班日期": "2026-02-08",
      "航班代码": "MF4671",
      "价格": "880"
    },
    {
      "出发地": "三亚",
      "目的地": "长沙",
      "航班类型": "国内航班",
      "航班日期": "2026-02-11",
      "航班代码": "3U3225",
      "价格": "920"
    },
    {
      "出发地": "三亚",
      "目的地": "长沙",
      "航班类型": "国内航班",
      "航班日期": "2026-02-12",
      "航班代码": "3U1460",
      "价格": "1067"
    },
    {
      "出发地": "三亚",
      "目的地": "长沙",
      "航班类型": "国内航班",
      "航班日期": "2026-02-14",
      "航班代码": "FM9536/FM9397",
      "价格": "1694"
    },
    {
      "出发地": "三亚",
      "目的地": "长沙",
      "航班类型": "国内航班",
      "航班日期": "2026-02-15",
      "航班代码": "DZ6300",
      "价格": "790"
    },
    {
      "出发地": "三亚",
      "目的地": "长沙",
      "航班类型": "国内航班",
      "航班日期": "2026-02-17",
      "航班代码": "3U1460",
      "价格": "470"
    },
    {
      "出发地": "三亚",
      "目的地": "长沙",
      "航班类型": "国内航班",
      "航班日期": "2026-02-19",
      "航班代码": "9C8802/HO1229",
      "价格": "1678"
    },
    {
      "出发地": "三亚",
      "目的地": "长沙",
      "航班类型": "国内航班",
      "航班日期": "2026-02-20",
      "航班代码": "3U3225",
      "价格": "1430"
    },
    {
      "出发地": "三亚",
      "目的地": "长沙",
      "航班类型": "国内航班",
      "航班日期": "2026-02-21",
      "航班代码": "3U1460",
      "价格": "1720"
    },
    {
      "出发地": "三亚",
      "目的地": "长沙",
      "航班类型": "国内航班",
      "航班日期": "2026-02-25",
      "航班代码": "3U3225",
      "价格": "1430"
    },
    {
      "出发地": "三亚",
      "目的地": "长沙",
      "航班类型": "国内航班",
      "航班日期": "2026-02-26",
      "航班代码": "3U1460",
      "价格": "1720"
    },
    {
      "出发地": "三亚",
      "目的地": "长沙",
      "航班类型": "国内航班",
      "航班日期": "2026-02-27",
      "航班代码": "3U3225",
      "价格": "1430"
    },
    {
      "出发地": "三亚",
      "目的地": "长沙",
      "航班类型": "国内航班",
      "航班日期": "2026-02-28",
      "航班代码": "3U1460",
      "价格": "1720"
    }
  ]
}