{
  "查询条件": {
    "出发地": "三亚",
    "目的地": "福州"
  },
  "航班数量": 18,
  "航班列表": [
    {
      "出发地": "三亚",
      "目的地": "福州",
      "航班类型": "国内航班",
      "航班日期": "2025-12-16",
      "航班代码": "JD5617",
      "价格": "228"
    },
    {
      "出发地": "三亚",
      "目的地": "福州",
      "航班类型": "国内航班",
      "航班日期": "2025-12-17",
      "航班代码": "FU6742",
      "价格": "250"
    },
    {
      "出发地": "三亚",
      "目的地": "福州",
      "航班类型": "国内航班",
      "航班日期": "2025-12-18",
      "航班代码": "FU6742",
      "价格": "250"
    },
    {
      "出发地": "三亚",
      "目的地": "福州",
      "航班类型": "国内航班",
      "航班日期": "2025-12-20",
      "航班代码": "JD5617",
      "价格": "290"
    },
    {
      "出发地": "三亚",
      "目的地": "福州",
      "航班类型": "国内航班",
      "航班日期": "2025-12-23",
      "航班代码": "JD5617",
      "价格": "249"
    },
    {
      "出发地": "三亚",
      "目的地": "福州",
      "航班类型": "国内航班",
      "航班日期": "2025-12-24",
      "航班代码": "JD5617",
      "价格": "269"
    },
    {
      "出发地": "三亚",
      "目的地": "福州",
      "航班类型": "国内航班",
      "航班日期": "2025-12-25",
      "航班代码": "JD5617",
      "价格": "249"
    },
    {
      "出发地": "三亚",
      "目的地": "福州",
      "航班类型": "国内航班",
      "航班日期": "2025-12-26",
      "航班代码": "JD5617",
      "价格": "450"
    },
    {
      "出发地": "三亚",
      "目的地": "福州",
      "航班类型": "国内航班",
      "航班日期": "2025-12-28",
      "航班代码": "HU7359/MF8440",
      "价格": "689"
    },
    {
      "出发地": "三亚",
      "目的地": "福州",
      "航班类型": "国内航班",
      "航班日期": "2025-12-29",
      "航班代码": "HU7359/MF8440",
      "价格": "689"
    },
    {
      "出发地": "三亚",
      "目的地": "福州",
      "航班类型": "国内航班",
      "航班日期": "2025-12-30",
      "航班代码": "JD5617",
      "价格": "489"
    },
    {
      "出发地": "三亚",
      "目的地": "福州",
      "航班类型": "国内航班",
      "航班日期": "2025-12-31",
      "航班代码": "JD5617",
      "价格": "520"
    },
    {
      "出发地": "三亚",
      "目的地": "福州",
      "航班类型": "国内航班",
      "航班日期": "2026-01-03",
      "航班代码": "MU5772/MU6598",
      "价格": "570"
    },
    {
      "出发地": "三亚",
      "目的地": "福州",
      "航班类型": "国内航班",
      "航班日期": "2026-01-18",
      "航班代码": "MU5772/MU6598",
      "价格": "570"
    },
    {
      "出发地": "三亚",
      "目的地": "福州",
      "航班类型": "国内航班",
      "航班日期": "2026-01-19",
      "航班代码": "MU2728/MU2707",
      "价格": "470"
    },
    {
      "出发地": "三亚",
      "目的地": "福州",
      "航班类型": "国内航班",
      "航班日期": "2026-01-20",
      "航班代码": "FM9536/FM9265",
      "价格": "527"
    },
    {
      "出发地": "三亚",
      "目的地": "福州",
      "航班类型": "国内航班",
      "航班日期": "2026-01-21",
      "航班代码": "FM9536/FM9265",
      "价格": "527"
    },
    {
      "出发地": "三亚",
      "目的地": "福州",
      "航班类型": "国内航班",
      "航班日期": "2026-01-22",
      "航班代码": "MU5772/MU6598",
      "价格": "570"
    }
  ]
}