{
  "查询条件": {
    "出发地": "三亚",
    "目的地": "沈阳"
  },
  "航班数量": 68,
  "航班列表": [
    {
      "出发地": "三亚",
      "目的地": "沈阳",
      "航班类型": "国内航班",
      "航班日期": "2025-12-16",
      "航班代码": "9C8780/9C7635",
      "价格": "380"
    },
    {
      "出发地": "三亚",
      "目的地": "沈阳",
      "航班类型": "国内航班",
      "航班日期": "2025-12-17",
      "航班代码": "MF8398/MF8039",
      "价格": "430"
    },
    {
      "出发地": "三亚",
      "目的地": "沈阳",
      "航班类型": "国内航班",
      "航班日期": "2025-12-18",
      "航班代码": "CA1370/CA1635",
      "价格": "495"
    },
    {
      "出发地": "三亚",
      "目的地": "沈阳",
      "航班类型": "国内航班",
      "航班日期": "2025-12-19",
      "航班代码": "MU2674/MU9779",
      "价格": "470"
    },
    {
      "出发地": "三亚",
      "目的地": "沈阳",
      "航班类型": "国内航班",
      "航班日期": "2025-12-20",
      "航班代码": "CA1388/CA1601",
      "价格": "495"
    },
    {
      "出发地": "三亚",
      "目的地": "沈阳",
      "航班类型": "国内航班",
      "航班日期": "2025-12-21",
      "航班代码": "9C8802/9C7635",
      "价格": "570"
    },
    {
      "出发地": "三亚",
      "目的地": "沈阳",
      "航班类型": "国内航班",
      "航班日期": "2025-12-22",
      "航班代码": "MU2674/MU9779",
      "价格": "460"
    },
    {
      "出发地": "三亚",
      "目的地": "沈阳",
      "航班类型": "国内航班",
      "航班日期": "2025-12-23",
      "航班代码": "GS7660/9H8367",
      "价格": "496"
    },
    {
      "出发地": "三亚",
      "目的地": "沈阳",
      "航班类型": "国内航班",
      "航班日期": "2025-12-24",
      "航班代码": "GS7546/9H8367",
      "价格": "496"
    },
    {
      "出发地": "三亚",
      "目的地": "沈阳",
      "航班类型": "国内航班",
      "航班日期": "2025-12-25",
      "航班代码": "CA1346/CA1601",
      "价格": "495"
    },
    {
      "出发地": "三亚",
      "目的地": "沈阳",
      "航班类型": "国内航班",
      "航班日期": "2025-12-26",
      "航班代码": "CA1370/CA1601",
      "价格": "499"
    },
    {
      "出发地": "三亚",
      "目的地": "沈阳",
      "航班类型": "国内航班",
      "航班日期": "2025-12-27",
      "航班代码": "CA2684/CA2741",
      "价格": "699"
    },
    {
      "出发地": "三亚",
      "目的地": "沈阳",
      "航班类型": "国内航班",
      "航班日期": "2025-12-28",
      "航班代码": "SC4878/SC2328",
      "价格": "769"
    },
    {
      "出发地": "三亚",
      "目的地": "沈阳",
      "航班类型": "国内航班",
      "航班日期": "2025-12-29",
      "航班代码": "CA1346/CA1651",
      "价格": "800"
    },
    {
      "出发地": "三亚",
      "目的地": "沈阳",
      "航班类型": "国内航班",
      "航班日期": "2025-12-30",
      "航班代码": "SC8005/SC8441",
      "价格": "629"
    },
    {
      "出发地": "三亚",
      "目的地": "沈阳",
      "航班类型": "国内航班",
      "航班日期": "2025-12-31",
      "航班代码": "CA4034/CA2741",
      "价格": "649"
    },
    {
      "出发地": "三亚",
      "目的地": "沈阳",
      "航班类型": "国内航班",
      "航班日期": "2026-01-02",
      "航班代码": "ZH9724",
      "价格": "870"
    },
    {
      "出发地": "三亚",
      "目的地": "沈阳",
      "航班类型": "国内航班",
      "航班日期": "2026-01-04",
      "航班代码": "3U6730/3U6461",
      "价格": "949"
    },
    {
      "出发地": "三亚",
      "目的地": "沈阳",
      "航班类型": "国内航班",
      "航班日期": "2026-01-05",
      "航班代码": "FM9536/MU5691",
      "价格": "632"
    },
    {
      "出发地": "三亚",
      "目的地": "沈阳",
      "航班类型": "国内航班",
      "航班日期": "2026-01-08",
      "航班代码": "9C8802/Y87559",
      "价格": "859"
    },
    {
      "出发地": "三亚",
      "目的地": "沈阳",
      "航班类型": "国内航班",
      "航班日期": "2026-01-09",
      "航班代码": "ZH9730/ZH9732",
      "价格": "760"
    },
    {
      "出发地": "三亚",
      "目的地": "沈阳",
      "航班类型": "国内航班",
      "航班日期": "2026-01-10",
      "航班代码": "FM9536/MU5691",
      "价格": "622"
    },
    {
      "出发地": "三亚",
      "目的地": "沈阳",
      "航班类型": "国内航班",
      "航班日期": "2026-01-12",
      "航班代码": "HO2348/9C7635",
      "价格": "680"
    },
    {
      "出发地": "三亚",
      "目的地": "沈阳",
      "航班类型": "国内航班",
      "航班日期": "2026-01-13",
      "航班代码": "ZH9730/ZH9732",
      "价格": "760"
    },
    {
      "出发地": "三亚",
      "目的地": "沈阳",
      "航班类型": "国内航班",
      "航班日期": "2026-01-14",
      "航班代码": "HO2348/9C7635",
      "价格": "751"
    },
    {
      "出发地": "三亚",
      "目的地": "沈阳",
      "航班类型": "国内航班",
      "航班日期": "2026-01-15",
      "航班代码": "PN6214/PN6357",
      "价格": "810"
    },
    {
      "出发地": "三亚",
      "目的地": "沈阳",
      "航班类型": "国内航班",
      "航班日期": "2026-01-16",
      "航班代码": "PN6214/PN6357",
      "价格": "850"
    },
    {
      "出发地": "三亚",
      "目的地": "沈阳",
      "航班类型": "国内航班",
      "航班日期": "2026-01-17",
      "航班代码": "PN6214/PN6357",
      "价格": "850"
    },
    {
      "出发地": "三亚",
      "目的地": "沈阳",
      "航班类型": "国内航班",
      "航班日期": "2026-01-18",
      "航班代码": "PN6214/PN6357",
      "价格": "850"
    },
    {
      "出发地": "三亚",
      "目的地": "沈阳",
      "航班类型": "国内航班",
      "航班日期": "2026-01-20",
      "航班代码": "HU7898/JD5069",
      "价格": "989"
    },
    {
      "出发地": "三亚",
      "目的地": "沈阳",
      "航班类型": "国内航班",
      "航班日期": "2026-01-21",
      "航班代码": "KN5220/KN5275",
      "价格": "817"
    },
    {
      "出发地": "三亚",
      "目的地": "沈阳",
      "航班类型": "国内航班",
      "航班日期": "2026-01-22",
      "航班代码": "MU2528/MU2545",
      "价格": "761"
    },
    {
      "出发地": "三亚",
      "目的地": "沈阳",
      "航班类型": "国内航班",
      "航班日期": "2026-01-23",
      "航班代码": "FM9536/MF8095",
      "价格": "1113"
    },
    {
      "出发地": "三亚",
      "目的地": "沈阳",
      "航班类型": "国内航班",
      "航班日期": "2026-01-24",
      "航班代码": "SC9346/SC7630",
      "价格": "1000"
    },
    {
      "出发地": "三亚",
      "目的地": "沈阳",
      "航班类型": "国内航班",
      "航班日期": "2026-01-25",
      "航班代码": "MU8078/MU8087",
      "价格": "1060"
    },
    {
      "出发地": "三亚",
      "目的地": "沈阳",
      "航班类型": "国内航班",
      "航班日期": "2026-01-26",
      "航班代码": "CA4388/QW6054",
      "价格": "1139"
    },
    {
      "出发地": "三亚",
      "目的地": "沈阳",
      "航班类型": "国内航班",
      "航班日期": "2026-01-27",
      "航班代码": "MU2528/CZ5769",
      "价格": "1196"
    },
    {
      "出发地": "三亚",
      "目的地": "沈阳",
      "航班类型": "国内航班",
      "航班日期": "2026-01-28",
      "航班代码": "MU2140/MU2183",
      "价格": "977"
    },
    {
      "出发地": "三亚",
      "目的地": "沈阳",
      "航班类型": "国内航班",
      "航班日期": "2026-01-29",
      "航班代码": "CZ6344",
      "价格": "1120"
    },
    {
      "出发地": "三亚",
      "目的地": "沈阳",
      "航班类型": "国内航班",
      "航班日期": "2026-01-30",
      "航班代码": "MU2140/MU2183",
      "价格": "977"
    },
    {
      "出发地": "三亚",
      "目的地": "沈阳",
      "航班类型": "国内航班",
      "航班日期": "2026-01-31",
      "航班代码": "3U6730/MU9801",
      "价格": "1415"
    },
    {
      "出发地": "三亚",
      "目的地": "沈阳",
      "航班类型": "国内航班",
      "航班日期": "2026-02-01",
      "航班代码": "GJ8256/9C8919",
      "价格": "1598"
    },
    {
      "出发地": "三亚",
      "目的地": "沈阳",
      "航班类型": "国内航班",
      "航班日期": "2026-02-02",
      "航班代码": "MF8322/9C8919",
      "价格": "1308"
    },
    {
      "出发地": "三亚",
      "目的地": "沈阳",
      "航班类型": "国内航班",
      "航班日期": "2026-02-03",
      "航班代码": "CZ2332/CZ5356",
      "价格": "1389"
    },
    {
      "出发地": "三亚",
      "目的地": "沈阳",
      "航班类型": "国内航班",
      "航班日期": "2026-02-04",
      "航班代码": "CA1346/CA1635",
      "价格": "1447"
    },
    {
      "出发地": "三亚",
      "目的地": "沈阳",
      "航班类型": "国内航班",
      "航班日期": "2026-02-05",
      "航班代码": "GJ3023",
      "价格": "1840"
    },
    {
      "出发地": "三亚",
      "目的地": "沈阳",
      "航班类型": "国内航班",
      "航班日期": "2026-02-06",
      "航班代码": "CZ6344",
      "价格": "1530"
    },
    {
      "出发地": "三亚",
      "目的地": "沈阳",
      "航班类型": "国内航班",
      "航班日期": "2026-02-07",
      "航班代码": "GJ8256/9C8919",
      "价格": "1946"
    },
    {
      "出发地": "三亚",
      "目的地": "沈阳",
      "航班类型": "国内航班",
      "航班日期": "2026-02-08",
      "航班代码": "CZ6344",
      "价格": "1530"
    },
    {
      "出发地": "三亚",
      "目的地": "沈阳",
      "航班类型": "国内航班",
      "航班日期": "2026-02-09",
      "航班代码": "CA1388/CA1601",
      "价格": "1648"
    },
    {
      "出发地": "三亚",
      "目的地": "沈阳",
      "航班类型": "国内航班",
      "航班日期": "2026-02-10",
      "航班代码": "CZ6344",
      "价格": "1690"
    },
    {
      "出发地": "三亚",
      "目的地": "沈阳",
      "航班类型": "国内航班",
      "航班日期": "2026-02-11",
      "航班代码": "9C6468",
      "价格": "2030"
    },
    {
      "出发地": "三亚",
      "目的地": "沈阳",
      "航班类型": "国内航班",
      "航班日期": "2026-02-14",
      "航班代码": "MF1278",
      "价格": "1690"
    },
    {
      "出发地": "三亚",
      "目的地": "沈阳",
      "航班类型": "国内航班",
      "航班日期": "2026-02-17",
      "航班代码": "FM9536/CA8315",
      "价格": "1650"
    },
    {
      "出发地": "三亚",
      "目的地": "沈阳",
      "航班类型": "国内航班",
      "航班日期": "2026-02-21",
      "航班代码": "ZH9324/CZ6310",
      "价格": "2556"
    },
    {
      "出发地": "三亚",
      "目的地": "沈阳",
      "航班类型": "国内航班",
      "航班日期": "2026-02-22",
      "航班代码": "ZH9322/DZ6223",
      "价格": "2477"
    },
    {
      "出发地": "三亚",
      "目的地": "沈阳",
      "航班类型": "国内航班",
      "航班日期": "2026-02-23",
      "航班代码": "CZ6498/DZ6229",
      "价格": "2499"
    },
    {
      "出发地": "三亚",
      "目的地": "沈阳",
      "航班类型": "国内航班",
      "航班日期": "2026-02-25",
      "航班代码": "ZH9326/DZ6229",
      "价格": "2298"
    },
    {
      "出发地": "三亚",
      "目的地": "沈阳",
      "航班类型": "国内航班",
      "航班日期": "2026-02-26",
      "航班代码": "CZ6498/CZ6304",
      "价格": "2022"
    },
    {
      "出发地": "三亚",
      "目的地": "沈阳",
      "航班类型": "国内航班",
      "航班日期": "2026-02-28",
      "航班代码": "HO2348/9C7635",
      "价格": "1848"
    },
    {
      "出发地": "三亚",
      "目的地": "沈阳",
      "航班类型": "国内航班",
      "航班日期": "2026-03-01",
      "航班代码": "HO1128/9C7635",
      "价格": "1688"
    },
    {
      "出发地": "三亚",
      "目的地": "沈阳",
      "航班类型": "国内航班",
      "航班日期": "2026-03-03",
      "航班代码": "9C8802/9C7635",
      "价格": "1509"
    },
    {
      "出发地": "三亚",
      "目的地": "沈阳",
      "航班类型": "国内航班",
      "航班日期": "2026-03-15",
      "航班代码": "9C8802/9C7635",
      "价格": "1050"
    },
    {
      "出发地": "三亚",
      "目的地": "沈阳",
      "航班类型": "国内航班",
      "航班日期": "2026-03-17",
      "航班代码": "9C8802/9C7635",
      "价格": "890"
    },
    {
      "出发地": "三亚",
      "目的地": "沈阳",
      "航班类型": "国内航班",
      "航班日期": "2026-03-18",
      "航班代码": "9C8802/9C7635",
      "价格": "890"
    },
    {
      "出发地": "三亚",
      "目的地": "沈阳",
      "航班类型": "国内航班",
      "航班日期": "2026-03-21",
      "航班代码": "9C8802/9C7635",
      "价格": "890"
    },
    {
      "出发地": "三亚",
      "目的地": "沈阳",
      "航班类型": "国内航班",
      "航班日期": "2026-03-27",
      "航班代码": "FM9536/MU8317",
      "价格": "1154"
    },
    {
      "出发地": "三亚",
      "目的地": "沈阳",
      "航班类型": "国内航班",
      "航班日期": "2026-04-03",
      "航班代码": "MU2528/MU2545",
      "价格": "2485"
    }
  ]
}