{
  "查询条件": {
    "出发地": "三亚",
    "目的地": "广州"
  },
  "航班数量": 54,
  "航班列表": [
    {
      "出发地": "三亚",
      "目的地": "广州",
      "航班类型": "国内航班",
      "航班日期": "2025-12-16",
      "航班代码": "CZ6629/MF8319",
      "价格": "450"
    },
    {
      "出发地": "三亚",
      "目的地": "广州",
      "航班类型": "国内航班",
      "航班日期": "2025-12-17",
      "航班代码": "HU7383/MF8319",
      "价格": "456"
    },
    {
      "出发地": "三亚",
      "目的地": "广州",
      "航班类型": "国内航班",
      "航班日期": "2025-12-18",
      "航班代码": "CA2684/CA4319",
      "价格": "495"
    },
    {
      "出发地": "三亚",
      "目的地": "广州",
      "航班类型": "国内航班",
      "航班日期": "2025-12-19",
      "航班代码": "CA2684/CA4319",
      "价格": "495"
    },
    {
      "出发地": "三亚",
      "目的地": "广州",
      "航班类型": "国内航班",
      "航班日期": "2025-12-20",
      "航班代码": "HU7383/HU7462",
      "价格": "450"
    },
    {
      "出发地": "三亚",
      "目的地": "广州",
      "航班类型": "国内航班",
      "航班日期": "2025-12-21",
      "航班代码": "HU7383/HU7362",
      "价格": "519"
    },
    {
      "出发地": "三亚",
      "目的地": "广州",
      "航班类型": "国内航班",
      "航班日期": "2025-12-22",
      "航班代码": "JD5177/JD5162",
      "价格": "459"
    },
    {
      "出发地": "三亚",
      "目的地": "广州",
      "航班类型": "国内航班",
      "航班日期": "2025-12-23",
      "航班代码": "JD5569/HU7204",
      "价格": "440"
    },
    {
      "出发地": "三亚",
      "目的地": "广州",
      "航班类型": "国内航班",
      "航班日期": "2025-12-24",
      "航班代码": "JD5569/HU7204",
      "价格": "440"
    },
    {
      "出发地": "三亚",
      "目的地": "广州",
      "航班类型": "国内航班",
      "航班日期": "2025-12-25",
      "航班代码": "JD5569/HU7204",
      "价格": "440"
    },
    {
      "出发地": "三亚",
      "目的地": "广州",
      "航班类型": "国内航班",
      "航班日期": "2025-12-26",
      "航班代码": "MU5772/MU5731",
      "价格": "561"
    },
    {
      "出发地": "三亚",
      "目的地": "广州",
      "航班类型": "国内航班",
      "航班日期": "2025-12-27",
      "航班代码": "HU7349/HU7142",
      "价格": "670"
    },
    {
      "出发地": "三亚",
      "目的地": "广州",
      "航班类型": "国内航班",
      "航班日期": "2025-12-28",
      "航班代码": "JD5569/HU7204",
      "价格": "920"
    },
    {
      "出发地": "三亚",
      "目的地": "广州",
      "航班类型": "国内航班",
      "航班日期": "2025-12-29",
      "航班代码": "CZ5971/CZ6412",
      "价格": "710"
    },
    {
      "出发地": "三亚",
      "目的地": "广州",
      "航班类型": "国内航班",
      "航班日期": "2025-12-30",
      "航班代码": "HU7349/HU7142",
      "价格": "640"
    },
    {
      "出发地": "三亚",
      "目的地": "广州",
      "航班类型": "国内航班",
      "航班日期": "2025-12-31",
      "航班代码": "MU2728/MU2807",
      "价格": "520"
    },
    {
      "出发地": "三亚",
      "目的地": "广州",
      "航班类型": "国内航班",
      "航班日期": "2026-01-01",
      "航班代码": "CA2684/CA4319",
      "价格": "499"
    },
    {
      "出发地": "三亚",
      "目的地": "广州",
      "航班类型": "国内航班",
      "航班日期": "2026-01-02",
      "航班代码": "CA2684/CA4319",
      "价格": "500"
    },
    {
      "出发地": "三亚",
      "目的地": "广州",
      "航班类型": "国内航班",
      "航班日期": "2026-01-03",
      "航班代码": "MU5772/MU5739",
      "价格": "570"
    },
    {
      "出发地": "三亚",
      "目的地": "广州",
      "航班类型": "国内航班",
      "航班日期": "2026-01-04",
      "航班代码": "MU5772/MU5731",
      "价格": "570"
    },
    {
      "出发地": "三亚",
      "目的地": "广州",
      "航班类型": "国内航班",
      "航班日期": "2026-01-05",
      "航班代码": "AQ1112",
      "价格": "369"
    },
    {
      "出发地": "三亚",
      "目的地": "广州",
      "航班类型": "国内航班",
      "航班日期": "2026-01-06",
      "航班代码": "AQ1112",
      "价格": "439"
    },
    {
      "出发地": "三亚",
      "目的地": "广州",
      "航班类型": "国内航班",
      "航班日期": "2026-01-07",
      "航班代码": "AQ1112",
      "价格": "369"
    },
    {
      "出发地": "三亚",
      "目的地": "广州",
      "航班类型": "国内航班",
      "航班日期": "2026-01-08",
      "航班代码": "AQ1112",
      "价格": "439"
    },
    {
      "出发地": "三亚",
      "目的地": "广州",
      "航班类型": "国内航班",
      "航班日期": "2026-01-09",
      "航班代码": "AQ1112",
      "价格": "369"
    },
    {
      "出发地": "三亚",
      "目的地": "广州",
      "航班类型": "国内航班",
      "航班日期": "2026-01-10",
      "航班代码": "AQ1112",
      "价格": "369"
    },
    {
      "出发地": "三亚",
      "目的地": "广州",
      "航班类型": "国内航班",
      "航班日期": "2026-01-11",
      "航班代码": "AQ1114",
      "价格": "429"
    },
    {
      "出发地": "三亚",
      "目的地": "广州",
      "航班类型": "国内航班",
      "航班日期": "2026-01-12",
      "航班代码": "AQ1112",
      "价格": "369"
    },
    {
      "出发地": "三亚",
      "目的地": "广州",
      "航班类型": "国内航班",
      "航班日期": "2026-01-13",
      "航班代码": "AQ1112",
      "价格": "369"
    },
    {
      "出发地": "三亚",
      "目的地": "广州",
      "航班类型": "国内航班",
      "航班日期": "2026-01-14",
      "航班代码": "AQ1112",
      "价格": "369"
    },
    {
      "出发地": "三亚",
      "目的地": "广州",
      "航班类型": "国内航班",
      "航班日期": "2026-01-15",
      "航班代码": "AQ1112",
      "价格": "369"
    },
    {
      "出发地": "三亚",
      "目的地": "广州",
      "航班类型": "国内航班",
      "航班日期": "2026-01-16",
      "航班代码": "AQ1112",
      "价格": "369"
    },
    {
      "出发地": "三亚",
      "目的地": "广州",
      "航班类型": "国内航班",
      "航班日期": "2026-01-17",
      "航班代码": "AQ1112",
      "价格": "509"
    },
    {
      "出发地": "三亚",
      "目的地": "广州",
      "航班类型": "国内航班",
      "航班日期": "2026-01-18",
      "航班代码": "AQ1112",
      "价格": "509"
    },
    {
      "出发地": "三亚",
      "目的地": "广州",
      "航班类型": "国内航班",
      "航班日期": "2026-01-19",
      "航班代码": "AQ1112",
      "价格": "369"
    },
    {
      "出发地": "三亚",
      "目的地": "广州",
      "航班类型": "国内航班",
      "航班日期": "2026-01-20",
      "航班代码": "AQ1112",
      "价格": "369"
    },
    {
      "出发地": "三亚",
      "目的地": "广州",
      "航班类型": "国内航班",
      "航班日期": "2026-01-31",
      "航班代码": "MF1271",
      "价格": "590"
    },
    {
      "出发地": "三亚",
      "目的地": "广州",
      "航班类型": "国内航班",
      "航班日期": "2026-02-02",
      "航班代码": "AQ1112",
      "价格": "509"
    },
    {
      "出发地": "三亚",
      "目的地": "广州",
      "航班类型": "国内航班",
      "航班日期": "2026-02-03",
      "航班代码": "AQ1112",
      "价格": "509"
    },
    {
      "出发地": "三亚",
      "目的地": "广州",
      "航班类型": "国内航班",
      "航班日期": "2026-02-07",
      "航班代码": "CA4388/CA4361",
      "价格": "1159"
    },
    {
      "出发地": "三亚",
      "目的地": "广州",
      "航班类型": "国内航班",
      "航班日期": "2026-02-10",
      "航班代码": "CA4388/CA4361",
      "价格": "1159"
    },
    {
      "出发地": "三亚",
      "目的地": "广州",
      "航班类型": "国内航班",
      "航班日期": "2026-02-11",
      "航班代码": "GY7106/CZ6394",
      "价格": "1349"
    },
    {
      "出发地": "三亚",
      "目的地": "广州",
      "航班类型": "国内航班",
      "航班日期": "2026-02-15",
      "航班代码": "MF1271",
      "价格": "660"
    },
    {
      "出发地": "三亚",
      "目的地": "广州",
      "航班类型": "国内航班",
      "航班日期": "2026-02-16",
      "航班代码": "MF1271",
      "价格": "660"
    },
    {
      "出发地": "三亚",
      "目的地": "广州",
      "航班类型": "国内航班",
      "航班日期": "2026-02-17",
      "航班代码": "MF1271",
      "价格": "570"
    },
    {
      "出发地": "三亚",
      "目的地": "广州",
      "航班类型": "国内航班",
      "航班日期": "2026-02-19",
      "航班代码": "MF1271",
      "价格": "730"
    },
    {
      "出发地": "三亚",
      "目的地": "广州",
      "航班类型": "国内航班",
      "航班日期": "2026-02-20",
      "航班代码": "AQ1114",
      "价格": "1610"
    },
    {
      "出发地": "三亚",
      "目的地": "广州",
      "航班类型": "国内航班",
      "航班日期": "2026-02-21",
      "航班代码": "AQ1112",
      "价格": "1610"
    },
    {
      "出发地": "三亚",
      "目的地": "广州",
      "航班类型": "国内航班",
      "航班日期": "2026-02-22",
      "航班代码": "AQ1114",
      "价格": "1610"
    },
    {
      "出发地": "三亚",
      "目的地": "广州",
      "航班类型": "国内航班",
      "航班日期": "2026-02-25",
      "航班代码": "AQ1114",
      "价格": "1610"
    },
    {
      "出发地": "三亚",
      "目的地": "广州",
      "航班类型": "国内航班",
      "航班日期": "2026-02-26",
      "航班代码": "AQ1112",
      "价格": "1610"
    },
    {
      "出发地": "三亚",
      "目的地": "广州",
      "航班类型": "国内航班",
      "航班日期": "2026-02-27",
      "航班代码": "AQ1114",
      "价格": "1610"
    },
    {
      "出发地": "三亚",
      "目的地": "广州",
      "航班类型": "国内航班",
      "航班日期": "2026-02-28",
      "航班代码": "AQ1112",
      "价格": "1610"
    },
    {
      "出发地": "三亚",
      "目的地": "广州",
      "航班类型": "国内航班",
      "航班日期": "2026-03-05",
      "航班代码": "MU2528/MU2542",
      "价格": "1051"
    }
  ]
}