{
  "查询条件": {
    "出发地": "三亚",
    "目的地": "太原"
  },
  "航班数量": 35,
  "航班列表": [
    {
      "出发地": "三亚",
      "目的地": "太原",
      "航班类型": "国内航班",
      "航班日期": "2025-12-16",
      "航班代码": "PN6214/PN6475",
      "价格": "400"
    },
    {
      "出发地": "三亚",
      "目的地": "太原",
      "航班类型": "国内航班",
      "航班日期": "2025-12-17",
      "航班代码": "PN6214/PN6475",
      "价格": "410"
    },
    {
      "出发地": "三亚",
      "目的地": "太原",
      "航班类型": "国内航班",
      "航班日期": "2025-12-18",
      "航班代码": "HO2348/9C8733",
      "价格": "419"
    },
    {
      "出发地": "三亚",
      "目的地": "太原",
      "航班类型": "国内航班",
      "航班日期": "2025-12-19",
      "航班代码": "9C8802/9C8749",
      "价格": "398"
    },
    {
      "出发地": "三亚",
      "目的地": "太原",
      "航班类型": "国内航班",
      "航班日期": "2025-12-20",
      "航班代码": "MU5398/MU2401",
      "价格": "440"
    },
    {
      "出发地": "三亚",
      "目的地": "太原",
      "航班类型": "国内航班",
      "航班日期": "2025-12-21",
      "航班代码": "KN5220/KN5257",
      "价格": "399"
    },
    {
      "出发地": "三亚",
      "目的地": "太原",
      "航班类型": "国内航班",
      "航班日期": "2025-12-22",
      "航班代码": "MU5398/MU2401",
      "价格": "440"
    },
    {
      "出发地": "三亚",
      "目的地": "太原",
      "航班类型": "国内航班",
      "航班日期": "2025-12-23",
      "航班代码": "PN6214/PN6475",
      "价格": "410"
    },
    {
      "出发地": "三亚",
      "目的地": "太原",
      "航班类型": "国内航班",
      "航班日期": "2025-12-24",
      "航班代码": "9C8802/9C8749",
      "价格": "398"
    },
    {
      "出发地": "三亚",
      "目的地": "太原",
      "航班类型": "国内航班",
      "航班日期": "2025-12-25",
      "航班代码": "KN5220/KN5257",
      "价格": "399"
    },
    {
      "出发地": "三亚",
      "目的地": "太原",
      "航班类型": "国内航班",
      "航班日期": "2025-12-26",
      "航班代码": "MU5398/9C8749",
      "价格": "416"
    },
    {
      "出发地": "三亚",
      "目的地": "太原",
      "航班类型": "国内航班",
      "航班日期": "2025-12-27",
      "航班代码": "CA1378/CA1145",
      "价格": "500"
    },
    {
      "出发地": "三亚",
      "目的地": "太原",
      "航班类型": "国内航班",
      "航班日期": "2025-12-28",
      "航班代码": "GS7886/GS7803",
      "价格": "709"
    },
    {
      "出发地": "三亚",
      "目的地": "太原",
      "航班类型": "国内航班",
      "航班日期": "2025-12-29",
      "航班代码": "GS7886/GS7803",
      "价格": "639"
    },
    {
      "出发地": "三亚",
      "目的地": "太原",
      "航班类型": "国内航班",
      "航班日期": "2025-12-30",
      "航班代码": "PN6214/PN6475",
      "价格": "480"
    },
    {
      "出发地": "三亚",
      "目的地": "太原",
      "航班类型": "国内航班",
      "航班日期": "2025-12-31",
      "航班代码": "CA1346/CA1145",
      "价格": "500"
    },
    {
      "出发地": "三亚",
      "目的地": "太原",
      "航班类型": "国内航班",
      "航班日期": "2026-01-01",
      "航班代码": "CA1388/CA1145",
      "价格": "599"
    },
    {
      "出发地": "三亚",
      "目的地": "太原",
      "航班类型": "国内航班",
      "航班日期": "2026-01-04",
      "航班代码": "MU2528/MU6352",
      "价格": "450"
    },
    {
      "出发地": "三亚",
      "目的地": "太原",
      "航班类型": "国内航班",
      "航班日期": "2026-01-06",
      "航班代码": "MU2528/MU6352",
      "价格": "460"
    },
    {
      "出发地": "三亚",
      "目的地": "太原",
      "航班类型": "国内航班",
      "航班日期": "2026-01-10",
      "航班代码": "MU5398/MU5219",
      "价格": "522"
    },
    {
      "出发地": "三亚",
      "目的地": "太原",
      "航班类型": "国内航班",
      "航班日期": "2026-01-11",
      "航班代码": "MU2728/MU2703",
      "价格": "520"
    },
    {
      "出发地": "三亚",
      "目的地": "太原",
      "航班类型": "国内航班",
      "航班日期": "2026-01-12",
      "航班代码": "CA1388/CA1145",
      "价格": "599"
    },
    {
      "出发地": "三亚",
      "目的地": "太原",
      "航班类型": "国内航班",
      "航班日期": "2026-01-14",
      "航班代码": "MU2528/MU6352",
      "价格": "450"
    },
    {
      "出发地": "三亚",
      "目的地": "太原",
      "航班类型": "国内航班",
      "航班日期": "2026-01-17",
      "航班代码": "MU5772/MU6088",
      "价格": "620"
    },
    {
      "出发地": "三亚",
      "目的地": "太原",
      "航班类型": "国内航班",
      "航班日期": "2026-01-25",
      "航班代码": "MU5772/MU6088",
      "价格": "620"
    },
    {
      "出发地": "三亚",
      "目的地": "太原",
      "航班类型": "国内航班",
      "航班日期": "2026-02-05",
      "航班代码": "CZ3944/CZ3927",
      "价格": "1335"
    },
    {
      "出发地": "三亚",
      "目的地": "太原",
      "航班类型": "国内航班",
      "航班日期": "2026-02-09",
      "航班代码": "JD5079/GT1071",
      "价格": "1304"
    },
    {
      "出发地": "三亚",
      "目的地": "太原",
      "航班类型": "国内航班",
      "航班日期": "2026-02-22",
      "航班代码": "3U3225/CZ3927",
      "价格": "2166"
    },
    {
      "出发地": "三亚",
      "目的地": "太原",
      "航班类型": "国内航班",
      "航班日期": "2026-02-23",
      "航班代码": "CZ6498/GJ8735",
      "价格": "2078"
    },
    {
      "出发地": "三亚",
      "目的地": "太原",
      "航班类型": "国内航班",
      "航班日期": "2026-02-24",
      "航班代码": "ZH9326/GJ8735",
      "价格": "1918"
    },
    {
      "出发地": "三亚",
      "目的地": "太原",
      "航班类型": "国内航班",
      "航班日期": "2026-02-25",
      "航班代码": "CZ6704/DZ6305",
      "价格": "1769"
    },
    {
      "出发地": "三亚",
      "目的地": "太原",
      "航班类型": "国内航班",
      "航班日期": "2026-02-26",
      "航班代码": "ZH9326/GJ8735",
      "价格": "1718"
    },
    {
      "出发地": "三亚",
      "目的地": "太原",
      "航班类型": "国内航班",
      "航班日期": "2026-02-27",
      "航班代码": "CZ6704/DZ6305",
      "价格": "1672"
    },
    {
      "出发地": "三亚",
      "目的地": "太原",
      "航班类型": "国内航班",
      "航班日期": "2026-02-28",
      "航班代码": "CZ6498/GJ8735",
      "价格": "1728"
    },
    {
      "出发地": "三亚",
      "目的地": "太原",
      "航班类型": "国内航班",
      "航班日期": "2026-07-04",
      "航班代码": "MU2528/MU5134",
      "价格": "2158"
    }
  ]
}