{
  "查询条件": {
    "出发地": "三亚",
    "目的地": "深圳"
  },
  "航班数量": 45,
  "航班列表": [
    {
      "出发地": "三亚",
      "目的地": "深圳",
      "航班类型": "国内航班",
      "航班日期": "2025-12-16",
      "航班代码": "HU7383/HU7398",
      "价格": "420"
    },
    {
      "出发地": "三亚",
      "目的地": "深圳",
      "航班类型": "国内航班",
      "航班日期": "2025-12-17",
      "航班代码": "3U8062/3U8781",
      "价格": "380"
    },
    {
      "出发地": "三亚",
      "目的地": "深圳",
      "航班类型": "国内航班",
      "航班日期": "2025-12-18",
      "航班代码": "EU1817/DZ6222",
      "价格": "448"
    },
    {
      "出发地": "三亚",
      "目的地": "深圳",
      "航班类型": "国内航班",
      "航班日期": "2025-12-19",
      "航班代码": "PN6214/PN6229",
      "价格": "500"
    },
    {
      "出发地": "三亚",
      "目的地": "深圳",
      "航班类型": "国内航班",
      "航班日期": "2025-12-20",
      "航班代码": "3U1473",
      "价格": "460"
    },
    {
      "出发地": "三亚",
      "目的地": "深圳",
      "航班类型": "国内航班",
      "航班日期": "2025-12-21",
      "航班代码": "PN6566/PN6229",
      "价格": "510"
    },
    {
      "出发地": "三亚",
      "目的地": "深圳",
      "航班类型": "国内航班",
      "航班日期": "2025-12-22",
      "航班代码": "ZH9322",
      "价格": "380"
    },
    {
      "出发地": "三亚",
      "目的地": "深圳",
      "航班类型": "国内航班",
      "航班日期": "2025-12-23",
      "航班代码": "PN6214/PN6229",
      "价格": "500"
    },
    {
      "出发地": "三亚",
      "目的地": "深圳",
      "航班类型": "国内航班",
      "航班日期": "2025-12-24",
      "航班代码": "3U1722",
      "价格": "400"
    },
    {
      "出发地": "三亚",
      "目的地": "深圳",
      "航班类型": "国内航班",
      "航班日期": "2025-12-25",
      "航班代码": "3U1722",
      "价格": "400"
    },
    {
      "出发地": "三亚",
      "目的地": "深圳",
      "航班类型": "国内航班",
      "航班日期": "2025-12-26",
      "航班代码": "PN6214/PN6229",
      "价格": "540"
    },
    {
      "出发地": "三亚",
      "目的地": "深圳",
      "航班类型": "国内航班",
      "航班日期": "2025-12-27",
      "航班代码": "3U3217/CZ5377",
      "价格": "690"
    },
    {
      "出发地": "三亚",
      "目的地": "深圳",
      "航班类型": "国内航班",
      "航班日期": "2025-12-28",
      "航班代码": "3U3213/CZ8580",
      "价格": "830"
    },
    {
      "出发地": "三亚",
      "目的地": "深圳",
      "航班类型": "国内航班",
      "航班日期": "2025-12-29",
      "航班代码": "CZ5971/CZ5377",
      "价格": "730"
    },
    {
      "出发地": "三亚",
      "目的地": "深圳",
      "航班类型": "国内航班",
      "航班日期": "2025-12-30",
      "航班代码": "HU7359/HU7774",
      "价格": "599"
    },
    {
      "出发地": "三亚",
      "目的地": "深圳",
      "航班类型": "国内航班",
      "航班日期": "2025-12-31",
      "航班代码": "3U8062/3U8781",
      "价格": "499"
    },
    {
      "出发地": "三亚",
      "目的地": "深圳",
      "航班类型": "国内航班",
      "航班日期": "2026-01-01",
      "航班代码": "MF1128",
      "价格": "480"
    },
    {
      "出发地": "三亚",
      "目的地": "深圳",
      "航班类型": "国内航班",
      "航班日期": "2026-01-02",
      "航班代码": "HU7359/HU7774",
      "价格": "779"
    },
    {
      "出发地": "三亚",
      "目的地": "深圳",
      "航班类型": "国内航班",
      "航班日期": "2026-01-03",
      "航班代码": "3U3217/ZH9958",
      "价格": "800"
    },
    {
      "出发地": "三亚",
      "目的地": "深圳",
      "航班类型": "国内航班",
      "航班日期": "2026-01-04",
      "航班代码": "MU5772/MU5757",
      "价格": "670"
    },
    {
      "出发地": "三亚",
      "目的地": "深圳",
      "航班类型": "国内航班",
      "航班日期": "2026-01-05",
      "航班代码": "PN6214/PN6229",
      "价格": "685"
    },
    {
      "出发地": "三亚",
      "目的地": "深圳",
      "航班类型": "国内航班",
      "航班日期": "2026-01-06",
      "航班代码": "3U1722",
      "价格": "510"
    },
    {
      "出发地": "三亚",
      "目的地": "深圳",
      "航班类型": "国内航班",
      "航班日期": "2026-01-08",
      "航班代码": "3U1473",
      "价格": "460"
    },
    {
      "出发地": "三亚",
      "目的地": "深圳",
      "航班类型": "国内航班",
      "航班日期": "2026-01-11",
      "航班代码": "3U1473",
      "价格": "510"
    },
    {
      "出发地": "三亚",
      "目的地": "深圳",
      "航班类型": "国内航班",
      "航班日期": "2026-01-12",
      "航班代码": "MF1128",
      "价格": "480"
    },
    {
      "出发地": "三亚",
      "目的地": "深圳",
      "航班类型": "国内航班",
      "航班日期": "2026-01-13",
      "航班代码": "3U1722",
      "价格": "400"
    },
    {
      "出发地": "三亚",
      "目的地": "深圳",
      "航班类型": "国内航班",
      "航班日期": "2026-01-14",
      "航班代码": "CZ6498",
      "价格": "419"
    },
    {
      "出发地": "三亚",
      "目的地": "深圳",
      "航班类型": "国内航班",
      "航班日期": "2026-01-17",
      "航班代码": "3U1722",
      "价格": "400"
    },
    {
      "出发地": "三亚",
      "目的地": "深圳",
      "航班类型": "国内航班",
      "航班日期": "2026-01-19",
      "航班代码": "3U1722",
      "价格": "460"
    },
    {
      "出发地": "三亚",
      "目的地": "深圳",
      "航班类型": "国内航班",
      "航班日期": "2026-01-20",
      "航班代码": "3U1722",
      "价格": "400"
    },
    {
      "出发地": "三亚",
      "目的地": "深圳",
      "航班类型": "国内航班",
      "航班日期": "2026-01-25",
      "航班代码": "3U1473",
      "价格": "510"
    },
    {
      "出发地": "三亚",
      "目的地": "深圳",
      "航班类型": "国内航班",
      "航班日期": "2026-01-30",
      "航班代码": "CZ3977",
      "价格": "644"
    },
    {
      "出发地": "三亚",
      "目的地": "深圳",
      "航班类型": "国内航班",
      "航班日期": "2026-02-03",
      "航班代码": "CZ6498",
      "价格": "644"
    },
    {
      "出发地": "三亚",
      "目的地": "深圳",
      "航班类型": "国内航班",
      "航班日期": "2026-02-05",
      "航班代码": "CZ3977",
      "价格": "630"
    },
    {
      "出发地": "三亚",
      "目的地": "深圳",
      "航班类型": "国内航班",
      "航班日期": "2026-02-13",
      "航班代码": "CZ3977",
      "价格": "630"
    },
    {
      "出发地": "三亚",
      "目的地": "深圳",
      "航班类型": "国内航班",
      "航班日期": "2026-02-15",
      "航班代码": "CZ3977",
      "价格": "630"
    },
    {
      "出发地": "三亚",
      "目的地": "深圳",
      "航班类型": "国内航班",
      "航班日期": "2026-02-20",
      "航班代码": "CA3666",
      "价格": "1230"
    },
    {
      "出发地": "三亚",
      "目的地": "深圳",
      "航班类型": "国内航班",
      "航班日期": "2026-02-22",
      "航班代码": "CA3666",
      "价格": "1220"
    },
    {
      "出发地": "三亚",
      "目的地": "深圳",
      "航班类型": "国内航班",
      "航班日期": "2026-02-23",
      "航班代码": "CA3666",
      "价格": "1220"
    },
    {
      "出发地": "三亚",
      "目的地": "深圳",
      "航班类型": "国内航班",
      "航班日期": "2026-02-24",
      "航班代码": "SC9346",
      "价格": "1230"
    },
    {
      "出发地": "三亚",
      "目的地": "深圳",
      "航班类型": "国内航班",
      "航班日期": "2026-02-25",
      "航班代码": "SC9346",
      "价格": "1220"
    },
    {
      "出发地": "三亚",
      "目的地": "深圳",
      "航班类型": "国内航班",
      "航班日期": "2026-02-26",
      "航班代码": "SC9346",
      "价格": "1220"
    },
    {
      "出发地": "三亚",
      "目的地": "深圳",
      "航班类型": "国内航班",
      "航班日期": "2026-02-27",
      "航班代码": "SC9346",
      "价格": "1230"
    },
    {
      "出发地": "三亚",
      "目的地": "深圳",
      "航班类型": "国内航班",
      "航班日期": "2026-02-28",
      "航班代码": "SC9346",
      "价格": "1230"
    },
    {
      "出发地": "三亚",
      "目的地": "深圳",
      "航班类型": "国内航班",
      "航班日期": "2026-03-01",
      "航班代码": "SC9346",
      "价格": "1230"
    }
  ]
}