{
  "查询条件": {
    "出发地": "三亚",
    "目的地": "南宁"
  },
  "航班数量": 12,
  "航班列表": [
    {
      "出发地": "三亚",
      "目的地": "南宁",
      "航班类型": "国内航班",
      "航班日期": "2025-12-16",
      "航班代码": "BK3231",
      "价格": "350"
    },
    {
      "出发地": "三亚",
      "目的地": "南宁",
      "航班类型": "国内航班",
      "航班日期": "2025-12-17",
      "航班代码": "BK3231",
      "价格": "270"
    },
    {
      "出发地": "三亚",
      "目的地": "南宁",
      "航班类型": "国内航班",
      "航班日期": "2025-12-18",
      "航班代码": "BK3231",
      "价格": "363"
    },
    {
      "出发地": "三亚",
      "目的地": "南宁",
      "航班类型": "国内航班",
      "航班日期": "2025-12-19",
      "航班代码": "BK3231",
      "价格": "300"
    },
    {
      "出发地": "三亚",
      "目的地": "南宁",
      "航班类型": "国内航班",
      "航班日期": "2025-12-20",
      "航班代码": "BK3231",
      "价格": "300"
    },
    {
      "出发地": "三亚",
      "目的地": "南宁",
      "航班类型": "国内航班",
      "航班日期": "2025-12-21",
      "航班代码": "BK3231",
      "价格": "300"
    },
    {
      "出发地": "三亚",
      "目的地": "南宁",
      "航班类型": "国内航班",
      "航班日期": "2025-12-23",
      "航班代码": "BK3231",
      "价格": "450"
    },
    {
      "出发地": "三亚",
      "目的地": "南宁",
      "航班类型": "国内航班",
      "航班日期": "2025-12-27",
      "航班代码": "BK3231",
      "价格": "450"
    },
    {
      "出发地": "三亚",
      "目的地": "南宁",
      "航班类型": "国内航班",
      "航班日期": "2026-02-01",
      "航班代码": "CZ2332/CZ6798",
      "价格": "1224"
    },
    {
      "出发地": "三亚",
      "目的地": "南宁",
      "航班类型": "国内航班",
      "航班日期": "2026-02-03",
      "航班代码": "HU7345",
      "价格": "1230"
    },
    {
      "出发地": "三亚",
      "目的地": "南宁",
      "航班类型": "国内航班",
      "航班日期": "2026-02-07",
      "航班代码": "BK3035",
      "价格": "1350"
    },
    {
      "出发地": "三亚",
      "目的地": "南宁",
      "航班类型": "国内航班",
      "航班日期": "2026-02-26",
      "航班代码": "BK3035",
      "价格": "1350"
    }
  ]
}