{
  "查询条件": {
    "出发地": "三亚",
    "目的地": "昆明"
  },
  "航班数量": 36,
  "航班列表": [
    {
      "出发地": "三亚",
      "目的地": "昆明",
      "航班类型": "国内航班",
      "航班日期": "2025-12-16",
      "航班代码": "CZ5139",
      "价格": "270"
    },
    {
      "出发地": "三亚",
      "目的地": "昆明",
      "航班类型": "国内航班",
      "航班日期": "2025-12-17",
      "航班代码": "MU5772",
      "价格": "230"
    },
    {
      "出发地": "三亚",
      "目的地": "昆明",
      "航班类型": "国内航班",
      "航班日期": "2025-12-18",
      "航班代码": "TV9806/TV9961",
      "价格": "470"
    },
    {
      "出发地": "三亚",
      "目的地": "昆明",
      "航班类型": "国内航班",
      "航班日期": "2025-12-19",
      "航班代码": "HU7353/HU7641",
      "价格": "410"
    },
    {
      "出发地": "三亚",
      "目的地": "昆明",
      "航班类型": "国内航班",
      "航班日期": "2025-12-20",
      "航班代码": "KN5220/KN5007",
      "价格": "500"
    },
    {
      "出发地": "三亚",
      "目的地": "昆明",
      "航班类型": "国内航班",
      "航班日期": "2025-12-21",
      "航班代码": "GJ3553",
      "价格": "400"
    },
    {
      "出发地": "三亚",
      "目的地": "昆明",
      "航班类型": "国内航班",
      "航班日期": "2025-12-22",
      "航班代码": "JD5177/8L9722",
      "价格": "400"
    },
    {
      "出发地": "三亚",
      "目的地": "昆明",
      "航班类型": "国内航班",
      "航班日期": "2025-12-23",
      "航班代码": "CZ5139",
      "价格": "320"
    },
    {
      "出发地": "三亚",
      "目的地": "昆明",
      "航班类型": "国内航班",
      "航班日期": "2025-12-24",
      "航班代码": "CZ5139",
      "价格": "237"
    },
    {
      "出发地": "三亚",
      "目的地": "昆明",
      "航班类型": "国内航班",
      "航班日期": "2025-12-25",
      "航班代码": "CZ5139",
      "价格": "250"
    },
    {
      "出发地": "三亚",
      "目的地": "昆明",
      "航班类型": "国内航班",
      "航班日期": "2025-12-26",
      "航班代码": "MU5772",
      "价格": "378"
    },
    {
      "出发地": "三亚",
      "目的地": "昆明",
      "航班类型": "国内航班",
      "航班日期": "2025-12-27",
      "航班代码": "TV9806/TV9961",
      "价格": "479"
    },
    {
      "出发地": "三亚",
      "目的地": "昆明",
      "航班类型": "国内航班",
      "航班日期": "2025-12-28",
      "航班代码": "CZ5139",
      "价格": "400"
    },
    {
      "出发地": "三亚",
      "目的地": "昆明",
      "航班类型": "国内航班",
      "航班日期": "2025-12-29",
      "航班代码": "CZ5139",
      "价格": "400"
    },
    {
      "出发地": "三亚",
      "目的地": "昆明",
      "航班类型": "国内航班",
      "航班日期": "2025-12-30",
      "航班代码": "HU7663/KY8278",
      "价格": "997"
    },
    {
      "出发地": "三亚",
      "目的地": "昆明",
      "航班类型": "国内航班",
      "航班日期": "2025-12-31",
      "航班代码": "GJ3553",
      "价格": "400"
    },
    {
      "出发地": "三亚",
      "目的地": "昆明",
      "航班类型": "国内航班",
      "航班日期": "2026-01-03",
      "航班代码": "MU5772",
      "价格": "580"
    },
    {
      "出发地": "三亚",
      "目的地": "昆明",
      "航班类型": "国内航班",
      "航班日期": "2026-01-05",
      "航班代码": "CA2684/CA2545",
      "价格": "499"
    },
    {
      "出发地": "三亚",
      "目的地": "昆明",
      "航班类型": "国内航班",
      "航班日期": "2026-01-06",
      "航班代码": "CA2684/CA2545",
      "价格": "499"
    },
    {
      "出发地": "三亚",
      "目的地": "昆明",
      "航班类型": "国内航班",
      "航班日期": "2026-01-10",
      "航班代码": "GJ3553",
      "价格": "560"
    },
    {
      "出发地": "三亚",
      "目的地": "昆明",
      "航班类型": "国内航班",
      "航班日期": "2026-01-13",
      "航班代码": "JD5017",
      "价格": "574"
    },
    {
      "出发地": "三亚",
      "目的地": "昆明",
      "航班类型": "国内航班",
      "航班日期": "2026-01-15",
      "航班代码": "JD5017",
      "价格": "644"
    },
    {
      "出发地": "三亚",
      "目的地": "昆明",
      "航班类型": "国内航班",
      "航班日期": "2026-01-18",
      "航班代码": "MU5772",
      "价格": "440"
    },
    {
      "出发地": "三亚",
      "目的地": "昆明",
      "航班类型": "国内航班",
      "航班日期": "2026-01-23",
      "航班代码": "MU5772",
      "价格": "440"
    },
    {
      "出发地": "三亚",
      "目的地": "昆明",
      "航班类型": "国内航班",
      "航班日期": "2026-01-26",
      "航班代码": "CZ5139",
      "价格": "560"
    },
    {
      "出发地": "三亚",
      "目的地": "昆明",
      "航班类型": "国内航班",
      "航班日期": "2026-01-29",
      "航班代码": "GJ3553",
      "价格": "707"
    },
    {
      "出发地": "三亚",
      "目的地": "昆明",
      "航班类型": "国内航班",
      "航班日期": "2026-01-30",
      "航班代码": "8L9966",
      "价格": "1070"
    },
    {
      "出发地": "三亚",
      "目的地": "昆明",
      "航班类型": "国内航班",
      "航班日期": "2026-01-31",
      "航班代码": "MU5772",
      "价格": "580"
    },
    {
      "出发地": "三亚",
      "目的地": "昆明",
      "航班类型": "国内航班",
      "航班日期": "2026-02-03",
      "航班代码": "CZ2332/CZ2119",
      "价格": "1040"
    },
    {
      "出发地": "三亚",
      "目的地": "昆明",
      "航班类型": "国内航班",
      "航班日期": "2026-02-09",
      "航班代码": "CZ5139",
      "价格": "840"
    },
    {
      "出发地": "三亚",
      "目的地": "昆明",
      "航班类型": "国内航班",
      "航班日期": "2026-02-20",
      "航班代码": "CZ5139",
      "价格": "990"
    },
    {
      "出发地": "三亚",
      "目的地": "昆明",
      "航班类型": "国内航班",
      "航班日期": "2026-02-21",
      "航班代码": "CZ5139",
      "价格": "1500"
    },
    {
      "出发地": "三亚",
      "目的地": "昆明",
      "航班类型": "国内航班",
      "航班日期": "2026-02-22",
      "航班代码": "MU9680",
      "价格": "1500"
    },
    {
      "出发地": "三亚",
      "目的地": "昆明",
      "航班类型": "国内航班",
      "航班日期": "2026-02-24",
      "航班代码": "CZ6704/MU5888",
      "价格": "1390"
    },
    {
      "出发地": "三亚",
      "目的地": "昆明",
      "航班类型": "国内航班",
      "航班日期": "2026-02-25",
      "航班代码": "CZ6704/MU5888",
      "价格": "1389"
    },
    {
      "出发地": "三亚",
      "目的地": "昆明",
      "航班类型": "国内航班",
      "航班日期": "2026-02-28",
      "航班代码": "CZ6704/MU5888",
      "价格": "1389"
    }
  ]
}