{
  "查询条件": {
    "出发地": "三亚",
    "目的地": "长春"
  },
  "航班数量": 51,
  "航班列表": [
    {
      "出发地": "三亚",
      "目的地": "长春",
      "航班类型": "国内航班",
      "航班日期": "2025-12-16",
      "航班代码": "MU2140/MU8520",
      "价格": "400"
    },
    {
      "出发地": "三亚",
      "目的地": "长春",
      "航班类型": "国内航班",
      "航班日期": "2025-12-17",
      "航班代码": "LT1344",
      "价格": "570"
    },
    {
      "出发地": "三亚",
      "目的地": "长春",
      "航班类型": "国内航班",
      "航班日期": "2025-12-18",
      "航班代码": "MU2728/MU2739",
      "价格": "450"
    },
    {
      "出发地": "三亚",
      "目的地": "长春",
      "航班类型": "国内航班",
      "航班日期": "2025-12-19",
      "航班代码": "GS7546/9H8357",
      "价格": "669"
    },
    {
      "出发地": "三亚",
      "目的地": "长春",
      "航班类型": "国内航班",
      "航班日期": "2025-12-20",
      "航班代码": "MU2528/FM9496",
      "价格": "630"
    },
    {
      "出发地": "三亚",
      "目的地": "长春",
      "航班类型": "国内航班",
      "航班日期": "2025-12-21",
      "航班代码": "KN5220/KN5289",
      "价格": "499"
    },
    {
      "出发地": "三亚",
      "目的地": "长春",
      "航班类型": "国内航班",
      "航班日期": "2025-12-25",
      "航班代码": "BK2730",
      "价格": "700"
    },
    {
      "出发地": "三亚",
      "目的地": "长春",
      "航班类型": "国内航班",
      "航班日期": "2025-12-26",
      "航班代码": "LT1344",
      "价格": "800"
    },
    {
      "出发地": "三亚",
      "目的地": "长春",
      "航班类型": "国内航班",
      "航班日期": "2025-12-27",
      "航班代码": "CZ6713/CZ6180",
      "价格": "750"
    },
    {
      "出发地": "三亚",
      "目的地": "长春",
      "航班类型": "国内航班",
      "航班日期": "2025-12-28",
      "航班代码": "LT1344",
      "价格": "900"
    },
    {
      "出发地": "三亚",
      "目的地": "长春",
      "航班类型": "国内航班",
      "航班日期": "2025-12-29",
      "航班代码": "HU7597/JD5589",
      "价格": "899"
    },
    {
      "出发地": "三亚",
      "目的地": "长春",
      "航班类型": "国内航班",
      "航班日期": "2025-12-30",
      "航班代码": "CZ6711/CZ6194",
      "价格": "750"
    },
    {
      "出发地": "三亚",
      "目的地": "长春",
      "航班类型": "国内航班",
      "航班日期": "2026-01-02",
      "航班代码": "HU7663/AQ1683",
      "价格": "953"
    },
    {
      "出发地": "三亚",
      "目的地": "长春",
      "航班类型": "国内航班",
      "航班日期": "2026-01-03",
      "航班代码": "CZ6713/CZ6144",
      "价格": "750"
    },
    {
      "出发地": "三亚",
      "目的地": "长春",
      "航班类型": "国内航班",
      "航班日期": "2026-01-04",
      "航班代码": "MU5772/MU8532",
      "价格": "920"
    },
    {
      "出发地": "三亚",
      "目的地": "长春",
      "航班类型": "国内航班",
      "航班日期": "2026-01-05",
      "航班代码": "JD5531/JD5355",
      "价格": "919"
    },
    {
      "出发地": "三亚",
      "目的地": "长春",
      "航班类型": "国内航班",
      "航班日期": "2026-01-09",
      "航班代码": "CZ6711/CZ6144",
      "价格": "750"
    },
    {
      "出发地": "三亚",
      "目的地": "长春",
      "航班类型": "国内航班",
      "航班日期": "2026-01-10",
      "航班代码": "GJ8256/GJ8911",
      "价格": "910"
    },
    {
      "出发地": "三亚",
      "目的地": "长春",
      "航班类型": "国内航班",
      "航班日期": "2026-01-13",
      "航班代码": "MU5374/MU8570",
      "价格": "875"
    },
    {
      "出发地": "三亚",
      "目的地": "长春",
      "航班类型": "国内航班",
      "航班日期": "2026-01-17",
      "航班代码": "MU5374/MU8570",
      "价格": "1020"
    },
    {
      "出发地": "三亚",
      "目的地": "长春",
      "航班类型": "国内航班",
      "航班日期": "2026-01-18",
      "航班代码": "3U3201/9C6314",
      "价格": "1066"
    },
    {
      "出发地": "三亚",
      "目的地": "长春",
      "航班类型": "国内航班",
      "航班日期": "2026-01-19",
      "航班代码": "MU5374/MU8570",
      "价格": "1020"
    },
    {
      "出发地": "三亚",
      "目的地": "长春",
      "航班类型": "国内航班",
      "航班日期": "2026-01-20",
      "航班代码": "CA1378/CA1609",
      "价格": "993"
    },
    {
      "出发地": "三亚",
      "目的地": "长春",
      "航班类型": "国内航班",
      "航班日期": "2026-01-22",
      "航班代码": "GJ8256/GJ8911",
      "价格": "1237"
    },
    {
      "出发地": "三亚",
      "目的地": "长春",
      "航班类型": "国内航班",
      "航班日期": "2026-01-25",
      "航班代码": "CZ6713/CZ6180",
      "价格": "1250"
    },
    {
      "出发地": "三亚",
      "目的地": "长春",
      "航班类型": "国内航班",
      "航班日期": "2026-01-26",
      "航班代码": "MU5772/FM9486",
      "价格": "930"
    },
    {
      "出发地": "三亚",
      "目的地": "长春",
      "航班类型": "国内航班",
      "航班日期": "2026-01-27",
      "航班代码": "GJ8256/GJ8911",
      "价格": "1237"
    },
    {
      "出发地": "三亚",
      "目的地": "长春",
      "航班类型": "国内航班",
      "航班日期": "2026-01-28",
      "航班代码": "MU2340/MU8520",
      "价格": "1250"
    },
    {
      "出发地": "三亚",
      "目的地": "长春",
      "航班类型": "国内航班",
      "航班日期": "2026-01-30",
      "航班代码": "GJ8256/3U3187",
      "价格": "1528"
    },
    {
      "出发地": "三亚",
      "目的地": "长春",
      "航班类型": "国内航班",
      "航班日期": "2026-01-31",
      "航班代码": "GJ8256/CA8547",
      "价格": "1379"
    },
    {
      "出发地": "三亚",
      "目的地": "长春",
      "航班类型": "国内航班",
      "航班日期": "2026-02-01",
      "航班代码": "GJ8256/GJ8911",
      "价格": "1433"
    },
    {
      "出发地": "三亚",
      "目的地": "长春",
      "航班类型": "国内航班",
      "航班日期": "2026-02-02",
      "航班代码": "GJ8256/CA8547",
      "价格": "1476"
    },
    {
      "出发地": "三亚",
      "目的地": "长春",
      "航班类型": "国内航班",
      "航班日期": "2026-02-03",
      "航班代码": "GJ8256/JD5395",
      "价格": "1576"
    },
    {
      "出发地": "三亚",
      "目的地": "长春",
      "航班类型": "国内航班",
      "航班日期": "2026-02-04",
      "航班代码": "3U3247/MU6131",
      "价格": "1760"
    },
    {
      "出发地": "三亚",
      "目的地": "长春",
      "航班类型": "国内航班",
      "航班日期": "2026-02-05",
      "航班代码": "CZ6667/HO1702",
      "价格": "1631"
    },
    {
      "出发地": "三亚",
      "目的地": "长春",
      "航班类型": "国内航班",
      "航班日期": "2026-02-06",
      "航班代码": "CZ6713/CA8665",
      "价格": "1720"
    },
    {
      "出发地": "三亚",
      "目的地": "长春",
      "航班类型": "国内航班",
      "航班日期": "2026-02-07",
      "航班代码": "G58657",
      "价格": "1960"
    },
    {
      "出发地": "三亚",
      "目的地": "长春",
      "航班类型": "国内航班",
      "航班日期": "2026-02-08",
      "航班代码": "G58657",
      "价格": "1960"
    },
    {
      "出发地": "三亚",
      "目的地": "长春",
      "航班类型": "国内航班",
      "航班日期": "2026-02-10",
      "航班代码": "G58657",
      "价格": "1960"
    },
    {
      "出发地": "三亚",
      "目的地": "长春",
      "航班类型": "国内航班",
      "航班日期": "2026-02-12",
      "航班代码": "G58657",
      "价格": "1960"
    },
    {
      "出发地": "三亚",
      "目的地": "长春",
      "航班类型": "国内航班",
      "航班日期": "2026-02-14",
      "航班代码": "3U3247",
      "价格": "2336"
    },
    {
      "出发地": "三亚",
      "目的地": "长春",
      "航班类型": "国内航班",
      "航班日期": "2026-02-15",
      "航班代码": "DZ6300/DZ6237",
      "价格": "2040"
    },
    {
      "出发地": "三亚",
      "目的地": "长春",
      "航班类型": "国内航班",
      "航班日期": "2026-02-16",
      "航班代码": "3U3247",
      "价格": "1420"
    },
    {
      "出发地": "三亚",
      "目的地": "长春",
      "航班类型": "国内航班",
      "航班日期": "2026-02-17",
      "航班代码": "9C6388/9C6471",
      "价格": "1478"
    },
    {
      "出发地": "三亚",
      "目的地": "长春",
      "航班类型": "国内航班",
      "航班日期": "2026-02-18",
      "航班代码": "CA4388/SC8818",
      "价格": "1929"
    },
    {
      "出发地": "三亚",
      "目的地": "长春",
      "航班类型": "国内航班",
      "航班日期": "2026-02-21",
      "航班代码": "ZH9326/9C6481",
      "价格": "2407"
    },
    {
      "出发地": "三亚",
      "目的地": "长春",
      "航班类型": "国内航班",
      "航班日期": "2026-02-22",
      "航班代码": "CZ6498/9C6481",
      "价格": "2391"
    },
    {
      "出发地": "三亚",
      "目的地": "长春",
      "航班类型": "国内航班",
      "航班日期": "2026-02-23",
      "航班代码": "CZ6498/9C6481",
      "价格": "2240"
    },
    {
      "出发地": "三亚",
      "目的地": "长春",
      "航班类型": "国内航班",
      "航班日期": "2026-02-24",
      "航班代码": "CZ6498/9C6481",
      "价格": "2200"
    },
    {
      "出发地": "三亚",
      "目的地": "长春",
      "航班类型": "国内航班",
      "航班日期": "2026-02-25",
      "航班代码": "PN6231/9C6772",
      "价格": "2308"
    },
    {
      "出发地": "三亚",
      "目的地": "长春",
      "航班类型": "国内航班",
      "航班日期": "2026-02-27",
      "航班代码": "ZH9322/9C6481",
      "价格": "1737"
    }
  ]
}