{
  "查询条件": {
    "出发地": "三亚",
    "目的地": "杭州"
  },
  "航班数量": 46,
  "航班列表": [
    {
      "出发地": "三亚",
      "目的地": "杭州",
      "航班类型": "国内航班",
      "航班日期": "2025-12-16",
      "航班代码": "HU7383",
      "价格": "200"
    },
    {
      "出发地": "三亚",
      "目的地": "杭州",
      "航班类型": "国内航班",
      "航班日期": "2025-12-17",
      "航班代码": "HU7383",
      "价格": "200"
    },
    {
      "出发地": "三亚",
      "目的地": "杭州",
      "航班类型": "国内航班",
      "航班日期": "2025-12-18",
      "航班代码": "GT1102/JD5746",
      "价格": "380"
    },
    {
      "出发地": "三亚",
      "目的地": "杭州",
      "航班类型": "国内航班",
      "航班日期": "2025-12-19",
      "航班代码": "CZ6629",
      "价格": "230"
    },
    {
      "出发地": "三亚",
      "目的地": "杭州",
      "航班类型": "国内航班",
      "航班日期": "2025-12-20",
      "航班代码": "CZ6629",
      "价格": "230"
    },
    {
      "出发地": "三亚",
      "目的地": "杭州",
      "航班类型": "国内航班",
      "航班日期": "2025-12-21",
      "航班代码": "MU2528/MU2531",
      "价格": "460"
    },
    {
      "出发地": "三亚",
      "目的地": "杭州",
      "航班类型": "国内航班",
      "航班日期": "2025-12-22",
      "航班代码": "MU5398/MU6375",
      "价格": "371"
    },
    {
      "出发地": "三亚",
      "目的地": "杭州",
      "航班类型": "国内航班",
      "航班日期": "2025-12-23",
      "航班代码": "CZ6629",
      "价格": "230"
    },
    {
      "出发地": "三亚",
      "目的地": "杭州",
      "航班类型": "国内航班",
      "航班日期": "2025-12-24",
      "航班代码": "CZ6629",
      "价格": "230"
    },
    {
      "出发地": "三亚",
      "目的地": "杭州",
      "航班类型": "国内航班",
      "航班日期": "2025-12-25",
      "航班代码": "GT1102/JD5746",
      "价格": "380"
    },
    {
      "出发地": "三亚",
      "目的地": "杭州",
      "航班类型": "国内航班",
      "航班日期": "2025-12-26",
      "航班代码": "MU5398/MU6375",
      "价格": "371"
    },
    {
      "出发地": "三亚",
      "目的地": "杭州",
      "航班类型": "国内航班",
      "航班日期": "2025-12-27",
      "航班代码": "CA2684/CA4519",
      "价格": "499"
    },
    {
      "出发地": "三亚",
      "目的地": "杭州",
      "航班类型": "国内航班",
      "航班日期": "2025-12-28",
      "航班代码": "JD5079/JD5746",
      "价格": "640"
    },
    {
      "出发地": "三亚",
      "目的地": "杭州",
      "航班类型": "国内航班",
      "航班日期": "2025-12-29",
      "航班代码": "GS7886/JD5690",
      "价格": "670"
    },
    {
      "出发地": "三亚",
      "目的地": "杭州",
      "航班类型": "国内航班",
      "航班日期": "2025-12-30",
      "航班代码": "CA2684/CA4519",
      "价格": "499"
    },
    {
      "出发地": "三亚",
      "目的地": "杭州",
      "航班类型": "国内航班",
      "航班日期": "2025-12-31",
      "航班代码": "CA2684/CA4519",
      "价格": "499"
    },
    {
      "出发地": "三亚",
      "目的地": "杭州",
      "航班类型": "国内航班",
      "航班日期": "2026-01-01",
      "航班代码": "HU7383",
      "价格": "600"
    },
    {
      "出发地": "三亚",
      "目的地": "杭州",
      "航班类型": "国内航班",
      "航班日期": "2026-01-02",
      "航班代码": "HU7383",
      "价格": "800"
    },
    {
      "出发地": "三亚",
      "目的地": "杭州",
      "航班类型": "国内航班",
      "航班日期": "2026-01-03",
      "航班代码": "MU5772/MU5694",
      "价格": "720"
    },
    {
      "出发地": "三亚",
      "目的地": "杭州",
      "航班类型": "国内航班",
      "航班日期": "2026-01-04",
      "航班代码": "3U6730/3U6935",
      "价格": "799"
    },
    {
      "出发地": "三亚",
      "目的地": "杭州",
      "航班类型": "国内航班",
      "航班日期": "2026-01-05",
      "航班代码": "9C8802/MU6375",
      "价格": "568"
    },
    {
      "出发地": "三亚",
      "目的地": "杭州",
      "航班类型": "国内航班",
      "航班日期": "2026-01-08",
      "航班代码": "MU2528/MU2531",
      "价格": "450"
    },
    {
      "出发地": "三亚",
      "目的地": "杭州",
      "航班类型": "国内航班",
      "航班日期": "2026-01-09",
      "航班代码": "3U1751",
      "价格": "370"
    },
    {
      "出发地": "三亚",
      "目的地": "杭州",
      "航班类型": "国内航班",
      "航班日期": "2026-01-10",
      "航班代码": "GJ8256",
      "价格": "500"
    },
    {
      "出发地": "三亚",
      "目的地": "杭州",
      "航班类型": "国内航班",
      "航班日期": "2026-01-11",
      "航班代码": "HU7383",
      "价格": "430"
    },
    {
      "出发地": "三亚",
      "目的地": "杭州",
      "航班类型": "国内航班",
      "航班日期": "2026-01-12",
      "航班代码": "GJ8200",
      "价格": "500"
    },
    {
      "出发地": "三亚",
      "目的地": "杭州",
      "航班类型": "国内航班",
      "航班日期": "2026-01-13",
      "航班代码": "MU2528/MU2531",
      "价格": "450"
    },
    {
      "出发地": "三亚",
      "目的地": "杭州",
      "航班类型": "国内航班",
      "航班日期": "2026-01-14",
      "航班代码": "3U1751",
      "价格": "370"
    },
    {
      "出发地": "三亚",
      "目的地": "杭州",
      "航班类型": "国内航班",
      "航班日期": "2026-01-18",
      "航班代码": "HO2348/MU6375",
      "价格": "517"
    },
    {
      "出发地": "三亚",
      "目的地": "杭州",
      "航班类型": "国内航班",
      "航班日期": "2026-01-19",
      "航班代码": "GJ8256",
      "价格": "500"
    },
    {
      "出发地": "三亚",
      "目的地": "杭州",
      "航班类型": "国内航班",
      "航班日期": "2026-01-20",
      "航班代码": "GJ8256",
      "价格": "500"
    },
    {
      "出发地": "三亚",
      "目的地": "杭州",
      "航班类型": "国内航班",
      "航班日期": "2026-01-21",
      "航班代码": "GJ8200",
      "价格": "500"
    },
    {
      "出发地": "三亚",
      "目的地": "杭州",
      "航班类型": "国内航班",
      "航班日期": "2026-01-22",
      "航班代码": "GJ8200",
      "价格": "500"
    },
    {
      "出发地": "三亚",
      "目的地": "杭州",
      "航班类型": "国内航班",
      "航班日期": "2026-01-26",
      "航班代码": "GJ8256",
      "价格": "500"
    },
    {
      "出发地": "三亚",
      "目的地": "杭州",
      "航班类型": "国内航班",
      "航班日期": "2026-01-27",
      "航班代码": "9C8802/MU6375",
      "价格": "728"
    },
    {
      "出发地": "三亚",
      "目的地": "杭州",
      "航班类型": "国内航班",
      "航班日期": "2026-02-06",
      "航班代码": "GJ8256",
      "价格": "609"
    },
    {
      "出发地": "三亚",
      "目的地": "杭州",
      "航班类型": "国内航班",
      "航班日期": "2026-02-14",
      "航班代码": "CA4388/GJ8692",
      "价格": "1059"
    },
    {
      "出发地": "三亚",
      "目的地": "杭州",
      "航班类型": "国内航班",
      "航班日期": "2026-02-15",
      "航班代码": "3U1751",
      "价格": "940"
    },
    {
      "出发地": "三亚",
      "目的地": "杭州",
      "航班类型": "国内航班",
      "航班日期": "2026-02-20",
      "航班代码": "CZ5854/HU7395",
      "价格": "2091"
    },
    {
      "出发地": "三亚",
      "目的地": "杭州",
      "航班类型": "国内航班",
      "航班日期": "2026-02-21",
      "航班代码": "CZ3977/MU9836",
      "价格": "2256"
    },
    {
      "出发地": "三亚",
      "目的地": "杭州",
      "航班类型": "国内航班",
      "航班日期": "2026-02-23",
      "航班代码": "ZH9322/Y87531",
      "价格": "2241"
    },
    {
      "出发地": "三亚",
      "目的地": "杭州",
      "航班类型": "国内航班",
      "航班日期": "2026-02-25",
      "航班代码": "CZ6498/GJ8899",
      "价格": "2200"
    },
    {
      "出发地": "三亚",
      "目的地": "杭州",
      "航班类型": "国内航班",
      "航班日期": "2026-02-26",
      "航班代码": "ZH9326/HU7397",
      "价格": "1977"
    },
    {
      "出发地": "三亚",
      "目的地": "杭州",
      "航班类型": "国内航班",
      "航班日期": "2026-02-27",
      "航班代码": "CZ6704/SC2289",
      "价格": "2265"
    },
    {
      "出发地": "三亚",
      "目的地": "杭州",
      "航班类型": "国内航班",
      "航班日期": "2026-02-28",
      "航班代码": "ZH9322/Y87531",
      "价格": "1788"
    },
    {
      "出发地": "三亚",
      "目的地": "杭州",
      "航班类型": "国内航班",
      "航班日期": "2026-03-01",
      "航班代码": "CZ6498/Y87531",
      "价格": "1786"
    }
  ]
}