{
  "查询条件": {
    "出发地": "三亚",
    "目的地": "南京"
  },
  "航班数量": 43,
  "航班列表": [
    {
      "出发地": "三亚",
      "目的地": "南京",
      "航班类型": "国内航班",
      "航班日期": "2025-12-16",
      "航班代码": "MU5398/MU2882",
      "价格": "369"
    },
    {
      "出发地": "三亚",
      "目的地": "南京",
      "航班类型": "国内航班",
      "航班日期": "2025-12-17",
      "航班代码": "HO1736",
      "价格": "270"
    },
    {
      "出发地": "三亚",
      "目的地": "南京",
      "航班类型": "国内航班",
      "航班日期": "2025-12-18",
      "航班代码": "PN6566/PN6259",
      "价格": "420"
    },
    {
      "出发地": "三亚",
      "目的地": "南京",
      "航班类型": "国内航班",
      "航班日期": "2025-12-19",
      "航班代码": "MU5398/MU2882",
      "价格": "371"
    },
    {
      "出发地": "三亚",
      "目的地": "南京",
      "航班类型": "国内航班",
      "航班日期": "2025-12-20",
      "航班代码": "MU8556/MU2882",
      "价格": "420"
    },
    {
      "出发地": "三亚",
      "目的地": "南京",
      "航班类型": "国内航班",
      "航班日期": "2025-12-21",
      "航班代码": "PN6566/PN6259",
      "价格": "460"
    },
    {
      "出发地": "三亚",
      "目的地": "南京",
      "航班类型": "国内航班",
      "航班日期": "2025-12-22",
      "航班代码": "MU5398/MU2882",
      "价格": "379"
    },
    {
      "出发地": "三亚",
      "目的地": "南京",
      "航班类型": "国内航班",
      "航班日期": "2025-12-23",
      "航班代码": "MU5398/MU2882",
      "价格": "371"
    },
    {
      "出发地": "三亚",
      "目的地": "南京",
      "航班类型": "国内航班",
      "航班日期": "2025-12-24",
      "航班代码": "MU5398/MU2882",
      "价格": "371"
    },
    {
      "出发地": "三亚",
      "目的地": "南京",
      "航班类型": "国内航班",
      "航班日期": "2025-12-25",
      "航班代码": "MU5398/MU2882",
      "价格": "369"
    },
    {
      "出发地": "三亚",
      "目的地": "南京",
      "航班类型": "国内航班",
      "航班日期": "2025-12-26",
      "航班代码": "MU5398/MU2882",
      "价格": "379"
    },
    {
      "出发地": "三亚",
      "目的地": "南京",
      "航班类型": "国内航班",
      "航班日期": "2025-12-27",
      "航班代码": "CA1378/CA1817",
      "价格": "499"
    },
    {
      "出发地": "三亚",
      "目的地": "南京",
      "航班类型": "国内航班",
      "航班日期": "2025-12-28",
      "航班代码": "HU7597/HU7698",
      "价格": "770"
    },
    {
      "出发地": "三亚",
      "目的地": "南京",
      "航班类型": "国内航班",
      "航班日期": "2025-12-29",
      "航班代码": "CA1378/CA1817",
      "价格": "500"
    },
    {
      "出发地": "三亚",
      "目的地": "南京",
      "航班类型": "国内航班",
      "航班日期": "2025-12-30",
      "航班代码": "PN6214/PN6259",
      "价格": "520"
    },
    {
      "出发地": "三亚",
      "目的地": "南京",
      "航班类型": "国内航班",
      "航班日期": "2025-12-31",
      "航班代码": "MU5772/MU2716",
      "价格": "570"
    },
    {
      "出发地": "三亚",
      "目的地": "南京",
      "航班类型": "国内航班",
      "航班日期": "2026-01-01",
      "航班代码": "MU2728",
      "价格": "598"
    },
    {
      "出发地": "三亚",
      "目的地": "南京",
      "航班类型": "国内航班",
      "航班日期": "2026-01-02",
      "航班代码": "CA2684/CA4523",
      "价格": "600"
    },
    {
      "出发地": "三亚",
      "目的地": "南京",
      "航班类型": "国内航班",
      "航班日期": "2026-01-03",
      "航班代码": "3U6730/3U6911",
      "价格": "699"
    },
    {
      "出发地": "三亚",
      "目的地": "南京",
      "航班类型": "国内航班",
      "航班日期": "2026-01-04",
      "航班代码": "MU5772/MU2726",
      "价格": "520"
    },
    {
      "出发地": "三亚",
      "目的地": "南京",
      "航班类型": "国内航班",
      "航班日期": "2026-01-05",
      "航班代码": "9C8802/MU2882",
      "价格": "587"
    },
    {
      "出发地": "三亚",
      "目的地": "南京",
      "航班类型": "国内航班",
      "航班日期": "2026-01-06",
      "航班代码": "MU5398/MU2882",
      "价格": "464"
    },
    {
      "出发地": "三亚",
      "目的地": "南京",
      "航班类型": "国内航班",
      "航班日期": "2026-01-08",
      "航班代码": "JD5079/HO1750",
      "价格": "517"
    },
    {
      "出发地": "三亚",
      "目的地": "南京",
      "航班类型": "国内航班",
      "航班日期": "2026-01-10",
      "航班代码": "JD5079/HO1750",
      "价格": "517"
    },
    {
      "出发地": "三亚",
      "目的地": "南京",
      "航班类型": "国内航班",
      "航班日期": "2026-01-12",
      "航班代码": "MU5398/MU2882",
      "价格": "464"
    },
    {
      "出发地": "三亚",
      "目的地": "南京",
      "航班类型": "国内航班",
      "航班日期": "2026-01-13",
      "航班代码": "HO2348/MU2882",
      "价格": "516"
    },
    {
      "出发地": "三亚",
      "目的地": "南京",
      "航班类型": "国内航班",
      "航班日期": "2026-01-14",
      "航班代码": "CA1320/CA1817",
      "价格": "399"
    },
    {
      "出发地": "三亚",
      "目的地": "南京",
      "航班类型": "国内航班",
      "航班日期": "2026-01-15",
      "航班代码": "CA1320/CA1817",
      "价格": "399"
    },
    {
      "出发地": "三亚",
      "目的地": "南京",
      "航班类型": "国内航班",
      "航班日期": "2026-01-16",
      "航班代码": "MU5380/MU2882",
      "价格": "464"
    },
    {
      "出发地": "三亚",
      "目的地": "南京",
      "航班类型": "国内航班",
      "航班日期": "2026-01-19",
      "航班代码": "CA1378/CA1817",
      "价格": "399"
    },
    {
      "出发地": "三亚",
      "目的地": "南京",
      "航班类型": "国内航班",
      "航班日期": "2026-01-20",
      "航班代码": "MU5772/MU2716",
      "价格": "570"
    },
    {
      "出发地": "三亚",
      "目的地": "南京",
      "航班类型": "国内航班",
      "航班日期": "2026-01-24",
      "航班代码": "MU5772/MU2716",
      "价格": "570"
    },
    {
      "出发地": "三亚",
      "目的地": "南京",
      "航班类型": "国内航班",
      "航班日期": "2026-01-31",
      "航班代码": "CA1354/CA1503",
      "价格": "600"
    },
    {
      "出发地": "三亚",
      "目的地": "南京",
      "航班类型": "国内航班",
      "航班日期": "2026-02-07",
      "航班代码": "CZ6667",
      "价格": "810"
    },
    {
      "出发地": "三亚",
      "目的地": "南京",
      "航班类型": "国内航班",
      "航班日期": "2026-02-12",
      "航班代码": "Y87502/MU2882",
      "价格": "828"
    },
    {
      "出发地": "三亚",
      "目的地": "南京",
      "航班类型": "国内航班",
      "航班日期": "2026-02-13",
      "航班代码": "Y87502/MU2882",
      "价格": "830"
    },
    {
      "出发地": "三亚",
      "目的地": "南京",
      "航班类型": "国内航班",
      "航班日期": "2026-02-19",
      "航班代码": "HO2348/MU2882",
      "价格": "1357"
    },
    {
      "出发地": "三亚",
      "目的地": "南京",
      "航班类型": "国内航班",
      "航班日期": "2026-02-22",
      "航班代码": "MF8398/MU2880",
      "价格": "2277"
    },
    {
      "出发地": "三亚",
      "目的地": "南京",
      "航班类型": "国内航班",
      "航班日期": "2026-02-23",
      "航班代码": "ZH9322/MU2878",
      "价格": "1991"
    },
    {
      "出发地": "三亚",
      "目的地": "南京",
      "航班类型": "国内航班",
      "航班日期": "2026-02-24",
      "航班代码": "CZ6667",
      "价格": "1960"
    },
    {
      "出发地": "三亚",
      "目的地": "南京",
      "航班类型": "国内航班",
      "航班日期": "2026-02-25",
      "航班代码": "CZ6704/DZ6313",
      "价格": "1887"
    },
    {
      "出发地": "三亚",
      "目的地": "南京",
      "航班类型": "国内航班",
      "航班日期": "2026-02-26",
      "航班代码": "CZ6704/DZ6313",
      "价格": "1728"
    },
    {
      "出发地": "三亚",
      "目的地": "南京",
      "航班类型": "国内航班",
      "航班日期": "2026-02-28",
      "航班代码": "CZ6704/DZ6313",
      "价格": "1562"
    }
  ]
}