{
  "查询条件": {
    "出发地": "三亚",
    "目的地": "厦门"
  },
  "航班数量": 17,
  "航班列表": [
    {
      "出发地": "三亚",
      "目的地": "厦门",
      "航班类型": "国内航班",
      "航班日期": "2025-12-16",
      "航班代码": "HU7353/JD5593",
      "价格": "463"
    },
    {
      "出发地": "三亚",
      "目的地": "厦门",
      "航班类型": "国内航班",
      "航班日期": "2025-12-17",
      "航班代码": "HU7353/JD5593",
      "价格": "450"
    },
    {
      "出发地": "三亚",
      "目的地": "厦门",
      "航班类型": "国内航班",
      "航班日期": "2025-12-18",
      "航班代码": "JD5177/8L9655",
      "价格": "450"
    },
    {
      "出发地": "三亚",
      "目的地": "厦门",
      "航班类型": "国内航班",
      "航班日期": "2025-12-19",
      "航班代码": "TV9818/TV9889",
      "价格": "499"
    },
    {
      "出发地": "三亚",
      "目的地": "厦门",
      "航班类型": "国内航班",
      "航班日期": "2025-12-20",
      "航班代码": "MU2728/MU2809",
      "价格": "500"
    },
    {
      "出发地": "三亚",
      "目的地": "厦门",
      "航班类型": "国内航班",
      "航班日期": "2025-12-21",
      "航班代码": "MU2528/MU2437",
      "价格": "450"
    },
    {
      "出发地": "三亚",
      "目的地": "厦门",
      "航班类型": "国内航班",
      "航班日期": "2025-12-22",
      "航班代码": "MU2528/MU2437",
      "价格": "450"
    },
    {
      "出发地": "三亚",
      "目的地": "厦门",
      "航班类型": "国内航班",
      "航班日期": "2025-12-24",
      "航班代码": "MU2528/MU2437",
      "价格": "450"
    },
    {
      "出发地": "三亚",
      "目的地": "厦门",
      "航班类型": "国内航班",
      "航班日期": "2025-12-25",
      "航班代码": "MU2528/MU2437",
      "价格": "450"
    },
    {
      "出发地": "三亚",
      "目的地": "厦门",
      "航班类型": "国内航班",
      "航班日期": "2025-12-26",
      "航班代码": "MU2528/MU2437",
      "价格": "450"
    },
    {
      "出发地": "三亚",
      "目的地": "厦门",
      "航班类型": "国内航班",
      "航班日期": "2025-12-27",
      "航班代码": "MU2674/MU2789",
      "价格": "490"
    },
    {
      "出发地": "三亚",
      "目的地": "厦门",
      "航班类型": "国内航班",
      "航班日期": "2025-12-28",
      "航班代码": "HU7359/9H8459",
      "价格": "829"
    },
    {
      "出发地": "三亚",
      "目的地": "厦门",
      "航班类型": "国内航班",
      "航班日期": "2025-12-29",
      "航班代码": "TV9806/TV9941",
      "价格": "479"
    },
    {
      "出发地": "三亚",
      "目的地": "厦门",
      "航班类型": "国内航班",
      "航班日期": "2025-12-30",
      "航班代码": "MU5398/FM9257",
      "价格": "488"
    },
    {
      "出发地": "三亚",
      "目的地": "厦门",
      "航班类型": "国内航班",
      "航班日期": "2025-12-31",
      "航班代码": "TV9818/TV9889",
      "价格": "480"
    },
    {
      "出发地": "三亚",
      "目的地": "厦门",
      "航班类型": "国内航班",
      "航班日期": "2026-01-15",
      "航班代码": "MU2728/MU2809",
      "价格": "500"
    },
    {
      "出发地": "三亚",
      "目的地": "厦门",
      "航班类型": "国内航班",
      "航班日期": "2026-01-24",
      "航班代码": "MU5772/MU5783",
      "价格": "734"
    }
  ]
}