{
  "查询条件": {
    "出发地": "三亚",
    "目的地": "济南"
  },
  "航班数量": 29,
  "航班列表": [
    {
      "出发地": "三亚",
      "目的地": "济南",
      "航班类型": "国内航班",
      "航班日期": "2025-12-16",
      "航班代码": "MF8308/MF8519",
      "价格": "370"
    },
    {
      "出发地": "三亚",
      "目的地": "济南",
      "航班类型": "国内航班",
      "航班日期": "2025-12-17",
      "航班代码": "MF8776/MF8083",
      "价格": "320"
    },
    {
      "出发地": "三亚",
      "目的地": "济南",
      "航班类型": "国内航班",
      "航班日期": "2025-12-18",
      "航班代码": "MU5398/MU5571",
      "价格": "366"
    },
    {
      "出发地": "三亚",
      "目的地": "济南",
      "航班类型": "国内航班",
      "航班日期": "2025-12-19",
      "航班代码": "MU5398/MU5533",
      "价格": "355"
    },
    {
      "出发地": "三亚",
      "目的地": "济南",
      "航班类型": "国内航班",
      "航班日期": "2025-12-20",
      "航班代码": "MU5398/MU5533",
      "价格": "434"
    },
    {
      "出发地": "三亚",
      "目的地": "济南",
      "航班类型": "国内航班",
      "航班日期": "2025-12-21",
      "航班代码": "MU2528/MU2641",
      "价格": "450"
    },
    {
      "出发地": "三亚",
      "目的地": "济南",
      "航班类型": "国内航班",
      "航班日期": "2025-12-22",
      "航班代码": "MU5398/MU5533",
      "价格": "355"
    },
    {
      "出发地": "三亚",
      "目的地": "济南",
      "航班类型": "国内航班",
      "航班日期": "2025-12-23",
      "航班代码": "MU5398/MU5533",
      "价格": "355"
    },
    {
      "出发地": "三亚",
      "目的地": "济南",
      "航班类型": "国内航班",
      "航班日期": "2025-12-24",
      "航班代码": "MU5398/MU5533",
      "价格": "404"
    },
    {
      "出发地": "三亚",
      "目的地": "济南",
      "航班类型": "国内航班",
      "航班日期": "2025-12-25",
      "航班代码": "MU5398/MU5533",
      "价格": "355"
    },
    {
      "出发地": "三亚",
      "目的地": "济南",
      "航班类型": "国内航班",
      "航班日期": "2025-12-26",
      "航班代码": "MU5398/MU5533",
      "价格": "355"
    },
    {
      "出发地": "三亚",
      "目的地": "济南",
      "航班类型": "国内航班",
      "航班日期": "2025-12-27",
      "航班代码": "CA2684/CA2761",
      "价格": "544"
    },
    {
      "出发地": "三亚",
      "目的地": "济南",
      "航班类型": "国内航班",
      "航班日期": "2025-12-28",
      "航班代码": "JD5079/GT1013",
      "价格": "680"
    },
    {
      "出发地": "三亚",
      "目的地": "济南",
      "航班类型": "国内航班",
      "航班日期": "2025-12-29",
      "航班代码": "MU2528/MU2641",
      "价格": "798"
    },
    {
      "出发地": "三亚",
      "目的地": "济南",
      "航班类型": "国内航班",
      "航班日期": "2025-12-30",
      "航班代码": "PN6214/PN6327",
      "价格": "480"
    },
    {
      "出发地": "三亚",
      "目的地": "济南",
      "航班类型": "国内航班",
      "航班日期": "2025-12-31",
      "航班代码": "CA2684/CA2791",
      "价格": "550"
    },
    {
      "出发地": "三亚",
      "目的地": "济南",
      "航班类型": "国内航班",
      "航班日期": "2026-01-02",
      "航班代码": "PN6214/PN6327",
      "价格": "740"
    },
    {
      "出发地": "三亚",
      "目的地": "济南",
      "航班类型": "国内航班",
      "航班日期": "2026-01-03",
      "航班代码": "MU5772/MU6818",
      "价格": "600"
    },
    {
      "出发地": "三亚",
      "目的地": "济南",
      "航班类型": "国内航班",
      "航班日期": "2026-01-04",
      "航班代码": "MU5772/MU6818",
      "价格": "600"
    },
    {
      "出发地": "三亚",
      "目的地": "济南",
      "航班类型": "国内航班",
      "航班日期": "2026-01-05",
      "航班代码": "FM9536/MU5571",
      "价格": "675"
    },
    {
      "出发地": "三亚",
      "目的地": "济南",
      "航班类型": "国内航班",
      "航班日期": "2026-01-08",
      "航班代码": "GT1102/GT1013",
      "价格": "650"
    },
    {
      "出发地": "三亚",
      "目的地": "济南",
      "航班类型": "国内航班",
      "航班日期": "2026-01-16",
      "航班代码": "FM9536/MU5571",
      "价格": "545"
    },
    {
      "出发地": "三亚",
      "目的地": "济南",
      "航班类型": "国内航班",
      "航班日期": "2026-01-21",
      "航班代码": "MU5398/MU5577",
      "价格": "517"
    },
    {
      "出发地": "三亚",
      "目的地": "济南",
      "航班类型": "国内航班",
      "航班日期": "2026-01-30",
      "航班代码": "MU5398/MU5533",
      "价格": "831"
    },
    {
      "出发地": "三亚",
      "目的地": "济南",
      "航班类型": "国内航班",
      "航班日期": "2026-02-13",
      "航班代码": "MU2140/SC8738",
      "价格": "1729"
    },
    {
      "出发地": "三亚",
      "目的地": "济南",
      "航班类型": "国内航班",
      "航班日期": "2026-02-16",
      "航班代码": "PN6214/PN6327",
      "价格": "934"
    },
    {
      "出发地": "三亚",
      "目的地": "济南",
      "航班类型": "国内航班",
      "航班日期": "2026-02-25",
      "航班代码": "ZH9326/9C6595",
      "价格": "1756"
    },
    {
      "出发地": "三亚",
      "目的地": "济南",
      "航班类型": "国内航班",
      "航班日期": "2026-02-27",
      "航班代码": "CZ6498/9C6595",
      "价格": "1631"
    },
    {
      "出发地": "三亚",
      "目的地": "济南",
      "航班类型": "国内航班",
      "航班日期": "2026-02-28",
      "航班代码": "ZH9322/9C6595",
      "价格": "1627"
    }
  ]
}