{
  "查询条件": {
    "出发地": "三亚",
    "目的地": "郑州"
  },
  "航班数量": 57,
  "航班列表": [
    {
      "出发地": "三亚",
      "目的地": "郑州",
      "航班类型": "国内航班",
      "航班日期": "2025-12-16",
      "航班代码": "MU5376/MU8429",
      "价格": "400"
    },
    {
      "出发地": "三亚",
      "目的地": "郑州",
      "航班类型": "国内航班",
      "航班日期": "2025-12-17",
      "航班代码": "MF8308/MF8213",
      "价格": "340"
    },
    {
      "出发地": "三亚",
      "目的地": "郑州",
      "航班类型": "国内航班",
      "航班日期": "2025-12-18",
      "航班代码": "MU5398/MU5367",
      "价格": "390"
    },
    {
      "出发地": "三亚",
      "目的地": "郑州",
      "航班类型": "国内航班",
      "航班日期": "2025-12-19",
      "航班代码": "MU5398/MU8423",
      "价格": "400"
    },
    {
      "出发地": "三亚",
      "目的地": "郑州",
      "航班类型": "国内航班",
      "航班日期": "2025-12-20",
      "航班代码": "MU5398/MU8423",
      "价格": "400"
    },
    {
      "出发地": "三亚",
      "目的地": "郑州",
      "航班类型": "国内航班",
      "航班日期": "2025-12-21",
      "航班代码": "CA1346/CA1915",
      "价格": "499"
    },
    {
      "出发地": "三亚",
      "目的地": "郑州",
      "航班类型": "国内航班",
      "航班日期": "2025-12-22",
      "航班代码": "MU5398/FM9321",
      "价格": "394"
    },
    {
      "出发地": "三亚",
      "目的地": "郑州",
      "航班类型": "国内航班",
      "航班日期": "2025-12-23",
      "航班代码": "MU5398/MU8423",
      "价格": "400"
    },
    {
      "出发地": "三亚",
      "目的地": "郑州",
      "航班类型": "国内航班",
      "航班日期": "2025-12-24",
      "航班代码": "MU5398/FM9321",
      "价格": "394"
    },
    {
      "出发地": "三亚",
      "目的地": "郑州",
      "航班类型": "国内航班",
      "航班日期": "2025-12-25",
      "航班代码": "MU5398/MU5367",
      "价格": "394"
    },
    {
      "出发地": "三亚",
      "目的地": "郑州",
      "航班类型": "国内航班",
      "航班日期": "2025-12-26",
      "航班代码": "MU5398/FM9321",
      "价格": "394"
    },
    {
      "出发地": "三亚",
      "目的地": "郑州",
      "航班类型": "国内航班",
      "航班日期": "2025-12-27",
      "航班代码": "MU5772/MU5829",
      "价格": "500"
    },
    {
      "出发地": "三亚",
      "目的地": "郑州",
      "航班类型": "国内航班",
      "航班日期": "2025-12-28",
      "航班代码": "CA1346/CA1913",
      "价格": "800"
    },
    {
      "出发地": "三亚",
      "目的地": "郑州",
      "航班类型": "国内航班",
      "航班日期": "2025-12-29",
      "航班代码": "3U3213/8L9564",
      "价格": "809"
    },
    {
      "出发地": "三亚",
      "目的地": "郑州",
      "航班类型": "国内航班",
      "航班日期": "2025-12-30",
      "航班代码": "MU5772/MU5789",
      "价格": "500"
    },
    {
      "出发地": "三亚",
      "目的地": "郑州",
      "航班类型": "国内航班",
      "航班日期": "2025-12-31",
      "航班代码": "CA4034/CA2695",
      "价格": "499"
    },
    {
      "出发地": "三亚",
      "目的地": "郑州",
      "航班类型": "国内航班",
      "航班日期": "2026-01-01",
      "航班代码": "GJ8256/GJ8069",
      "价格": "739"
    },
    {
      "出发地": "三亚",
      "目的地": "郑州",
      "航班类型": "国内航班",
      "航班日期": "2026-01-02",
      "航班代码": "MU5772/MU5829",
      "价格": "500"
    },
    {
      "出发地": "三亚",
      "目的地": "郑州",
      "航班类型": "国内航班",
      "航班日期": "2026-01-03",
      "航班代码": "MU5772/MU5576",
      "价格": "500"
    },
    {
      "出发地": "三亚",
      "目的地": "郑州",
      "航班类型": "国内航班",
      "航班日期": "2026-01-04",
      "航班代码": "MU5772/MU5839",
      "价格": "500"
    },
    {
      "出发地": "三亚",
      "目的地": "郑州",
      "航班类型": "国内航班",
      "航班日期": "2026-01-07",
      "航班代码": "MU5380/FM9349",
      "价格": "580"
    },
    {
      "出发地": "三亚",
      "目的地": "郑州",
      "航班类型": "国内航班",
      "航班日期": "2026-01-08",
      "航班代码": "MU5398/FM9321",
      "价格": "488"
    },
    {
      "出发地": "三亚",
      "目的地": "郑州",
      "航班类型": "国内航班",
      "航班日期": "2026-01-09",
      "航班代码": "9C8802/FM9323",
      "价格": "807"
    },
    {
      "出发地": "三亚",
      "目的地": "郑州",
      "航班类型": "国内航班",
      "航班日期": "2026-01-10",
      "航班代码": "HU7321/Y87519",
      "价格": "575"
    },
    {
      "出发地": "三亚",
      "目的地": "郑州",
      "航班类型": "国内航班",
      "航班日期": "2026-01-11",
      "航班代码": "MU5398/FM9323",
      "价格": "659"
    },
    {
      "出发地": "三亚",
      "目的地": "郑州",
      "航班类型": "国内航班",
      "航班日期": "2026-01-12",
      "航班代码": "MU5398/FM9321",
      "价格": "488"
    },
    {
      "出发地": "三亚",
      "目的地": "郑州",
      "航班类型": "国内航班",
      "航班日期": "2026-01-13",
      "航班代码": "9C8802/FM9323",
      "价格": "657"
    },
    {
      "出发地": "三亚",
      "目的地": "郑州",
      "航班类型": "国内航班",
      "航班日期": "2026-01-18",
      "航班代码": "MU5398/FM9329",
      "价格": "654"
    },
    {
      "出发地": "三亚",
      "目的地": "郑州",
      "航班类型": "国内航班",
      "航班日期": "2026-01-19",
      "航班代码": "FM9536/FM9345",
      "价格": "551"
    },
    {
      "出发地": "三亚",
      "目的地": "郑州",
      "航班类型": "国内航班",
      "航班日期": "2026-01-20",
      "航班代码": "FM9536/FM9345",
      "价格": "578"
    },
    {
      "出发地": "三亚",
      "目的地": "郑州",
      "航班类型": "国内航班",
      "航班日期": "2026-01-21",
      "航班代码": "MU5398/FM9327",
      "价格": "533"
    },
    {
      "出发地": "三亚",
      "目的地": "郑州",
      "航班类型": "国内航班",
      "航班日期": "2026-01-22",
      "航班代码": "9C8802/MU5395",
      "价格": "897"
    },
    {
      "出发地": "三亚",
      "目的地": "郑州",
      "航班类型": "国内航班",
      "航班日期": "2026-01-25",
      "航班代码": "FM9536/MU5395",
      "价格": "734"
    },
    {
      "出发地": "三亚",
      "目的地": "郑州",
      "航班类型": "国内航班",
      "航班日期": "2026-01-27",
      "航班代码": "CA1346/CA1913",
      "价格": "399"
    },
    {
      "出发地": "三亚",
      "目的地": "郑州",
      "航班类型": "国内航班",
      "航班日期": "2026-01-29",
      "航班代码": "9C8802/MU5395",
      "价格": "898"
    },
    {
      "出发地": "三亚",
      "目的地": "郑州",
      "航班类型": "国内航班",
      "航班日期": "2026-01-30",
      "航班代码": "MU5398/FM9323",
      "价格": "813"
    },
    {
      "出发地": "三亚",
      "目的地": "郑州",
      "航班类型": "国内航班",
      "航班日期": "2026-01-31",
      "航班代码": "9C8802/MU5395",
      "价格": "1026"
    },
    {
      "出发地": "三亚",
      "目的地": "郑州",
      "航班类型": "国内航班",
      "航班日期": "2026-02-01",
      "航班代码": "JD5079/GT1019",
      "价格": "1037"
    },
    {
      "出发地": "三亚",
      "目的地": "郑州",
      "航班类型": "国内航班",
      "航班日期": "2026-02-06",
      "航班代码": "MF4701",
      "价格": "1261"
    },
    {
      "出发地": "三亚",
      "目的地": "郑州",
      "航班类型": "国内航班",
      "航班日期": "2026-02-08",
      "航班代码": "JD5079/CZ8682",
      "价格": "1215"
    },
    {
      "出发地": "三亚",
      "目的地": "郑州",
      "航班类型": "国内航班",
      "航班日期": "2026-02-09",
      "航班代码": "JD5079/CZ8682",
      "价格": "1215"
    },
    {
      "出发地": "三亚",
      "目的地": "郑州",
      "航班类型": "国内航班",
      "航班日期": "2026-02-10",
      "航班代码": "8L9966/8L9509",
      "价格": "1846"
    },
    {
      "出发地": "三亚",
      "目的地": "郑州",
      "航班类型": "国内航班",
      "航班日期": "2026-02-11",
      "航班代码": "GY7106/GY7103",
      "价格": "1409"
    },
    {
      "出发地": "三亚",
      "目的地": "郑州",
      "航班类型": "国内航班",
      "航班日期": "2026-02-13",
      "航班代码": "GY7106/GY7103",
      "价格": "1409"
    },
    {
      "出发地": "三亚",
      "目的地": "郑州",
      "航班类型": "国内航班",
      "航班日期": "2026-02-14",
      "航班代码": "GT1102/GT1019",
      "价格": "1560"
    },
    {
      "出发地": "三亚",
      "目的地": "郑州",
      "航班类型": "国内航班",
      "航班日期": "2026-02-15",
      "航班代码": "JD5079/GT1019",
      "价格": "1590"
    },
    {
      "出发地": "三亚",
      "目的地": "郑州",
      "航班类型": "国内航班",
      "航班日期": "2026-02-16",
      "航班代码": "DZ6300/DZ6377",
      "价格": "1140"
    },
    {
      "出发地": "三亚",
      "目的地": "郑州",
      "航班类型": "国内航班",
      "航班日期": "2026-02-17",
      "航班代码": "MU5398/HO2073",
      "价格": "1400"
    },
    {
      "出发地": "三亚",
      "目的地": "郑州",
      "航班类型": "国内航班",
      "航班日期": "2026-02-19",
      "航班代码": "3U3217/G54829",
      "价格": "1272"
    },
    {
      "出发地": "三亚",
      "目的地": "郑州",
      "航班类型": "国内航班",
      "航班日期": "2026-02-20",
      "航班代码": "HO2348/FM9323",
      "价格": "1755"
    },
    {
      "出发地": "三亚",
      "目的地": "郑州",
      "航班类型": "国内航班",
      "航班日期": "2026-02-21",
      "航班代码": "3U3229/CZ8682",
      "价格": "1769"
    },
    {
      "出发地": "三亚",
      "目的地": "郑州",
      "航班类型": "国内航班",
      "航班日期": "2026-02-22",
      "航班代码": "3U3213/8L9564",
      "价格": "2109"
    },
    {
      "出发地": "三亚",
      "目的地": "郑州",
      "航班类型": "国内航班",
      "航班日期": "2026-02-23",
      "航班代码": "JD5079/CZ8682",
      "价格": "1759"
    },
    {
      "出发地": "三亚",
      "目的地": "郑州",
      "航班类型": "国内航班",
      "航班日期": "2026-02-25",
      "航班代码": "AQ1112/GJ8583",
      "价格": "1999"
    },
    {
      "出发地": "三亚",
      "目的地": "郑州",
      "航班类型": "国内航班",
      "航班日期": "2026-02-26",
      "航班代码": "3U3229/GT1019",
      "价格": "1598"
    },
    {
      "出发地": "三亚",
      "目的地": "郑州",
      "航班类型": "国内航班",
      "航班日期": "2026-02-27",
      "航班代码": "AQ1112/GJ8583",
      "价格": "2000"
    },
    {
      "出发地": "三亚",
      "目的地": "郑州",
      "航班类型": "国内航班",
      "航班日期": "2026-02-28",
      "航班代码": "GT1102/GT1019",
      "价格": "1509"
    }
  ]
}