{
  "查询条件": {
    "出发地": "三亚",
    "目的地": "西安"
  },
  "航班数量": 44,
  "航班列表": [
    {
      "出发地": "三亚",
      "目的地": "西安",
      "航班类型": "国内航班",
      "航班日期": "2025-12-16",
      "航班代码": "GS7452",
      "价格": "300"
    },
    {
      "出发地": "三亚",
      "目的地": "西安",
      "航班类型": "国内航班",
      "航班日期": "2025-12-17",
      "航班代码": "MF8398/MF8237",
      "价格": "340"
    },
    {
      "出发地": "三亚",
      "目的地": "西安",
      "航班类型": "国内航班",
      "航班日期": "2025-12-18",
      "航班代码": "GS7452",
      "价格": "300"
    },
    {
      "出发地": "三亚",
      "目的地": "西安",
      "航班类型": "国内航班",
      "航班日期": "2025-12-19",
      "航班代码": "MU5398/MU2162",
      "价格": "390"
    },
    {
      "出发地": "三亚",
      "目的地": "西安",
      "航班类型": "国内航班",
      "航班日期": "2025-12-20",
      "航班代码": "GS7660",
      "价格": "350"
    },
    {
      "出发地": "三亚",
      "目的地": "西安",
      "航班类型": "国内航班",
      "航班日期": "2025-12-21",
      "航班代码": "HU7359/9H8392",
      "价格": "460"
    },
    {
      "出发地": "三亚",
      "目的地": "西安",
      "航班类型": "国内航班",
      "航班日期": "2025-12-22",
      "航班代码": "GS7546/GS7678",
      "价格": "380"
    },
    {
      "出发地": "三亚",
      "目的地": "西安",
      "航班类型": "国内航班",
      "航班日期": "2025-12-23",
      "航班代码": "GT1102/GT1041",
      "价格": "317"
    },
    {
      "出发地": "三亚",
      "目的地": "西安",
      "航班类型": "国内航班",
      "航班日期": "2025-12-24",
      "航班代码": "MU5398/MU2296",
      "价格": "390"
    },
    {
      "出发地": "三亚",
      "目的地": "西安",
      "航班类型": "国内航班",
      "航班日期": "2025-12-25",
      "航班代码": "GT1102/GT1041",
      "价格": "317"
    },
    {
      "出发地": "三亚",
      "目的地": "西安",
      "航班类型": "国内航班",
      "航班日期": "2025-12-26",
      "航班代码": "MU5398/MU8357",
      "价格": "400"
    },
    {
      "出发地": "三亚",
      "目的地": "西安",
      "航班类型": "国内航班",
      "航班日期": "2025-12-27",
      "航班代码": "HU7359/GS7672",
      "价格": "480"
    },
    {
      "出发地": "三亚",
      "目的地": "西安",
      "航班类型": "国内航班",
      "航班日期": "2025-12-28",
      "航班代码": "JD5079/GT1041",
      "价格": "527"
    },
    {
      "出发地": "三亚",
      "目的地": "西安",
      "航班类型": "国内航班",
      "航班日期": "2025-12-29",
      "航班代码": "GS7886/9H8474",
      "价格": "489"
    },
    {
      "出发地": "三亚",
      "目的地": "西安",
      "航班类型": "国内航班",
      "航班日期": "2025-12-30",
      "航班代码": "MU2728/MU2795",
      "价格": "470"
    },
    {
      "出发地": "三亚",
      "目的地": "西安",
      "航班类型": "国内航班",
      "航班日期": "2025-12-31",
      "航班代码": "MU2728/MU2875",
      "价格": "470"
    },
    {
      "出发地": "三亚",
      "目的地": "西安",
      "航班类型": "国内航班",
      "航班日期": "2026-01-01",
      "航班代码": "MU2728/MU9763",
      "价格": "470"
    },
    {
      "出发地": "三亚",
      "目的地": "西安",
      "航班类型": "国内航班",
      "航班日期": "2026-01-02",
      "航班代码": "8L9966/GS7858",
      "价格": "639"
    },
    {
      "出发地": "三亚",
      "目的地": "西安",
      "航班类型": "国内航班",
      "航班日期": "2026-01-03",
      "航班代码": "JD5079/JD5144",
      "价格": "569"
    },
    {
      "出发地": "三亚",
      "目的地": "西安",
      "航班类型": "国内航班",
      "航班日期": "2026-01-04",
      "航班代码": "3U3282",
      "价格": "680"
    },
    {
      "出发地": "三亚",
      "目的地": "西安",
      "航班类型": "国内航班",
      "航班日期": "2026-01-05",
      "航班代码": "GS7546",
      "价格": "550"
    },
    {
      "出发地": "三亚",
      "目的地": "西安",
      "航班类型": "国内航班",
      "航班日期": "2026-01-10",
      "航班代码": "CA1320/CA1289",
      "价格": "399"
    },
    {
      "出发地": "三亚",
      "目的地": "西安",
      "航班类型": "国内航班",
      "航班日期": "2026-01-15",
      "航班代码": "JD5175",
      "价格": "500"
    },
    {
      "出发地": "三亚",
      "目的地": "西安",
      "航班类型": "国内航班",
      "航班日期": "2026-01-16",
      "航班代码": "MU5772/MU2263",
      "价格": "620"
    },
    {
      "出发地": "三亚",
      "目的地": "西安",
      "航班类型": "国内航班",
      "航班日期": "2026-01-18",
      "航班代码": "JD5175",
      "价格": "500"
    },
    {
      "出发地": "三亚",
      "目的地": "西安",
      "航班类型": "国内航班",
      "航班日期": "2026-01-19",
      "航班代码": "JD5175",
      "价格": "500"
    },
    {
      "出发地": "三亚",
      "目的地": "西安",
      "航班类型": "国内航班",
      "航班日期": "2026-01-20",
      "航班代码": "JD5079/JD5144",
      "价格": "529"
    },
    {
      "出发地": "三亚",
      "目的地": "西安",
      "航班类型": "国内航班",
      "航班日期": "2026-01-22",
      "航班代码": "CA1388/CA1231",
      "价格": "609"
    },
    {
      "出发地": "三亚",
      "目的地": "西安",
      "航班类型": "国内航班",
      "航班日期": "2026-01-29",
      "航班代码": "CA1320/CA1231",
      "价格": "399"
    },
    {
      "出发地": "三亚",
      "目的地": "西安",
      "航班类型": "国内航班",
      "航班日期": "2026-01-30",
      "航班代码": "JD5175",
      "价格": "600"
    },
    {
      "出发地": "三亚",
      "目的地": "西安",
      "航班类型": "国内航班",
      "航班日期": "2026-02-03",
      "航班代码": "MU2140",
      "价格": "926"
    },
    {
      "出发地": "三亚",
      "目的地": "西安",
      "航班类型": "国内航班",
      "航班日期": "2026-02-04",
      "航班代码": "MU2140",
      "价格": "1145"
    },
    {
      "出发地": "三亚",
      "目的地": "西安",
      "航班类型": "国内航班",
      "航班日期": "2026-02-08",
      "航班代码": "MU2140",
      "价格": "1145"
    },
    {
      "出发地": "三亚",
      "目的地": "西安",
      "航班类型": "国内航班",
      "航班日期": "2026-02-09",
      "航班代码": "GY7106/HU7520",
      "价格": "1659"
    },
    {
      "出发地": "三亚",
      "目的地": "西安",
      "航班类型": "国内航班",
      "航班日期": "2026-02-10",
      "航班代码": "MU2140",
      "价格": "1145"
    },
    {
      "出发地": "三亚",
      "目的地": "西安",
      "航班类型": "国内航班",
      "航班日期": "2026-02-20",
      "航班代码": "CZ6704/MU2342",
      "价格": "1891"
    },
    {
      "出发地": "三亚",
      "目的地": "西安",
      "航班类型": "国内航班",
      "航班日期": "2026-02-22",
      "航班代码": "ZH9322/9C8759",
      "价格": "1918"
    },
    {
      "出发地": "三亚",
      "目的地": "西安",
      "航班类型": "国内航班",
      "航班日期": "2026-02-23",
      "航班代码": "CZ6498/DZ6281",
      "价格": "1848"
    },
    {
      "出发地": "三亚",
      "目的地": "西安",
      "航班类型": "国内航班",
      "航班日期": "2026-02-24",
      "航班代码": "CZ6498/9C8753",
      "价格": "1755"
    },
    {
      "出发地": "三亚",
      "目的地": "西安",
      "航班类型": "国内航班",
      "航班日期": "2026-02-25",
      "航班代码": "CZ6498/9C8759",
      "价格": "1637"
    },
    {
      "出发地": "三亚",
      "目的地": "西安",
      "航班类型": "国内航班",
      "航班日期": "2026-02-26",
      "航班代码": "CZ6704/MU2342",
      "价格": "1666"
    },
    {
      "出发地": "三亚",
      "目的地": "西安",
      "航班类型": "国内航班",
      "航班日期": "2026-02-27",
      "航班代码": "ZH9322/9C8753",
      "价格": "1627"
    },
    {
      "出发地": "三亚",
      "目的地": "西安",
      "航班类型": "国内航班",
      "航班日期": "2026-02-28",
      "航班代码": "GT1102/GT1041",
      "价格": "1520"
    },
    {
      "出发地": "三亚",
      "目的地": "西安",
      "航班类型": "国内航班",
      "航班日期": "2026-03-03",
      "航班代码": "GT1102/GT1041",
      "价格": "1240"
    }
  ]
}