{
  "查询条件": {
    "出发地": "三亚",
    "目的地": "贵阳"
  },
  "航班数量": 29,
  "航班列表": [
    {
      "出发地": "三亚",
      "目的地": "贵阳",
      "航班类型": "国内航班",
      "航班日期": "2025-12-16",
      "航班代码": "HU7359",
      "价格": "400"
    },
    {
      "出发地": "三亚",
      "目的地": "贵阳",
      "航班类型": "国内航班",
      "航班日期": "2025-12-17",
      "航班代码": "HU7359",
      "价格": "350"
    },
    {
      "出发地": "三亚",
      "目的地": "贵阳",
      "航班类型": "国内航班",
      "航班日期": "2025-12-18",
      "航班代码": "GS7660/9H8391",
      "价格": "439"
    },
    {
      "出发地": "三亚",
      "目的地": "贵阳",
      "航班类型": "国内航班",
      "航班日期": "2025-12-19",
      "航班代码": "MU2528/MU2603",
      "价格": "480"
    },
    {
      "出发地": "三亚",
      "目的地": "贵阳",
      "航班类型": "国内航班",
      "航班日期": "2025-12-20",
      "航班代码": "JD5617/FU6511",
      "价格": "560"
    },
    {
      "出发地": "三亚",
      "目的地": "贵阳",
      "航班类型": "国内航班",
      "航班日期": "2025-12-21",
      "航班代码": "MU2528/MU2603",
      "价格": "520"
    },
    {
      "出发地": "三亚",
      "目的地": "贵阳",
      "航班类型": "国内航班",
      "航班日期": "2025-12-22",
      "航班代码": "JD5177/CA2559",
      "价格": "380"
    },
    {
      "出发地": "三亚",
      "目的地": "贵阳",
      "航班类型": "国内航班",
      "航班日期": "2025-12-23",
      "航班代码": "JD5177/CA2559",
      "价格": "449"
    },
    {
      "出发地": "三亚",
      "目的地": "贵阳",
      "航班类型": "国内航班",
      "航班日期": "2025-12-24",
      "航班代码": "JD5177/CA2559",
      "价格": "449"
    },
    {
      "出发地": "三亚",
      "目的地": "贵阳",
      "航班类型": "国内航班",
      "航班日期": "2025-12-25",
      "航班代码": "JD5177/CA2559",
      "价格": "449"
    },
    {
      "出发地": "三亚",
      "目的地": "贵阳",
      "航班类型": "国内航班",
      "航班日期": "2025-12-26",
      "航班代码": "CZ5971",
      "价格": "311"
    },
    {
      "出发地": "三亚",
      "目的地": "贵阳",
      "航班类型": "国内航班",
      "航班日期": "2025-12-27",
      "航班代码": "3U3217",
      "价格": "350"
    },
    {
      "出发地": "三亚",
      "目的地": "贵阳",
      "航班类型": "国内航班",
      "航班日期": "2025-12-28",
      "航班代码": "GY7106",
      "价格": "570"
    },
    {
      "出发地": "三亚",
      "目的地": "贵阳",
      "航班类型": "国内航班",
      "航班日期": "2025-12-29",
      "航班代码": "3U2020",
      "价格": "450"
    },
    {
      "出发地": "三亚",
      "目的地": "贵阳",
      "航班类型": "国内航班",
      "航班日期": "2025-12-30",
      "航班代码": "3U3217",
      "价格": "400"
    },
    {
      "出发地": "三亚",
      "目的地": "贵阳",
      "航班类型": "国内航班",
      "航班日期": "2025-12-31",
      "航班代码": "JD5287",
      "价格": "340"
    },
    {
      "出发地": "三亚",
      "目的地": "贵阳",
      "航班类型": "国内航班",
      "航班日期": "2026-01-01",
      "航班代码": "3U3217",
      "价格": "350"
    },
    {
      "出发地": "三亚",
      "目的地": "贵阳",
      "航班类型": "国内航班",
      "航班日期": "2026-01-02",
      "航班代码": "CZ5971",
      "价格": "420"
    },
    {
      "出发地": "三亚",
      "目的地": "贵阳",
      "航班类型": "国内航班",
      "航班日期": "2026-01-03",
      "航班代码": "3U3217",
      "价格": "460"
    },
    {
      "出发地": "三亚",
      "目的地": "贵阳",
      "航班类型": "国内航班",
      "航班日期": "2026-01-05",
      "航班代码": "CZ5971",
      "价格": "450"
    },
    {
      "出发地": "三亚",
      "目的地": "贵阳",
      "航班类型": "国内航班",
      "航班日期": "2026-01-06",
      "航班代码": "3U3217",
      "价格": "400"
    },
    {
      "出发地": "三亚",
      "目的地": "贵阳",
      "航班类型": "国内航班",
      "航班日期": "2026-01-07",
      "航班代码": "CZ5971",
      "价格": "470"
    },
    {
      "出发地": "三亚",
      "目的地": "贵阳",
      "航班类型": "国内航班",
      "航班日期": "2026-01-08",
      "航班代码": "3U3217",
      "价格": "400"
    },
    {
      "出发地": "三亚",
      "目的地": "贵阳",
      "航班类型": "国内航班",
      "航班日期": "2026-01-18",
      "航班代码": "GY7106",
      "价格": "550"
    },
    {
      "出发地": "三亚",
      "目的地": "贵阳",
      "航班类型": "国内航班",
      "航班日期": "2026-01-19",
      "航班代码": "GY7106",
      "价格": "550"
    },
    {
      "出发地": "三亚",
      "目的地": "贵阳",
      "航班类型": "国内航班",
      "航班日期": "2026-01-21",
      "航班代码": "AQ1112/CZ6411",
      "价格": "857"
    },
    {
      "出发地": "三亚",
      "目的地": "贵阳",
      "航班类型": "国内航班",
      "航班日期": "2026-01-28",
      "航班代码": "JD5287",
      "价格": "650"
    },
    {
      "出发地": "三亚",
      "目的地": "贵阳",
      "航班类型": "国内航班",
      "航班日期": "2026-02-26",
      "航班代码": "CZ4643",
      "价格": "1350"
    },
    {
      "出发地": "三亚",
      "目的地": "贵阳",
      "航班类型": "国内航班",
      "航班日期": "2026-02-27",
      "航班代码": "JD5287",
      "价格": "1350"
    }
  ]
}