{
  "查询条件": {
    "出发地": "三亚",
    "目的地": "兰州"
  },
  "航班数量": 26,
  "航班列表": [
    {
      "出发地": "三亚",
      "目的地": "兰州",
      "航班类型": "国内航班",
      "航班日期": "2025-12-16",
      "航班代码": "MU5376/MU8361",
      "价格": "394"
    },
    {
      "出发地": "三亚",
      "目的地": "兰州",
      "航班类型": "国内航班",
      "航班日期": "2025-12-17",
      "航班代码": "JD5177/JD5172",
      "价格": "380"
    },
    {
      "出发地": "三亚",
      "目的地": "兰州",
      "航班类型": "国内航班",
      "航班日期": "2025-12-18",
      "航班代码": "MU5376/MU6803",
      "价格": "390"
    },
    {
      "出发地": "三亚",
      "目的地": "兰州",
      "航班类型": "国内航班",
      "航班日期": "2025-12-19",
      "航班代码": "MU5376/FM9211",
      "价格": "384"
    },
    {
      "出发地": "三亚",
      "目的地": "兰州",
      "航班类型": "国内航班",
      "航班日期": "2025-12-20",
      "航班代码": "MU8556/MU8363",
      "价格": "400"
    },
    {
      "出发地": "三亚",
      "目的地": "兰州",
      "航班类型": "国内航班",
      "航班日期": "2025-12-21",
      "航班代码": "HU7353/HU7417",
      "价格": "470"
    },
    {
      "出发地": "三亚",
      "目的地": "兰州",
      "航班类型": "国内航班",
      "航班日期": "2025-12-22",
      "航班代码": "MU5398/MU720",
      "价格": "390"
    },
    {
      "出发地": "三亚",
      "目的地": "兰州",
      "航班类型": "国内航班",
      "航班日期": "2025-12-23",
      "航班代码": "GT1102/JD5079",
      "价格": "343"
    },
    {
      "出发地": "三亚",
      "目的地": "兰州",
      "航班类型": "国内航班",
      "航班日期": "2025-12-24",
      "航班代码": "MU5398/MU720",
      "价格": "390"
    },
    {
      "出发地": "三亚",
      "目的地": "兰州",
      "航班类型": "国内航班",
      "航班日期": "2025-12-25",
      "航班代码": "GT1102/JD5079",
      "价格": "350"
    },
    {
      "出发地": "三亚",
      "目的地": "兰州",
      "航班类型": "国内航班",
      "航班日期": "2025-12-26",
      "航班代码": "HU7353/UQ2522",
      "价格": "430"
    },
    {
      "出发地": "三亚",
      "目的地": "兰州",
      "航班类型": "国内航班",
      "航班日期": "2025-12-27",
      "航班代码": "CA1378/CA1207",
      "价格": "499"
    },
    {
      "出发地": "三亚",
      "目的地": "兰州",
      "航班类型": "国内航班",
      "航班日期": "2025-12-28",
      "航班代码": "JD5079/MU2372",
      "价格": "677"
    },
    {
      "出发地": "三亚",
      "目的地": "兰州",
      "航班类型": "国内航班",
      "航班日期": "2025-12-29",
      "航班代码": "CA1378/CA1273",
      "价格": "499"
    },
    {
      "出发地": "三亚",
      "目的地": "兰州",
      "航班类型": "国内航班",
      "航班日期": "2025-12-30",
      "航班代码": "CA4034/CA2581",
      "价格": "500"
    },
    {
      "出发地": "三亚",
      "目的地": "兰州",
      "航班类型": "国内航班",
      "航班日期": "2025-12-31",
      "航班代码": "CA4034/CA2587",
      "价格": "499"
    },
    {
      "出发地": "三亚",
      "目的地": "兰州",
      "航班类型": "国内航班",
      "航班日期": "2026-01-01",
      "航班代码": "CA2684/CA2587",
      "价格": "499"
    },
    {
      "出发地": "三亚",
      "目的地": "兰州",
      "航班类型": "国内航班",
      "航班日期": "2026-01-02",
      "航班代码": "HU7359/9C6122",
      "价格": "764"
    },
    {
      "出发地": "三亚",
      "目的地": "兰州",
      "航班类型": "国内航班",
      "航班日期": "2026-01-03",
      "航班代码": "JD5177/JD5172",
      "价格": "729"
    },
    {
      "出发地": "三亚",
      "目的地": "兰州",
      "航班类型": "国内航班",
      "航班日期": "2026-01-04",
      "航班代码": "3U8062/9C6282",
      "价格": "658"
    },
    {
      "出发地": "三亚",
      "目的地": "兰州",
      "航班类型": "国内航班",
      "航班日期": "2026-01-05",
      "航班代码": "JD5177/JD5172",
      "价格": "649"
    },
    {
      "出发地": "三亚",
      "目的地": "兰州",
      "航班类型": "国内航班",
      "航班日期": "2026-01-06",
      "航班代码": "JD5177/JD5172",
      "价格": "580"
    },
    {
      "出发地": "三亚",
      "目的地": "兰州",
      "航班类型": "国内航班",
      "航班日期": "2026-01-07",
      "航班代码": "MU5398/9C6623",
      "价格": "545"
    },
    {
      "出发地": "三亚",
      "目的地": "兰州",
      "航班类型": "国内航班",
      "航班日期": "2026-01-08",
      "航班代码": "MU5398/9C6566",
      "价格": "575"
    },
    {
      "出发地": "三亚",
      "目的地": "兰州",
      "航班类型": "国内航班",
      "航班日期": "2026-01-22",
      "航班代码": "MU5398/MU6805",
      "价格": "694"
    },
    {
      "出发地": "三亚",
      "目的地": "兰州",
      "航班类型": "国内航班",
      "航班日期": "2026-01-25",
      "航班代码": "FM9536/MU8363",
      "价格": "746"
    }
  ]
}