{
  "查询条件": {
    "出发地": "三亚",
    "目的地": "乌鲁木齐"
  },
  "航班数量": 45,
  "航班列表": [
    {
      "出发地": "三亚",
      "目的地": "乌鲁木齐",
      "航班类型": "国内航班",
      "航班日期": "2025-12-16",
      "航班代码": "MU5378/MU5699",
      "价格": "550"
    },
    {
      "出发地": "三亚",
      "目的地": "乌鲁木齐",
      "航班类型": "国内航班",
      "航班日期": "2025-12-17",
      "航班代码": "CA4036/CA4209",
      "价格": "594"
    },
    {
      "出发地": "三亚",
      "目的地": "乌鲁木齐",
      "航班类型": "国内航班",
      "航班日期": "2025-12-18",
      "航班代码": "HU7353/HU7617",
      "价格": "570"
    },
    {
      "出发地": "三亚",
      "目的地": "乌鲁木齐",
      "航班类型": "国内航班",
      "航班日期": "2025-12-19",
      "航班代码": "CA1370/CA1293",
      "价格": "599"
    },
    {
      "出发地": "三亚",
      "目的地": "乌鲁木齐",
      "航班类型": "国内航班",
      "航班日期": "2025-12-20",
      "航班代码": "CA4034/CA4201",
      "价格": "594"
    },
    {
      "出发地": "三亚",
      "目的地": "乌鲁木齐",
      "航班类型": "国内航班",
      "航班日期": "2025-12-21",
      "航班代码": "PN6566/PN6261",
      "价格": "579"
    },
    {
      "出发地": "三亚",
      "目的地": "乌鲁木齐",
      "航班类型": "国内航班",
      "航班日期": "2025-12-22",
      "航班代码": "PN6214/PN6269",
      "价格": "529"
    },
    {
      "出发地": "三亚",
      "目的地": "乌鲁木齐",
      "航班类型": "国内航班",
      "航班日期": "2025-12-24",
      "航班代码": "JD5177/8L9663",
      "价格": "520"
    },
    {
      "出发地": "三亚",
      "目的地": "乌鲁木齐",
      "航班类型": "国内航班",
      "航班日期": "2025-12-26",
      "航班代码": "PN6566/PN6261",
      "价格": "600"
    },
    {
      "出发地": "三亚",
      "目的地": "乌鲁木齐",
      "航班类型": "国内航班",
      "航班日期": "2025-12-27",
      "航班代码": "MU2674/MU2783",
      "价格": "695"
    },
    {
      "出发地": "三亚",
      "目的地": "乌鲁木齐",
      "航班类型": "国内航班",
      "航班日期": "2025-12-28",
      "航班代码": "HU7359/GS7530",
      "价格": "890"
    },
    {
      "出发地": "三亚",
      "目的地": "乌鲁木齐",
      "航班类型": "国内航班",
      "航班日期": "2025-12-29",
      "航班代码": "CA2684/CA4201",
      "价格": "619"
    },
    {
      "出发地": "三亚",
      "目的地": "乌鲁木齐",
      "航班类型": "国内航班",
      "航班日期": "2025-12-30",
      "航班代码": "3U3207/UQ2514",
      "价格": "629"
    },
    {
      "出发地": "三亚",
      "目的地": "乌鲁木齐",
      "航班类型": "国内航班",
      "航班日期": "2025-12-31",
      "航班代码": "PN6566/PN6261",
      "价格": "689"
    },
    {
      "出发地": "三亚",
      "目的地": "乌鲁木齐",
      "航班类型": "国内航班",
      "航班日期": "2026-01-01",
      "航班代码": "PN6214/PN6497",
      "价格": "700"
    },
    {
      "出发地": "三亚",
      "目的地": "乌鲁木齐",
      "航班类型": "国内航班",
      "航班日期": "2026-01-02",
      "航班代码": "TV9806/UQ2574",
      "价格": "905"
    },
    {
      "出发地": "三亚",
      "目的地": "乌鲁木齐",
      "航班类型": "国内航班",
      "航班日期": "2026-01-03",
      "航班代码": "PN6214/PN6497",
      "价格": "930"
    },
    {
      "出发地": "三亚",
      "目的地": "乌鲁木齐",
      "航班类型": "国内航班",
      "航班日期": "2026-01-04",
      "航班代码": "CA1354/CA1293",
      "价格": "900"
    },
    {
      "出发地": "三亚",
      "目的地": "乌鲁木齐",
      "航班类型": "国内航班",
      "航班日期": "2026-01-05",
      "航班代码": "MU9792/MU2991",
      "价格": "670"
    },
    {
      "出发地": "三亚",
      "目的地": "乌鲁木齐",
      "航班类型": "国内航班",
      "航班日期": "2026-01-06",
      "航班代码": "CA4034/CA4201",
      "价格": "500"
    },
    {
      "出发地": "三亚",
      "目的地": "乌鲁木齐",
      "航班类型": "国内航班",
      "航班日期": "2026-01-07",
      "航班代码": "JD5177/UQ2574",
      "价格": "785"
    },
    {
      "出发地": "三亚",
      "目的地": "乌鲁木齐",
      "航班类型": "国内航班",
      "航班日期": "2026-01-08",
      "航班代码": "PN6214/PN6497",
      "价格": "790"
    },
    {
      "出发地": "三亚",
      "目的地": "乌鲁木齐",
      "航班类型": "国内航班",
      "航班日期": "2026-01-12",
      "航班代码": "PN6214/GS7594",
      "价格": "899"
    },
    {
      "出发地": "三亚",
      "目的地": "乌鲁木齐",
      "航班类型": "国内航班",
      "航班日期": "2026-01-13",
      "航班代码": "PN6214/PN6497",
      "价格": "750"
    },
    {
      "出发地": "三亚",
      "目的地": "乌鲁木齐",
      "航班类型": "国内航班",
      "航班日期": "2026-01-15",
      "航班代码": "MU2728/MU2991",
      "价格": "684"
    },
    {
      "出发地": "三亚",
      "目的地": "乌鲁木齐",
      "航班类型": "国内航班",
      "航班日期": "2026-01-19",
      "航班代码": "PN6214/PN6269",
      "价格": "799"
    },
    {
      "出发地": "三亚",
      "目的地": "乌鲁木齐",
      "航班类型": "国内航班",
      "航班日期": "2026-01-20",
      "航班代码": "CA2684/CA2529",
      "价格": "594"
    },
    {
      "出发地": "三亚",
      "目的地": "乌鲁木齐",
      "航班类型": "国内航班",
      "航班日期": "2026-01-25",
      "航班代码": "MU5772/MU9667",
      "价格": "920"
    },
    {
      "出发地": "三亚",
      "目的地": "乌鲁木齐",
      "航班类型": "国内航班",
      "航班日期": "2026-01-26",
      "航班代码": "MU5772/MU9667",
      "价格": "920"
    },
    {
      "出发地": "三亚",
      "目的地": "乌鲁木齐",
      "航班类型": "国内航班",
      "航班日期": "2026-01-28",
      "航班代码": "PN6214/GS7594",
      "价格": "998"
    },
    {
      "出发地": "三亚",
      "目的地": "乌鲁木齐",
      "航班类型": "国内航班",
      "航班日期": "2026-01-30",
      "航班代码": "CZ2332/GS7594",
      "价格": "1112"
    },
    {
      "出发地": "三亚",
      "目的地": "乌鲁木齐",
      "航班类型": "国内航班",
      "航班日期": "2026-01-31",
      "航班代码": "8L9692/UQ2528",
      "价格": "1015"
    },
    {
      "出发地": "三亚",
      "目的地": "乌鲁木齐",
      "航班类型": "国内航班",
      "航班日期": "2026-02-02",
      "航班代码": "CZ6189/FM9545",
      "价格": "1227"
    },
    {
      "出发地": "三亚",
      "目的地": "乌鲁木齐",
      "航班类型": "国内航班",
      "航班日期": "2026-02-03",
      "航班代码": "CZ6189/FM9545",
      "价格": "1250"
    },
    {
      "出发地": "三亚",
      "目的地": "乌鲁木齐",
      "航班类型": "国内航班",
      "航班日期": "2026-02-04",
      "航班代码": "TV9806/FM9545",
      "价格": "1346"
    },
    {
      "出发地": "三亚",
      "目的地": "乌鲁木齐",
      "航班类型": "国内航班",
      "航班日期": "2026-02-05",
      "航班代码": "TV9806/UQ2528",
      "价格": "1298"
    },
    {
      "出发地": "三亚",
      "目的地": "乌鲁木齐",
      "航班类型": "国内航班",
      "航班日期": "2026-02-07",
      "航班代码": "9H8362/RY8939",
      "价格": "1426"
    },
    {
      "出发地": "三亚",
      "目的地": "乌鲁木齐",
      "航班类型": "国内航班",
      "航班日期": "2026-02-08",
      "航班代码": "CA4388/GS7592",
      "价格": "1407"
    },
    {
      "出发地": "三亚",
      "目的地": "乌鲁木齐",
      "航班类型": "国内航班",
      "航班日期": "2026-02-09",
      "航班代码": "9H8362/RY8939",
      "价格": "1426"
    },
    {
      "出发地": "三亚",
      "目的地": "乌鲁木齐",
      "航班类型": "国内航班",
      "航班日期": "2026-02-10",
      "航班代码": "CZ6189/UQ2528",
      "价格": "1649"
    },
    {
      "出发地": "三亚",
      "目的地": "乌鲁木齐",
      "航班类型": "国内航班",
      "航班日期": "2026-02-15",
      "航班代码": "CZ8448",
      "价格": "1440"
    },
    {
      "出发地": "三亚",
      "目的地": "乌鲁木齐",
      "航班类型": "国内航班",
      "航班日期": "2026-02-20",
      "航班代码": "CZ5137",
      "价格": "1990"
    },
    {
      "出发地": "三亚",
      "目的地": "乌鲁木齐",
      "航班类型": "国内航班",
      "航班日期": "2026-02-26",
      "航班代码": "ZH9322/SC9307",
      "价格": "2966"
    },
    {
      "出发地": "三亚",
      "目的地": "乌鲁木齐",
      "航班类型": "国内航班",
      "航班日期": "2026-02-27",
      "航班代码": "AQ1112/AQ1061",
      "价格": "2928"
    },
    {
      "出发地": "三亚",
      "目的地": "乌鲁木齐",
      "航班类型": "国内航班",
      "航班日期": "2026-03-01",
      "航班代码": "MU8556/MU5633",
      "价格": "2539"
    }
  ]
}