{
  "查询条件": {
    "出发地": "三亚",
    "目的地": "重庆"
  },
  "航班数量": 32,
  "航班列表": [
    {
      "出发地": "三亚",
      "目的地": "重庆",
      "航班类型": "国内航班",
      "航班日期": "2025-12-16",
      "航班代码": "CA4388",
      "价格": "350"
    },
    {
      "出发地": "三亚",
      "目的地": "重庆",
      "航班类型": "国内航班",
      "航班日期": "2025-12-17",
      "航班代码": "OQ2332",
      "价格": "210"
    },
    {
      "出发地": "三亚",
      "目的地": "重庆",
      "航班类型": "国内航班",
      "航班日期": "2025-12-18",
      "航班代码": "CA4388",
      "价格": "350"
    },
    {
      "出发地": "三亚",
      "目的地": "重庆",
      "航班类型": "国内航班",
      "航班日期": "2025-12-19",
      "航班代码": "HU7349",
      "价格": "300"
    },
    {
      "出发地": "三亚",
      "目的地": "重庆",
      "航班类型": "国内航班",
      "航班日期": "2025-12-20",
      "航班代码": "PN6214",
      "价格": "300"
    },
    {
      "出发地": "三亚",
      "目的地": "重庆",
      "航班类型": "国内航班",
      "航班日期": "2025-12-21",
      "航班代码": "CZ2332",
      "价格": "310"
    },
    {
      "出发地": "三亚",
      "目的地": "重庆",
      "航班类型": "国内航班",
      "航班日期": "2025-12-22",
      "航班代码": "CZ4986",
      "价格": "240"
    },
    {
      "出发地": "三亚",
      "目的地": "重庆",
      "航班类型": "国内航班",
      "航班日期": "2025-12-23",
      "航班代码": "PN6566",
      "价格": "248"
    },
    {
      "出发地": "三亚",
      "目的地": "重庆",
      "航班类型": "国内航班",
      "航班日期": "2025-12-24",
      "航班代码": "CZ4986",
      "价格": "240"
    },
    {
      "出发地": "三亚",
      "目的地": "重庆",
      "航班类型": "国内航班",
      "航班日期": "2025-12-25",
      "航班代码": "PN6214",
      "价格": "268"
    },
    {
      "出发地": "三亚",
      "目的地": "重庆",
      "航班类型": "国内航班",
      "航班日期": "2025-12-27",
      "航班代码": "8L9966/8L9857",
      "价格": "523"
    },
    {
      "出发地": "三亚",
      "目的地": "重庆",
      "航班类型": "国内航班",
      "航班日期": "2025-12-28",
      "航班代码": "CZ4986",
      "价格": "410"
    },
    {
      "出发地": "三亚",
      "目的地": "重庆",
      "航班类型": "国内航班",
      "航班日期": "2025-12-29",
      "航班代码": "OQ2332",
      "价格": "500"
    },
    {
      "出发地": "三亚",
      "目的地": "重庆",
      "航班类型": "国内航班",
      "航班日期": "2025-12-30",
      "航班代码": "PN6214",
      "价格": "248"
    },
    {
      "出发地": "三亚",
      "目的地": "重庆",
      "航班类型": "国内航班",
      "航班日期": "2025-12-31",
      "航班代码": "CZ4986",
      "价格": "280"
    },
    {
      "出发地": "三亚",
      "目的地": "重庆",
      "航班类型": "国内航班",
      "航班日期": "2026-01-01",
      "航班代码": "PN6566",
      "价格": "300"
    },
    {
      "出发地": "三亚",
      "目的地": "重庆",
      "航班类型": "国内航班",
      "航班日期": "2026-01-03",
      "航班代码": "MU5772/MU5450",
      "价格": "600"
    },
    {
      "出发地": "三亚",
      "目的地": "重庆",
      "航班类型": "国内航班",
      "航班日期": "2026-01-07",
      "航班代码": "PN6214",
      "价格": "350"
    },
    {
      "出发地": "三亚",
      "目的地": "重庆",
      "航班类型": "国内航班",
      "航班日期": "2026-01-09",
      "航班代码": "MU2728/MU2925",
      "价格": "450"
    },
    {
      "出发地": "三亚",
      "目的地": "重庆",
      "航班类型": "国内航班",
      "航班日期": "2026-01-15",
      "航班代码": "PN6214",
      "价格": "350"
    },
    {
      "出发地": "三亚",
      "目的地": "重庆",
      "航班类型": "国内航班",
      "航班日期": "2026-01-16",
      "航班代码": "MU9792/MU2745",
      "价格": "450"
    },
    {
      "出发地": "三亚",
      "目的地": "重庆",
      "航班类型": "国内航班",
      "航班日期": "2026-01-18",
      "航班代码": "PN6214",
      "价格": "450"
    },
    {
      "出发地": "三亚",
      "目的地": "重庆",
      "航班类型": "国内航班",
      "航班日期": "2026-01-19",
      "航班代码": "ZH4988",
      "价格": "500"
    },
    {
      "出发地": "三亚",
      "目的地": "重庆",
      "航班类型": "国内航班",
      "航班日期": "2026-01-27",
      "航班代码": "ZH4988",
      "价格": "450"
    },
    {
      "出发地": "三亚",
      "目的地": "重庆",
      "航班类型": "国内航班",
      "航班日期": "2026-02-07",
      "航班代码": "ZH4988",
      "价格": "760"
    },
    {
      "出发地": "三亚",
      "目的地": "重庆",
      "航班类型": "国内航班",
      "航班日期": "2026-02-08",
      "航班代码": "ZH4988",
      "价格": "760"
    },
    {
      "出发地": "三亚",
      "目的地": "重庆",
      "航班类型": "国内航班",
      "航班日期": "2026-02-09",
      "航班代码": "ZH4988",
      "价格": "760"
    },
    {
      "出发地": "三亚",
      "目的地": "重庆",
      "航班类型": "国内航班",
      "航班日期": "2026-02-15",
      "航班代码": "ZH4988",
      "价格": "760"
    },
    {
      "出发地": "三亚",
      "目的地": "重庆",
      "航班类型": "国内航班",
      "航班日期": "2026-02-20",
      "航班代码": "CZ2332",
      "价格": "1650"
    },
    {
      "出发地": "三亚",
      "目的地": "重庆",
      "航班类型": "国内航班",
      "航班日期": "2026-02-21",
      "航班代码": "3U3229/GT1069",
      "价格": "1473"
    },
    {
      "出发地": "三亚",
      "目的地": "重庆",
      "航班类型": "国内航班",
      "航班日期": "2026-02-26",
      "航班代码": "3U3229/GT1069",
      "价格": "1367"
    },
    {
      "出发地": "三亚",
      "目的地": "重庆",
      "航班类型": "国内航班",
      "航班日期": "2026-02-28",
      "航班代码": "3U3229/GT1069",
      "价格": "1303"
    }
  ]
}