{
  "查询条件": {
    "出发地": "厦门",
    "目的地": "大连"
  },
  "航班数量": 36,
  "航班列表": [
    {
      "出发地": "厦门",
      "目的地": "大连",
      "航班类型": "国内航班",
      "航班日期": "2025-12-16",
      "航班代码": "CZ8878/CZ6126",
      "价格": "400"
    },
    {
      "出发地": "厦门",
      "目的地": "大连",
      "航班类型": "国内航班",
      "航班日期": "2025-12-17",
      "航班代码": "9C8726/9C6778",
      "价格": "392"
    },
    {
      "出发地": "厦门",
      "目的地": "大连",
      "航班类型": "国内航班",
      "航班日期": "2025-12-18",
      "航班代码": "CZ8878/CZ6126",
      "价格": "400"
    },
    {
      "出发地": "厦门",
      "目的地": "大连",
      "航班类型": "国内航班",
      "航班日期": "2025-12-19",
      "航班代码": "CZ8966/CZ6132",
      "价格": "400"
    },
    {
      "出发地": "厦门",
      "目的地": "大连",
      "航班类型": "国内航班",
      "航班日期": "2025-12-20",
      "航班代码": "9C8726/9C6778",
      "价格": "370"
    },
    {
      "出发地": "厦门",
      "目的地": "大连",
      "航班类型": "国内航班",
      "航班日期": "2025-12-21",
      "航班代码": "CZ8878/CZ6126",
      "价格": "400"
    },
    {
      "出发地": "厦门",
      "目的地": "大连",
      "航班类型": "国内航班",
      "航班日期": "2025-12-22",
      "航班代码": "CZ8878/CZ6126",
      "价格": "400"
    },
    {
      "出发地": "厦门",
      "目的地": "大连",
      "航班类型": "国内航班",
      "航班日期": "2025-12-23",
      "航班代码": "MU2730/MU2829",
      "价格": "386"
    },
    {
      "出发地": "厦门",
      "目的地": "大连",
      "航班类型": "国内航班",
      "航班日期": "2025-12-24",
      "航班代码": "SC4786/SC4743",
      "价格": "399"
    },
    {
      "出发地": "厦门",
      "目的地": "大连",
      "航班类型": "国内航班",
      "航班日期": "2025-12-25",
      "航班代码": "9C8726/9C6778",
      "价格": "399"
    },
    {
      "出发地": "厦门",
      "目的地": "大连",
      "航班类型": "国内航班",
      "航班日期": "2025-12-26",
      "航班代码": "SC4786/SC4838",
      "价格": "430"
    },
    {
      "出发地": "厦门",
      "目的地": "大连",
      "航班类型": "国内航班",
      "航班日期": "2025-12-27",
      "航班代码": "CZ8966/CZ6132",
      "价格": "400"
    },
    {
      "出发地": "厦门",
      "目的地": "大连",
      "航班类型": "国内航班",
      "航班日期": "2025-12-28",
      "航班代码": "CZ8966/CZ6132",
      "价格": "400"
    },
    {
      "出发地": "厦门",
      "目的地": "大连",
      "航班类型": "国内航班",
      "航班日期": "2025-12-29",
      "航班代码": "9C8726/9C6778",
      "价格": "330"
    },
    {
      "出发地": "厦门",
      "目的地": "大连",
      "航班类型": "国内航班",
      "航班日期": "2025-12-30",
      "航班代码": "CZ8878/CZ6126",
      "价格": "400"
    },
    {
      "出发地": "厦门",
      "目的地": "大连",
      "航班类型": "国内航班",
      "航班日期": "2025-12-31",
      "航班代码": "SC2135/SC4838",
      "价格": "580"
    },
    {
      "出发地": "厦门",
      "目的地": "大连",
      "航班类型": "国内航班",
      "航班日期": "2026-01-04",
      "航班代码": "9C8726/9C6778",
      "价格": "445"
    },
    {
      "出发地": "厦门",
      "目的地": "大连",
      "航班类型": "国内航班",
      "航班日期": "2026-01-05",
      "航班代码": "9C8726/9C6778",
      "价格": "448"
    },
    {
      "出发地": "厦门",
      "目的地": "大连",
      "航班类型": "国内航班",
      "航班日期": "2026-01-09",
      "航班代码": "9C8804/9C8843",
      "价格": "408"
    },
    {
      "出发地": "厦门",
      "目的地": "大连",
      "航班类型": "国内航班",
      "航班日期": "2026-01-10",
      "航班代码": "MU2810/MU2829",
      "价格": "500"
    },
    {
      "出发地": "厦门",
      "目的地": "大连",
      "航班类型": "国内航班",
      "航班日期": "2026-01-11",
      "航班代码": "9C8804/9C8981",
      "价格": "518"
    },
    {
      "出发地": "厦门",
      "目的地": "大连",
      "航班类型": "国内航班",
      "航班日期": "2026-01-12",
      "航班代码": "9C8726/9C6778",
      "价格": "498"
    },
    {
      "出发地": "厦门",
      "目的地": "大连",
      "航班类型": "国内航班",
      "航班日期": "2026-01-14",
      "航班代码": "9C8726/9C6778",
      "价格": "448"
    },
    {
      "出发地": "厦门",
      "目的地": "大连",
      "航班类型": "国内航班",
      "航班日期": "2026-01-15",
      "航班代码": "9C8726/9C6778",
      "价格": "448"
    },
    {
      "出发地": "厦门",
      "目的地": "大连",
      "航班类型": "国内航班",
      "航班日期": "2026-01-16",
      "航班代码": "MU2864/MU2777",
      "价格": "500"
    },
    {
      "出发地": "厦门",
      "目的地": "大连",
      "航班类型": "国内航班",
      "航班日期": "2026-01-17",
      "航班代码": "MU2940/MU2977",
      "价格": "557"
    },
    {
      "出发地": "厦门",
      "目的地": "大连",
      "航班类型": "国内航班",
      "航班日期": "2026-01-19",
      "航班代码": "MU2880/MU2829",
      "价格": "445"
    },
    {
      "出发地": "厦门",
      "目的地": "大连",
      "航班类型": "国内航班",
      "航班日期": "2026-01-20",
      "航班代码": "CA2838/CA2917",
      "价格": "500"
    },
    {
      "出发地": "厦门",
      "目的地": "大连",
      "航班类型": "国内航班",
      "航班日期": "2026-01-25",
      "航班代码": "MU2940/MU2977",
      "价格": "557"
    },
    {
      "出发地": "厦门",
      "目的地": "大连",
      "航班类型": "国内航班",
      "航班日期": "2026-01-26",
      "航班代码": "MU6391/MU6639",
      "价格": "561"
    },
    {
      "出发地": "厦门",
      "目的地": "大连",
      "航班类型": "国内航班",
      "航班日期": "2026-01-28",
      "航班代码": "MU6391/MU6639",
      "价格": "631"
    },
    {
      "出发地": "厦门",
      "目的地": "大连",
      "航班类型": "国内航班",
      "航班日期": "2026-01-29",
      "航班代码": "9C8726/9C6778",
      "价格": "589"
    },
    {
      "出发地": "厦门",
      "目的地": "大连",
      "航班类型": "国内航班",
      "航班日期": "2026-02-07",
      "航班代码": "9C8726/9C6778",
      "价格": "1016"
    },
    {
      "出发地": "厦门",
      "目的地": "大连",
      "航班类型": "国内航班",
      "航班日期": "2026-02-08",
      "航班代码": "9C8726/9C6778",
      "价格": "1126"
    },
    {
      "出发地": "厦门",
      "目的地": "大连",
      "航班类型": "国内航班",
      "航班日期": "2026-02-14",
      "航班代码": "9C8726/9C6778",
      "价格": "1317"
    },
    {
      "出发地": "厦门",
      "目的地": "大连",
      "航班类型": "国内航班",
      "航班日期": "2026-02-17",
      "航班代码": "CA2838/CA2917",
      "价格": "510"
    }
  ]
}