{
  "查询条件": {
    "出发地": "厦门",
    "目的地": "南宁"
  },
  "航班数量": 22,
  "航班列表": [
    {
      "出发地": "厦门",
      "目的地": "南宁",
      "航班类型": "国内航班",
      "航班日期": "2025-12-16",
      "航班代码": "CA8228/CZ6318",
      "价格": "585"
    },
    {
      "出发地": "厦门",
      "目的地": "南宁",
      "航班类型": "国内航班",
      "航班日期": "2025-12-17",
      "航班代码": "SC2221/SC8879",
      "价格": "476"
    },
    {
      "出发地": "厦门",
      "目的地": "南宁",
      "航班类型": "国内航班",
      "航班日期": "2025-12-18",
      "航班代码": "FU6593/GX8816",
      "价格": "460"
    },
    {
      "出发地": "厦门",
      "目的地": "南宁",
      "航班类型": "国内航班",
      "航班日期": "2025-12-19",
      "航班代码": "CZ3880/CZ3296",
      "价格": "540"
    },
    {
      "出发地": "厦门",
      "目的地": "南宁",
      "航班类型": "国内航班",
      "航班日期": "2025-12-20",
      "航班代码": "SC2221/SC8879",
      "价格": "439"
    },
    {
      "出发地": "厦门",
      "目的地": "南宁",
      "航班类型": "国内航班",
      "航班日期": "2025-12-21",
      "航班代码": "SC2221/SC8879",
      "价格": "439"
    },
    {
      "出发地": "厦门",
      "目的地": "南宁",
      "航班类型": "国内航班",
      "航班日期": "2025-12-22",
      "航班代码": "SC2221/SC8879",
      "价格": "436"
    },
    {
      "出发地": "厦门",
      "目的地": "南宁",
      "航班类型": "国内航班",
      "航班日期": "2025-12-23",
      "航班代码": "SC2221/SC8879",
      "价格": "440"
    },
    {
      "出发地": "厦门",
      "目的地": "南宁",
      "航班类型": "国内航班",
      "航班日期": "2025-12-24",
      "航班代码": "SC2221/SC8879",
      "价格": "439"
    },
    {
      "出发地": "厦门",
      "目的地": "南宁",
      "航班类型": "国内航班",
      "航班日期": "2025-12-25",
      "航班代码": "SC2221/SC8879",
      "价格": "439"
    },
    {
      "出发地": "厦门",
      "目的地": "南宁",
      "航班类型": "国内航班",
      "航班日期": "2025-12-26",
      "航班代码": "SC2221/SC8879",
      "价格": "439"
    },
    {
      "出发地": "厦门",
      "目的地": "南宁",
      "航班类型": "国内航班",
      "航班日期": "2025-12-27",
      "航班代码": "3U8088/3U8137",
      "价格": "499"
    },
    {
      "出发地": "厦门",
      "目的地": "南宁",
      "航班类型": "国内航班",
      "航班日期": "2025-12-28",
      "航班代码": "CZ3880/CZ3296",
      "价格": "540"
    },
    {
      "出发地": "厦门",
      "目的地": "南宁",
      "航班类型": "国内航班",
      "航班日期": "2025-12-29",
      "航班代码": "SC2221/SC8879",
      "价格": "439"
    },
    {
      "出发地": "厦门",
      "目的地": "南宁",
      "航班类型": "国内航班",
      "航班日期": "2025-12-30",
      "航班代码": "SC2221/SC8879",
      "价格": "436"
    },
    {
      "出发地": "厦门",
      "目的地": "南宁",
      "航班类型": "国内航班",
      "航班日期": "2025-12-31",
      "航班代码": "JD5594/GX8806",
      "价格": "720"
    },
    {
      "出发地": "厦门",
      "目的地": "南宁",
      "航班类型": "国内航班",
      "航班日期": "2026-01-01",
      "航班代码": "MF8359",
      "价格": "450"
    },
    {
      "出发地": "厦门",
      "目的地": "南宁",
      "航班类型": "国内航班",
      "航班日期": "2026-01-02",
      "航班代码": "MF8375",
      "价格": "450"
    },
    {
      "出发地": "厦门",
      "目的地": "南宁",
      "航班类型": "国内航班",
      "航班日期": "2026-01-11",
      "航班代码": "SC2221/SC8879",
      "价格": "479"
    },
    {
      "出发地": "厦门",
      "目的地": "南宁",
      "航班类型": "国内航班",
      "航班日期": "2026-01-14",
      "航班代码": "SC2221/SC8879",
      "价格": "495"
    },
    {
      "出发地": "厦门",
      "目的地": "南宁",
      "航班类型": "国内航班",
      "航班日期": "2026-01-28",
      "航班代码": "GX8822",
      "价格": "500"
    },
    {
      "出发地": "厦门",
      "目的地": "南宁",
      "航班类型": "国内航班",
      "航班日期": "2026-01-29",
      "航班代码": "MF8375",
      "价格": "630"
    }
  ]
}