{
  "查询条件": {
    "出发地": "厦门",
    "目的地": "上海"
  },
  "航班数量": 76,
  "航班列表": [
    {
      "出发地": "厦门",
      "目的地": "上海",
      "航班类型": "国内航班",
      "航班日期": "2025-12-16",
      "航班代码": "9C8816",
      "价格": "380"
    },
    {
      "出发地": "厦门",
      "目的地": "上海",
      "航班类型": "国内航班",
      "航班日期": "2025-12-17",
      "航班代码": "9C8804",
      "价格": "410"
    },
    {
      "出发地": "厦门",
      "目的地": "上海",
      "航班类型": "国内航班",
      "航班日期": "2025-12-18",
      "航班代码": "MU2864/MU2881",
      "价格": "399"
    },
    {
      "出发地": "厦门",
      "目的地": "上海",
      "航班类型": "国内航班",
      "航班日期": "2025-12-19",
      "航班代码": "SC2165",
      "价格": "450"
    },
    {
      "出发地": "厦门",
      "目的地": "上海",
      "航班类型": "国内航班",
      "航班日期": "2025-12-20",
      "航班代码": "HO1112",
      "价格": "310"
    },
    {
      "出发地": "厦门",
      "目的地": "上海",
      "航班类型": "国内航班",
      "航班日期": "2025-12-21",
      "航班代码": "HO1118",
      "价格": "410"
    },
    {
      "出发地": "厦门",
      "目的地": "上海",
      "航班类型": "国内航班",
      "航班日期": "2025-12-22",
      "航班代码": "HO1112",
      "价格": "300"
    },
    {
      "出发地": "厦门",
      "目的地": "上海",
      "航班类型": "国内航班",
      "航班日期": "2025-12-23",
      "航班代码": "HO1112",
      "价格": "300"
    },
    {
      "出发地": "厦门",
      "目的地": "上海",
      "航班类型": "国内航班",
      "航班日期": "2025-12-24",
      "航班代码": "HO1112",
      "价格": "310"
    },
    {
      "出发地": "厦门",
      "目的地": "上海",
      "航班类型": "国内航班",
      "航班日期": "2025-12-25",
      "航班代码": "HO1112",
      "价格": "300"
    },
    {
      "出发地": "厦门",
      "目的地": "上海",
      "航班类型": "国内航班",
      "航班日期": "2025-12-26",
      "航班代码": "CA4657",
      "价格": "400"
    },
    {
      "出发地": "厦门",
      "目的地": "上海",
      "航班类型": "国内航班",
      "航班日期": "2025-12-27",
      "航班代码": "HO1112",
      "价格": "310"
    },
    {
      "出发地": "厦门",
      "目的地": "上海",
      "航班类型": "国内航班",
      "航班日期": "2025-12-28",
      "航班代码": "MU5642",
      "价格": "398"
    },
    {
      "出发地": "厦门",
      "目的地": "上海",
      "航班类型": "国内航班",
      "航班日期": "2025-12-29",
      "航班代码": "HO1112",
      "价格": "320"
    },
    {
      "出发地": "厦门",
      "目的地": "上海",
      "航班类型": "国内航班",
      "航班日期": "2025-12-30",
      "航班代码": "HO1118",
      "价格": "350"
    },
    {
      "出发地": "厦门",
      "目的地": "上海",
      "航班类型": "国内航班",
      "航班日期": "2025-12-31",
      "航班代码": "CA4657",
      "价格": "400"
    },
    {
      "出发地": "厦门",
      "目的地": "上海",
      "航班类型": "国内航班",
      "航班日期": "2026-01-01",
      "航班代码": "HO1112",
      "价格": "300"
    },
    {
      "出发地": "厦门",
      "目的地": "上海",
      "航班类型": "国内航班",
      "航班日期": "2026-01-02",
      "航班代码": "HO1118",
      "价格": "370"
    },
    {
      "出发地": "厦门",
      "目的地": "上海",
      "航班类型": "国内航班",
      "航班日期": "2026-01-03",
      "航班代码": "CA4657",
      "价格": "550"
    },
    {
      "出发地": "厦门",
      "目的地": "上海",
      "航班类型": "国内航班",
      "航班日期": "2026-01-04",
      "航班代码": "MU2864/MU2881",
      "价格": "464"
    },
    {
      "出发地": "厦门",
      "目的地": "上海",
      "航班类型": "国内航班",
      "航班日期": "2026-01-05",
      "航班代码": "HO1112",
      "价格": "330"
    },
    {
      "出发地": "厦门",
      "目的地": "上海",
      "航班类型": "国内航班",
      "航班日期": "2026-01-06",
      "航班代码": "HO1112",
      "价格": "510"
    },
    {
      "出发地": "厦门",
      "目的地": "上海",
      "航班类型": "国内航班",
      "航班日期": "2026-01-07",
      "航班代码": "9C8816",
      "价格": "570"
    },
    {
      "出发地": "厦门",
      "目的地": "上海",
      "航班类型": "国内航班",
      "航班日期": "2026-01-08",
      "航班代码": "MU5642",
      "价格": "398"
    },
    {
      "出发地": "厦门",
      "目的地": "上海",
      "航班类型": "国内航班",
      "航班日期": "2026-01-09",
      "航班代码": "HO1118",
      "价格": "380"
    },
    {
      "出发地": "厦门",
      "目的地": "上海",
      "航班类型": "国内航班",
      "航班日期": "2026-01-10",
      "航班代码": "HO1112",
      "价格": "330"
    },
    {
      "出发地": "厦门",
      "目的地": "上海",
      "航班类型": "国内航班",
      "航班日期": "2026-01-11",
      "航班代码": "MU5642",
      "价格": "398"
    },
    {
      "出发地": "厦门",
      "目的地": "上海",
      "航班类型": "国内航班",
      "航班日期": "2026-01-12",
      "航班代码": "HO1112",
      "价格": "330"
    },
    {
      "出发地": "厦门",
      "目的地": "上海",
      "航班类型": "国内航班",
      "航班日期": "2026-01-13",
      "航班代码": "MF8583/HO1114",
      "价格": "1478"
    },
    {
      "出发地": "厦门",
      "目的地": "上海",
      "航班类型": "国内航班",
      "航班日期": "2026-01-14",
      "航班代码": "MU5642",
      "价格": "398"
    },
    {
      "出发地": "厦门",
      "目的地": "上海",
      "航班类型": "国内航班",
      "航班日期": "2026-01-15",
      "航班代码": "HO1112",
      "价格": "330"
    },
    {
      "出发地": "厦门",
      "目的地": "上海",
      "航班类型": "国内航班",
      "航班日期": "2026-01-16",
      "航班代码": "MU5642",
      "价格": "380"
    },
    {
      "出发地": "厦门",
      "目的地": "上海",
      "航班类型": "国内航班",
      "航班日期": "2026-01-17",
      "航班代码": "FM9258",
      "价格": "448"
    },
    {
      "出发地": "厦门",
      "目的地": "上海",
      "航班类型": "国内航班",
      "航班日期": "2026-01-18",
      "航班代码": "FM9264",
      "价格": "448"
    },
    {
      "出发地": "厦门",
      "目的地": "上海",
      "航班类型": "国内航班",
      "航班日期": "2026-01-20",
      "航班代码": "MU2730/MU2881",
      "价格": "1005"
    },
    {
      "出发地": "厦门",
      "目的地": "上海",
      "航班类型": "国内航班",
      "航班日期": "2026-01-21",
      "航班代码": "MU5642",
      "价格": "398"
    },
    {
      "出发地": "厦门",
      "目的地": "上海",
      "航班类型": "国内航班",
      "航班日期": "2026-01-22",
      "航班代码": "HO1118",
      "价格": "510"
    },
    {
      "出发地": "厦门",
      "目的地": "上海",
      "航班类型": "国内航班",
      "航班日期": "2026-01-23",
      "航班代码": "MU5642",
      "价格": "380"
    },
    {
      "出发地": "厦门",
      "目的地": "上海",
      "航班类型": "国内航班",
      "航班日期": "2026-01-24",
      "航班代码": "9C8864",
      "价格": "470"
    },
    {
      "出发地": "厦门",
      "目的地": "上海",
      "航班类型": "国内航班",
      "航班日期": "2026-01-25",
      "航班代码": "9C8864",
      "价格": "660"
    },
    {
      "出发地": "厦门",
      "目的地": "上海",
      "航班类型": "国内航班",
      "航班日期": "2026-01-26",
      "航班代码": "MU2864/MU2881",
      "价格": "1205"
    },
    {
      "出发地": "厦门",
      "目的地": "上海",
      "航班类型": "国内航班",
      "航班日期": "2026-01-27",
      "航班代码": "MU6381/MU5368",
      "价格": "1140"
    },
    {
      "出发地": "厦门",
      "目的地": "上海",
      "航班类型": "国内航班",
      "航班日期": "2026-01-28",
      "航班代码": "HO1112",
      "价格": "330"
    },
    {
      "出发地": "厦门",
      "目的地": "上海",
      "航班类型": "国内航班",
      "航班日期": "2026-01-29",
      "航班代码": "MU5642",
      "价格": "398"
    },
    {
      "出发地": "厦门",
      "目的地": "上海",
      "航班类型": "国内航班",
      "航班日期": "2026-01-30",
      "航班代码": "MU5642",
      "价格": "398"
    },
    {
      "出发地": "厦门",
      "目的地": "上海",
      "航班类型": "国内航班",
      "航班日期": "2026-01-31",
      "航班代码": "FM9258",
      "价格": "448"
    },
    {
      "出发地": "厦门",
      "目的地": "上海",
      "航班类型": "国内航班",
      "航班日期": "2026-02-01",
      "航班代码": "MU5642",
      "价格": "398"
    },
    {
      "出发地": "厦门",
      "目的地": "上海",
      "航班类型": "国内航班",
      "航班日期": "2026-02-02",
      "航班代码": "MU5642",
      "价格": "398"
    },
    {
      "出发地": "厦门",
      "目的地": "上海",
      "航班类型": "国内航班",
      "航班日期": "2026-02-03",
      "航班代码": "9C6743/9C6565",
      "价格": "1180"
    },
    {
      "出发地": "厦门",
      "目的地": "上海",
      "航班类型": "国内航班",
      "航班日期": "2026-02-04",
      "航班代码": "MU5642",
      "价格": "398"
    },
    {
      "出发地": "厦门",
      "目的地": "上海",
      "航班类型": "国内航班",
      "航班日期": "2026-02-05",
      "航班代码": "MU5642",
      "价格": "398"
    },
    {
      "出发地": "厦门",
      "目的地": "上海",
      "航班类型": "国内航班",
      "航班日期": "2026-02-06",
      "航班代码": "MU5642",
      "价格": "498"
    },
    {
      "出发地": "厦门",
      "目的地": "上海",
      "航班类型": "国内航班",
      "航班日期": "2026-02-07",
      "航班代码": "MU5642",
      "价格": "398"
    },
    {
      "出发地": "厦门",
      "目的地": "上海",
      "航班类型": "国内航班",
      "航班日期": "2026-02-08",
      "航班代码": "HO1118",
      "价格": "380"
    },
    {
      "出发地": "厦门",
      "目的地": "上海",
      "航班类型": "国内航班",
      "航班日期": "2026-02-09",
      "航班代码": "HO1112",
      "价格": "330"
    },
    {
      "出发地": "厦门",
      "目的地": "上海",
      "航班类型": "国内航班",
      "航班日期": "2026-02-10",
      "航班代码": "HO1112",
      "价格": "330"
    },
    {
      "出发地": "厦门",
      "目的地": "上海",
      "航班类型": "国内航班",
      "航班日期": "2026-02-11",
      "航班代码": "MU5642",
      "价格": "398"
    },
    {
      "出发地": "厦门",
      "目的地": "上海",
      "航班类型": "国内航班",
      "航班日期": "2026-02-12",
      "航班代码": "HO1112",
      "价格": "330"
    },
    {
      "出发地": "厦门",
      "目的地": "上海",
      "航班类型": "国内航班",
      "航班日期": "2026-02-13",
      "航班代码": "HO1112",
      "价格": "330"
    },
    {
      "出发地": "厦门",
      "目的地": "上海",
      "航班类型": "国内航班",
      "航班日期": "2026-02-14",
      "航班代码": "HO1112",
      "价格": "330"
    },
    {
      "出发地": "厦门",
      "目的地": "上海",
      "航班类型": "国内航班",
      "航班日期": "2026-02-15",
      "航班代码": "HO1112",
      "价格": "330"
    },
    {
      "出发地": "厦门",
      "目的地": "上海",
      "航班类型": "国内航班",
      "航班日期": "2026-02-16",
      "航班代码": "MU5642",
      "价格": "398"
    },
    {
      "出发地": "厦门",
      "目的地": "上海",
      "航班类型": "国内航班",
      "航班日期": "2026-02-17",
      "航班代码": "HO1118",
      "价格": "510"
    },
    {
      "出发地": "厦门",
      "目的地": "上海",
      "航班类型": "国内航班",
      "航班日期": "2026-02-18",
      "航班代码": "EU2736/MU9713",
      "价格": "1212"
    },
    {
      "出发地": "厦门",
      "目的地": "上海",
      "航班类型": "国内航班",
      "航班日期": "2026-02-19",
      "航班代码": "HO1118",
      "价格": "850"
    },
    {
      "出发地": "厦门",
      "目的地": "上海",
      "航班类型": "国内航班",
      "航班日期": "2026-02-20",
      "航班代码": "JD5594/FM9398",
      "价格": "1199"
    },
    {
      "出发地": "厦门",
      "目的地": "上海",
      "航班类型": "国内航班",
      "航班日期": "2026-02-21",
      "航班代码": "MU2864/MU2881",
      "价格": "1209"
    },
    {
      "出发地": "厦门",
      "目的地": "上海",
      "航班类型": "国内航班",
      "航班日期": "2026-02-22",
      "航班代码": "MF8579/HO1114",
      "价格": "1475"
    },
    {
      "出发地": "厦门",
      "目的地": "上海",
      "航班类型": "国内航班",
      "航班日期": "2026-02-23",
      "航班代码": "MU2864/MU2881",
      "价格": "1349"
    },
    {
      "出发地": "厦门",
      "目的地": "上海",
      "航班类型": "国内航班",
      "航班日期": "2026-02-24",
      "航班代码": "HO1112",
      "价格": "1340"
    },
    {
      "出发地": "厦门",
      "目的地": "上海",
      "航班类型": "国内航班",
      "航班日期": "2026-02-25",
      "航班代码": "9C8816",
      "价格": "1020"
    },
    {
      "出发地": "厦门",
      "目的地": "上海",
      "航班类型": "国内航班",
      "航班日期": "2026-02-26",
      "航班代码": "MF8579/HO1114",
      "价格": "1478"
    },
    {
      "出发地": "厦门",
      "目的地": "上海",
      "航班类型": "国内航班",
      "航班日期": "2026-02-27",
      "航班代码": "HO1112",
      "价格": "680"
    },
    {
      "出发地": "厦门",
      "目的地": "上海",
      "航班类型": "国内航班",
      "航班日期": "2026-08-20",
      "航班代码": "MU5248",
      "价格": "1510"
    },
    {
      "出发地": "厦门",
      "目的地": "上海",
      "航班类型": "国内航班",
      "航班日期": "2026-08-21",
      "航班代码": "FM9258",
      "价格": "1504"
    },
    {
      "出发地": "厦门",
      "目的地": "上海",
      "航班类型": "国内航班",
      "航班日期": "2026-08-27",
      "航班代码": "MU5248",
      "价格": "1504"
    }
  ]
}