{
  "查询条件": {
    "出发地": "厦门",
    "目的地": "贵阳"
  },
  "航班数量": 24,
  "航班列表": [
    {
      "出发地": "厦门",
      "目的地": "贵阳",
      "航班类型": "国内航班",
      "航班日期": "2025-12-16",
      "航班代码": "MF4459",
      "价格": "300"
    },
    {
      "出发地": "厦门",
      "目的地": "贵阳",
      "航班类型": "国内航班",
      "航班日期": "2025-12-17",
      "航班代码": "AQ1306",
      "价格": "289"
    },
    {
      "出发地": "厦门",
      "目的地": "贵阳",
      "航班类型": "国内航班",
      "航班日期": "2025-12-18",
      "航班代码": "AQ1306",
      "价格": "289"
    },
    {
      "出发地": "厦门",
      "目的地": "贵阳",
      "航班类型": "国内航班",
      "航班日期": "2025-12-19",
      "航班代码": "AQ1306",
      "价格": "369"
    },
    {
      "出发地": "厦门",
      "目的地": "贵阳",
      "航班类型": "国内航班",
      "航班日期": "2025-12-20",
      "航班代码": "CZ3660",
      "价格": "320"
    },
    {
      "出发地": "厦门",
      "目的地": "贵阳",
      "航班类型": "国内航班",
      "航班日期": "2025-12-21",
      "航班代码": "MF4459",
      "价格": "400"
    },
    {
      "出发地": "厦门",
      "目的地": "贵阳",
      "航班类型": "国内航班",
      "航班日期": "2025-12-22",
      "航班代码": "AQ1306",
      "价格": "299"
    },
    {
      "出发地": "厦门",
      "目的地": "贵阳",
      "航班类型": "国内航班",
      "航班日期": "2025-12-23",
      "航班代码": "AQ1306",
      "价格": "299"
    },
    {
      "出发地": "厦门",
      "目的地": "贵阳",
      "航班类型": "国内航班",
      "航班日期": "2025-12-24",
      "航班代码": "AQ1306",
      "价格": "369"
    },
    {
      "出发地": "厦门",
      "目的地": "贵阳",
      "航班类型": "国内航班",
      "航班日期": "2025-12-25",
      "航班代码": "9H8430",
      "价格": "336"
    },
    {
      "出发地": "厦门",
      "目的地": "贵阳",
      "航班类型": "国内航班",
      "航班日期": "2025-12-27",
      "航班代码": "MF4459",
      "价格": "390"
    },
    {
      "出发地": "厦门",
      "目的地": "贵阳",
      "航班类型": "国内航班",
      "航班日期": "2025-12-28",
      "航班代码": "MF4459",
      "价格": "400"
    },
    {
      "出发地": "厦门",
      "目的地": "贵阳",
      "航班类型": "国内航班",
      "航班日期": "2025-12-29",
      "航班代码": "CZ3660",
      "价格": "400"
    },
    {
      "出发地": "厦门",
      "目的地": "贵阳",
      "航班类型": "国内航班",
      "航班日期": "2025-12-30",
      "航班代码": "SC5302/SC7925",
      "价格": "510"
    },
    {
      "出发地": "厦门",
      "目的地": "贵阳",
      "航班类型": "国内航班",
      "航班日期": "2025-12-31",
      "航班代码": "SC2231/SC4803",
      "价格": "529"
    },
    {
      "出发地": "厦门",
      "目的地": "贵阳",
      "航班类型": "国内航班",
      "航班日期": "2026-01-01",
      "航班代码": "MF4459",
      "价格": "500"
    },
    {
      "出发地": "厦门",
      "目的地": "贵阳",
      "航班类型": "国内航班",
      "航班日期": "2026-01-03",
      "航班代码": "TV3023",
      "价格": "550"
    },
    {
      "出发地": "厦门",
      "目的地": "贵阳",
      "航班类型": "国内航班",
      "航班日期": "2026-01-04",
      "航班代码": "SC2277/SC2323",
      "价格": "509"
    },
    {
      "出发地": "厦门",
      "目的地": "贵阳",
      "航班类型": "国内航班",
      "航班日期": "2026-01-11",
      "航班代码": "SC2155/SC5247",
      "价格": "500"
    },
    {
      "出发地": "厦门",
      "目的地": "贵阳",
      "航班类型": "国内航班",
      "航班日期": "2026-01-23",
      "航班代码": "SC5386/SC5247",
      "价格": "500"
    },
    {
      "出发地": "厦门",
      "目的地": "贵阳",
      "航班类型": "国内航班",
      "航班日期": "2026-01-24",
      "航班代码": "MU2438/MU2603",
      "价格": "640"
    },
    {
      "出发地": "厦门",
      "目的地": "贵阳",
      "航班类型": "国内航班",
      "航班日期": "2026-01-28",
      "航班代码": "SC2231/SC4803",
      "价格": "529"
    },
    {
      "出发地": "厦门",
      "目的地": "贵阳",
      "航班类型": "国内航班",
      "航班日期": "2026-01-29",
      "航班代码": "AQ1306",
      "价格": "649"
    },
    {
      "出发地": "厦门",
      "目的地": "贵阳",
      "航班类型": "国内航班",
      "航班日期": "2026-01-30",
      "航班代码": "AQ1306",
      "价格": "649"
    }
  ]
}