{
  "查询条件": {
    "出发地": "厦门",
    "目的地": "青岛"
  },
  "航班数量": 33,
  "航班列表": [
    {
      "出发地": "厦门",
      "目的地": "青岛",
      "航班类型": "国内航班",
      "航班日期": "2025-12-16",
      "航班代码": "CA4816",
      "价格": "350"
    },
    {
      "出发地": "厦门",
      "目的地": "青岛",
      "航班类型": "国内航班",
      "航班日期": "2025-12-17",
      "航班代码": "CA4816",
      "价格": "400"
    },
    {
      "出发地": "厦门",
      "目的地": "青岛",
      "航班类型": "国内航班",
      "航班日期": "2025-12-18",
      "航班代码": "CA4816",
      "价格": "400"
    },
    {
      "出发地": "厦门",
      "目的地": "青岛",
      "航班类型": "国内航班",
      "航班日期": "2025-12-19",
      "航班代码": "JD5216",
      "价格": "342"
    },
    {
      "出发地": "厦门",
      "目的地": "青岛",
      "航班类型": "国内航班",
      "航班日期": "2025-12-20",
      "航班代码": "JD5216",
      "价格": "400"
    },
    {
      "出发地": "厦门",
      "目的地": "青岛",
      "航班类型": "国内航班",
      "航班日期": "2025-12-21",
      "航班代码": "SC2121/SC4656",
      "价格": "520"
    },
    {
      "出发地": "厦门",
      "目的地": "青岛",
      "航班类型": "国内航班",
      "航班日期": "2025-12-22",
      "航班代码": "JD5216",
      "价格": "322"
    },
    {
      "出发地": "厦门",
      "目的地": "青岛",
      "航班类型": "国内航班",
      "航班日期": "2025-12-23",
      "航班代码": "JD5216",
      "价格": "298"
    },
    {
      "出发地": "厦门",
      "目的地": "青岛",
      "航班类型": "国内航班",
      "航班日期": "2025-12-24",
      "航班代码": "JD5216",
      "价格": "298"
    },
    {
      "出发地": "厦门",
      "目的地": "青岛",
      "航班类型": "国内航班",
      "航班日期": "2025-12-25",
      "航班代码": "HU5022",
      "价格": "300"
    },
    {
      "出发地": "厦门",
      "目的地": "青岛",
      "航班类型": "国内航班",
      "航班日期": "2025-12-26",
      "航班代码": "CA4812",
      "价格": "450"
    },
    {
      "出发地": "厦门",
      "目的地": "青岛",
      "航班类型": "国内航班",
      "航班日期": "2025-12-27",
      "航班代码": "HU5022",
      "价格": "300"
    },
    {
      "出发地": "厦门",
      "目的地": "青岛",
      "航班类型": "国内航班",
      "航班日期": "2025-12-28",
      "航班代码": "JD5216",
      "价格": "292"
    },
    {
      "出发地": "厦门",
      "目的地": "青岛",
      "航班类型": "国内航班",
      "航班日期": "2025-12-29",
      "航班代码": "G56612",
      "价格": "350"
    },
    {
      "出发地": "厦门",
      "目的地": "青岛",
      "航班类型": "国内航班",
      "航班日期": "2025-12-30",
      "航班代码": "JD5216",
      "价格": "472"
    },
    {
      "出发地": "厦门",
      "目的地": "青岛",
      "航班类型": "国内航班",
      "航班日期": "2025-12-31",
      "航班代码": "CA1810/CA1571",
      "价格": "599"
    },
    {
      "出发地": "厦门",
      "目的地": "青岛",
      "航班类型": "国内航班",
      "航班日期": "2026-01-01",
      "航班代码": "JD5216",
      "价格": "400"
    },
    {
      "出发地": "厦门",
      "目的地": "青岛",
      "航班类型": "国内航班",
      "航班日期": "2026-01-02",
      "航班代码": "HU5022",
      "价格": "400"
    },
    {
      "出发地": "厦门",
      "目的地": "青岛",
      "航班类型": "国内航班",
      "航班日期": "2026-01-03",
      "航班代码": "HU5022",
      "价格": "480"
    },
    {
      "出发地": "厦门",
      "目的地": "青岛",
      "航班类型": "国内航班",
      "航班日期": "2026-01-05",
      "航班代码": "MU2974/MU2701",
      "价格": "394"
    },
    {
      "出发地": "厦门",
      "目的地": "青岛",
      "航班类型": "国内航班",
      "航班日期": "2026-01-07",
      "航班代码": "JD5216",
      "价格": "411"
    },
    {
      "出发地": "厦门",
      "目的地": "青岛",
      "航班类型": "国内航班",
      "航班日期": "2026-01-08",
      "航班代码": "MU5642/MU5595",
      "价格": "510"
    },
    {
      "出发地": "厦门",
      "目的地": "青岛",
      "航班类型": "国内航班",
      "航班日期": "2026-01-10",
      "航班代码": "SC2113/SC4774",
      "价格": "500"
    },
    {
      "出发地": "厦门",
      "目的地": "青岛",
      "航班类型": "国内航班",
      "航班日期": "2026-01-11",
      "航班代码": "MU5642/MU5521",
      "价格": "582"
    },
    {
      "出发地": "厦门",
      "目的地": "青岛",
      "航班类型": "国内航班",
      "航班日期": "2026-01-12",
      "航班代码": "MU2974/MU2701",
      "价格": "394"
    },
    {
      "出发地": "厦门",
      "目的地": "青岛",
      "航班类型": "国内航班",
      "航班日期": "2026-01-14",
      "航班代码": "9C8816/MU5521",
      "价格": "495"
    },
    {
      "出发地": "厦门",
      "目的地": "青岛",
      "航班类型": "国内航班",
      "航班日期": "2026-01-15",
      "航班代码": "MU5642/MU5511",
      "价格": "490"
    },
    {
      "出发地": "厦门",
      "目的地": "青岛",
      "航班类型": "国内航班",
      "航班日期": "2026-01-16",
      "航班代码": "MU5642/MU5563",
      "价格": "510"
    },
    {
      "出发地": "厦门",
      "目的地": "青岛",
      "航班类型": "国内航班",
      "航班日期": "2026-01-18",
      "航班代码": "MU2974/MU2701",
      "价格": "625"
    },
    {
      "出发地": "厦门",
      "目的地": "青岛",
      "航班类型": "国内航班",
      "航班日期": "2026-01-19",
      "航班代码": "SC2113/SC4774",
      "价格": "500"
    },
    {
      "出发地": "厦门",
      "目的地": "青岛",
      "航班类型": "国内航班",
      "航班日期": "2026-01-20",
      "航班代码": "MU5638/MU5521",
      "价格": "465"
    },
    {
      "出发地": "厦门",
      "目的地": "青岛",
      "航班类型": "国内航班",
      "航班日期": "2026-01-30",
      "航班代码": "MU5638/MU5593",
      "价格": "490"
    },
    {
      "出发地": "厦门",
      "目的地": "青岛",
      "航班类型": "国内航班",
      "航班日期": "2026-01-31",
      "航班代码": "HO1112/SC4606",
      "价格": "545"
    }
  ]
}