{
  "查询条件": {
    "出发地": "厦门",
    "目的地": "太原"
  },
  "航班数量": 32,
  "航班列表": [
    {
      "出发地": "厦门",
      "目的地": "太原",
      "航班类型": "国内航班",
      "航班日期": "2025-12-16",
      "航班代码": "MU8390/MU5219",
      "价格": "400"
    },
    {
      "出发地": "厦门",
      "目的地": "太原",
      "航班类型": "国内航班",
      "航班日期": "2025-12-17",
      "航班代码": "MU2438",
      "价格": "402"
    },
    {
      "出发地": "厦门",
      "目的地": "太原",
      "航班类型": "国内航班",
      "航班日期": "2025-12-18",
      "航班代码": "G58497",
      "价格": "400"
    },
    {
      "出发地": "厦门",
      "目的地": "太原",
      "航班类型": "国内航班",
      "航班日期": "2025-12-19",
      "航班代码": "PN6488/PN6475",
      "价格": "450"
    },
    {
      "出发地": "厦门",
      "目的地": "太原",
      "航班类型": "国内航班",
      "航班日期": "2025-12-20",
      "航班代码": "SC2111/SC4952",
      "价格": "439"
    },
    {
      "出发地": "厦门",
      "目的地": "太原",
      "航班类型": "国内航班",
      "航班日期": "2025-12-21",
      "航班代码": "SC2231",
      "价格": "400"
    },
    {
      "出发地": "厦门",
      "目的地": "太原",
      "航班类型": "国内航班",
      "航班日期": "2025-12-22",
      "航班代码": "SC2111/SC4952",
      "价格": "439"
    },
    {
      "出发地": "厦门",
      "目的地": "太原",
      "航班类型": "国内航班",
      "航班日期": "2025-12-23",
      "航班代码": "SC2111/SC4952",
      "价格": "439"
    },
    {
      "出发地": "厦门",
      "目的地": "太原",
      "航班类型": "国内航班",
      "航班日期": "2025-12-24",
      "航班代码": "SC2231",
      "价格": "400"
    },
    {
      "出发地": "厦门",
      "目的地": "太原",
      "航班类型": "国内航班",
      "航班日期": "2025-12-25",
      "航班代码": "SC2111/SC4952",
      "价格": "439"
    },
    {
      "出发地": "厦门",
      "目的地": "太原",
      "航班类型": "国内航班",
      "航班日期": "2025-12-26",
      "航班代码": "SC2231",
      "价格": "400"
    },
    {
      "出发地": "厦门",
      "目的地": "太原",
      "航班类型": "国内航班",
      "航班日期": "2025-12-28",
      "航班代码": "SC2111/SC4952",
      "价格": "439"
    },
    {
      "出发地": "厦门",
      "目的地": "太原",
      "航班类型": "国内航班",
      "航班日期": "2025-12-29",
      "航班代码": "SC2231",
      "价格": "400"
    },
    {
      "出发地": "厦门",
      "目的地": "太原",
      "航班类型": "国内航班",
      "航班日期": "2025-12-30",
      "航班代码": "SC2111/SC4952",
      "价格": "479"
    },
    {
      "出发地": "厦门",
      "目的地": "太原",
      "航班类型": "国内航班",
      "航班日期": "2025-12-31",
      "航班代码": "SC4782/SC4923",
      "价格": "500"
    },
    {
      "出发地": "厦门",
      "目的地": "太原",
      "航班类型": "国内航班",
      "航班日期": "2026-01-01",
      "航班代码": "SC2115/SC4952",
      "价格": "480"
    },
    {
      "出发地": "厦门",
      "目的地": "太原",
      "航班类型": "国内航班",
      "航班日期": "2026-01-02",
      "航班代码": "SC2111/SC4952",
      "价格": "480"
    },
    {
      "出发地": "厦门",
      "目的地": "太原",
      "航班类型": "国内航班",
      "航班日期": "2026-01-03",
      "航班代码": "SC2111/SC4952",
      "价格": "479"
    },
    {
      "出发地": "厦门",
      "目的地": "太原",
      "航班类型": "国内航班",
      "航班日期": "2026-01-11",
      "航班代码": "SC2111/SC4952",
      "价格": "479"
    },
    {
      "出发地": "厦门",
      "目的地": "太原",
      "航班类型": "国内航班",
      "航班日期": "2026-01-30",
      "航班代码": "MU2810/MU2685",
      "价格": "509"
    },
    {
      "出发地": "厦门",
      "目的地": "太原",
      "航班类型": "国内航班",
      "航班日期": "2026-02-01",
      "航班代码": "9C8816/9C8733",
      "价格": "846"
    },
    {
      "出发地": "厦门",
      "目的地": "太原",
      "航班类型": "国内航班",
      "航班日期": "2026-02-06",
      "航班代码": "9C8816/9C8733",
      "价格": "1176"
    },
    {
      "出发地": "厦门",
      "目的地": "太原",
      "航班类型": "国内航班",
      "航班日期": "2026-02-12",
      "航班代码": "MU2820/MU9781",
      "价格": "1530"
    },
    {
      "出发地": "厦门",
      "目的地": "太原",
      "航班类型": "国内航班",
      "航班日期": "2026-02-13",
      "航班代码": "9C8816/9C7755",
      "价格": "1697"
    },
    {
      "出发地": "厦门",
      "目的地": "太原",
      "航班类型": "国内航班",
      "航班日期": "2026-02-14",
      "航班代码": "MU5169/MU6338",
      "价格": "1636"
    },
    {
      "出发地": "厦门",
      "目的地": "太原",
      "航班类型": "国内航班",
      "航班日期": "2026-02-16",
      "航班代码": "9C8804/MU2407",
      "价格": "887"
    },
    {
      "出发地": "厦门",
      "目的地": "太原",
      "航班类型": "国内航班",
      "航班日期": "2026-02-17",
      "航班代码": "9C8804/9C8733",
      "价格": "838"
    },
    {
      "出发地": "厦门",
      "目的地": "太原",
      "航班类型": "国内航班",
      "航班日期": "2026-02-22",
      "航班代码": "JD5594/CZ3927",
      "价格": "1665"
    },
    {
      "出发地": "厦门",
      "目的地": "太原",
      "航班类型": "国内航班",
      "航班日期": "2026-02-24",
      "航班代码": "9C8838/9C8733",
      "价格": "1380"
    },
    {
      "出发地": "厦门",
      "目的地": "太原",
      "航班类型": "国内航班",
      "航班日期": "2026-02-26",
      "航班代码": "9C8816/9C8733",
      "价格": "1028"
    },
    {
      "出发地": "厦门",
      "目的地": "太原",
      "航班类型": "国内航班",
      "航班日期": "2026-02-27",
      "航班代码": "9C8804/9C8733",
      "价格": "939"
    },
    {
      "出发地": "厦门",
      "目的地": "太原",
      "航班类型": "国内航班",
      "航班日期": "2026-02-28",
      "航班代码": "9C8816/9C8733",
      "价格": "849"
    }
  ]
}