{
  "查询条件": {
    "出发地": "厦门",
    "目的地": "兰州"
  },
  "航班数量": 55,
  "航班列表": [
    {
      "出发地": "厦门",
      "目的地": "兰州",
      "航班类型": "国内航班",
      "航班日期": "2025-12-16",
      "航班代码": "CZ8966/CZ8929",
      "价格": "380"
    },
    {
      "出发地": "厦门",
      "目的地": "兰州",
      "航班类型": "国内航班",
      "航班日期": "2025-12-17",
      "航班代码": "CZ8966/CZ8929",
      "价格": "380"
    },
    {
      "出发地": "厦门",
      "目的地": "兰州",
      "航班类型": "国内航班",
      "航班日期": "2025-12-18",
      "航班代码": "CZ8966/CZ8929",
      "价格": "380"
    },
    {
      "出发地": "厦门",
      "目的地": "兰州",
      "航班类型": "国内航班",
      "航班日期": "2025-12-19",
      "航班代码": "CA2838/CA2891",
      "价格": "449"
    },
    {
      "出发地": "厦门",
      "目的地": "兰州",
      "航班类型": "国内航班",
      "航班日期": "2025-12-20",
      "航班代码": "CZ8966/CZ8929",
      "价格": "380"
    },
    {
      "出发地": "厦门",
      "目的地": "兰州",
      "航班类型": "国内航班",
      "航班日期": "2025-12-23",
      "航班代码": "CZ8966/CZ8929",
      "价格": "380"
    },
    {
      "出发地": "厦门",
      "目的地": "兰州",
      "航班类型": "国内航班",
      "航班日期": "2025-12-24",
      "航班代码": "CZ8966/CZ8929",
      "价格": "380"
    },
    {
      "出发地": "厦门",
      "目的地": "兰州",
      "航班类型": "国内航班",
      "航班日期": "2025-12-26",
      "航班代码": "9C8726/9C7371",
      "价格": "477"
    },
    {
      "出发地": "厦门",
      "目的地": "兰州",
      "航班类型": "国内航班",
      "航班日期": "2025-12-29",
      "航班代码": "MU5664/MU6813",
      "价格": "490"
    },
    {
      "出发地": "厦门",
      "目的地": "兰州",
      "航班类型": "国内航班",
      "航班日期": "2025-12-30",
      "航班代码": "FM9264/MU5536",
      "价格": "494"
    },
    {
      "出发地": "厦门",
      "目的地": "兰州",
      "航班类型": "国内航班",
      "航班日期": "2025-12-31",
      "航班代码": "SC8406/SC8709",
      "价格": "500"
    },
    {
      "出发地": "厦门",
      "目的地": "兰州",
      "航班类型": "国内航班",
      "航班日期": "2026-01-01",
      "航班代码": "SC8402/SC8709",
      "价格": "500"
    },
    {
      "出发地": "厦门",
      "目的地": "兰州",
      "航班类型": "国内航班",
      "航班日期": "2026-01-02",
      "航班代码": "SC8406/SC8709",
      "价格": "500"
    },
    {
      "出发地": "厦门",
      "目的地": "兰州",
      "航班类型": "国内航班",
      "航班日期": "2026-01-03",
      "航班代码": "CZ8898/CZ8929",
      "价格": "480"
    },
    {
      "出发地": "厦门",
      "目的地": "兰州",
      "航班类型": "国内航班",
      "航班日期": "2026-01-07",
      "航班代码": "FM9258/MU720",
      "价格": "561"
    },
    {
      "出发地": "厦门",
      "目的地": "兰州",
      "航班类型": "国内航班",
      "航班日期": "2026-01-08",
      "航班代码": "CZ8966/CZ8929",
      "价格": "480"
    },
    {
      "出发地": "厦门",
      "目的地": "兰州",
      "航班类型": "国内航班",
      "航班日期": "2026-01-11",
      "航班代码": "CA2838/CA2891",
      "价格": "500"
    },
    {
      "出发地": "厦门",
      "目的地": "兰州",
      "航班类型": "国内航班",
      "航班日期": "2026-01-14",
      "航班代码": "CA2838/CA2891",
      "价格": "499"
    },
    {
      "出发地": "厦门",
      "目的地": "兰州",
      "航班类型": "国内航班",
      "航班日期": "2026-01-15",
      "航班代码": "CA2838/CA2891",
      "价格": "499"
    },
    {
      "出发地": "厦门",
      "目的地": "兰州",
      "航班类型": "国内航班",
      "航班日期": "2026-01-16",
      "航班代码": "9C6743",
      "价格": "580"
    },
    {
      "出发地": "厦门",
      "目的地": "兰州",
      "航班类型": "国内航班",
      "航班日期": "2026-01-17",
      "航班代码": "FM9258/MU720",
      "价格": "578"
    },
    {
      "出发地": "厦门",
      "目的地": "兰州",
      "航班类型": "国内航班",
      "航班日期": "2026-01-18",
      "航班代码": "CA2838/CA2891",
      "价格": "499"
    },
    {
      "出发地": "厦门",
      "目的地": "兰州",
      "航班类型": "国内航班",
      "航班日期": "2026-01-19",
      "航班代码": "SC8406/SC8709",
      "价格": "500"
    },
    {
      "出发地": "厦门",
      "目的地": "兰州",
      "航班类型": "国内航班",
      "航班日期": "2026-01-20",
      "航班代码": "MU8390/MU720",
      "价格": "578"
    },
    {
      "出发地": "厦门",
      "目的地": "兰州",
      "航班类型": "国内航班",
      "航班日期": "2026-01-21",
      "航班代码": "MU6391/MU6963",
      "价格": "620"
    },
    {
      "出发地": "厦门",
      "目的地": "兰州",
      "航班类型": "国内航班",
      "航班日期": "2026-01-22",
      "航班代码": "CA2838/CA2891",
      "价格": "499"
    },
    {
      "出发地": "厦门",
      "目的地": "兰州",
      "航班类型": "国内航班",
      "航班日期": "2026-01-23",
      "航班代码": "CA2838/CA2891",
      "价格": "499"
    },
    {
      "出发地": "厦门",
      "目的地": "兰州",
      "航班类型": "国内航班",
      "航班日期": "2026-01-24",
      "航班代码": "CA2838/CA2891",
      "价格": "499"
    },
    {
      "出发地": "厦门",
      "目的地": "兰州",
      "航班类型": "国内航班",
      "航班日期": "2026-01-25",
      "航班代码": "SC8402/SC8709",
      "价格": "500"
    },
    {
      "出发地": "厦门",
      "目的地": "兰州",
      "航班类型": "国内航班",
      "航班日期": "2026-01-26",
      "航班代码": "MU9806/MU2471",
      "价格": "620"
    },
    {
      "出发地": "厦门",
      "目的地": "兰州",
      "航班类型": "国内航班",
      "航班日期": "2026-01-27",
      "航班代码": "MU9806/MU2471",
      "价格": "620"
    },
    {
      "出发地": "厦门",
      "目的地": "兰州",
      "航班类型": "国内航班",
      "航班日期": "2026-01-31",
      "航班代码": "MU9806/MU2471",
      "价格": "620"
    },
    {
      "出发地": "厦门",
      "目的地": "兰州",
      "航班类型": "国内航班",
      "航班日期": "2026-02-01",
      "航班代码": "MU6932/MU6391",
      "价格": "740"
    },
    {
      "出发地": "厦门",
      "目的地": "兰州",
      "航班类型": "国内航班",
      "航班日期": "2026-02-02",
      "航班代码": "9C8976/9C8719",
      "价格": "936"
    },
    {
      "出发地": "厦门",
      "目的地": "兰州",
      "航班类型": "国内航班",
      "航班日期": "2026-02-03",
      "航班代码": "9C8976/9C8719",
      "价格": "810"
    },
    {
      "出发地": "厦门",
      "目的地": "兰州",
      "航班类型": "国内航班",
      "航班日期": "2026-02-06",
      "航班代码": "9C6743",
      "价格": "1120"
    },
    {
      "出发地": "厦门",
      "目的地": "兰州",
      "航班类型": "国内航班",
      "航班日期": "2026-02-09",
      "航班代码": "9C6743",
      "价格": "1230"
    },
    {
      "出发地": "厦门",
      "目的地": "兰州",
      "航班类型": "国内航班",
      "航班日期": "2026-02-10",
      "航班代码": "9C6743",
      "价格": "1230"
    },
    {
      "出发地": "厦门",
      "目的地": "兰州",
      "航班类型": "国内航班",
      "航班日期": "2026-02-11",
      "航班代码": "9C6743",
      "价格": "1330"
    },
    {
      "出发地": "厦门",
      "目的地": "兰州",
      "航班类型": "国内航班",
      "航班日期": "2026-02-12",
      "航班代码": "9C6743",
      "价格": "1440"
    },
    {
      "出发地": "厦门",
      "目的地": "兰州",
      "航班类型": "国内航班",
      "航班日期": "2026-02-13",
      "航班代码": "9C6743",
      "价格": "1550"
    },
    {
      "出发地": "厦门",
      "目的地": "兰州",
      "航班类型": "国内航班",
      "航班日期": "2026-02-14",
      "航班代码": "9C6743",
      "价格": "1440"
    },
    {
      "出发地": "厦门",
      "目的地": "兰州",
      "航班类型": "国内航班",
      "航班日期": "2026-02-15",
      "航班代码": "9C8976/9C8719",
      "价格": "1326"
    },
    {
      "出发地": "厦门",
      "目的地": "兰州",
      "航班类型": "国内航班",
      "航班日期": "2026-02-16",
      "航班代码": "9C8976/9C8719",
      "价格": "956"
    },
    {
      "出发地": "厦门",
      "目的地": "兰州",
      "航班类型": "国内航班",
      "航班日期": "2026-02-17",
      "航班代码": "9C6743",
      "价格": "1010"
    },
    {
      "出发地": "厦门",
      "目的地": "兰州",
      "航班类型": "国内航班",
      "航班日期": "2026-02-21",
      "航班代码": "MU5169/9C6134",
      "价格": "1445"
    },
    {
      "出发地": "厦门",
      "目的地": "兰州",
      "航班类型": "国内航班",
      "航班日期": "2026-02-22",
      "航班代码": "MU5169/9C6134",
      "价格": "1449"
    },
    {
      "出发地": "厦门",
      "目的地": "兰州",
      "航班类型": "国内航班",
      "航班日期": "2026-02-23",
      "航班代码": "MU5169/9C6134",
      "价格": "1370"
    },
    {
      "出发地": "厦门",
      "目的地": "兰州",
      "航班类型": "国内航班",
      "航班日期": "2026-02-24",
      "航班代码": "9C6743",
      "价格": "1230"
    },
    {
      "出发地": "厦门",
      "目的地": "兰州",
      "航班类型": "国内航班",
      "航班日期": "2026-02-25",
      "航班代码": "9C8804/9C6623",
      "价格": "1066"
    },
    {
      "出发地": "厦门",
      "目的地": "兰州",
      "航班类型": "国内航班",
      "航班日期": "2026-02-26",
      "航班代码": "9C6743",
      "价格": "1010"
    },
    {
      "出发地": "厦门",
      "目的地": "兰州",
      "航班类型": "国内航班",
      "航班日期": "2026-02-27",
      "航班代码": "9C8804/9C6623",
      "价格": "926"
    },
    {
      "出发地": "厦门",
      "目的地": "兰州",
      "航班类型": "国内航班",
      "航班日期": "2026-02-28",
      "航班代码": "9C8816/9C6566",
      "价格": "836"
    },
    {
      "出发地": "厦门",
      "目的地": "兰州",
      "航班类型": "国内航班",
      "航班日期": "2026-03-01",
      "航班代码": "9C8816/9C6566",
      "价格": "676"
    },
    {
      "出发地": "厦门",
      "目的地": "兰州",
      "航班类型": "国内航班",
      "航班日期": "2026-03-03",
      "航班代码": "MU5642/9C6566",
      "价格": "646"
    }
  ]
}