{
  "查询条件": {
    "出发地": "厦门",
    "目的地": "北京"
  },
  "航班数量": 75,
  "航班列表": [
    {
      "出发地": "厦门",
      "目的地": "北京",
      "航班类型": "国内航班",
      "航班日期": "2025-12-16",
      "航班代码": "HU7460/HU7578",
      "价格": "479"
    },
    {
      "出发地": "厦门",
      "目的地": "北京",
      "航班类型": "国内航班",
      "航班日期": "2025-12-17",
      "航班代码": "MU2940/MU2861",
      "价格": "494"
    },
    {
      "出发地": "厦门",
      "目的地": "北京",
      "航班类型": "国内航班",
      "航班日期": "2025-12-18",
      "航班代码": "MU2980/MU2731",
      "价格": "480"
    },
    {
      "出发地": "厦门",
      "目的地": "北京",
      "航班类型": "国内航班",
      "航班日期": "2025-12-19",
      "航班代码": "MU2980/MU2841",
      "价格": "450"
    },
    {
      "出发地": "厦门",
      "目的地": "北京",
      "航班类型": "国内航班",
      "航班日期": "2025-12-20",
      "航班代码": "CA8228/CA8201",
      "价格": "400"
    },
    {
      "出发地": "厦门",
      "目的地": "北京",
      "航班类型": "国内航班",
      "航班日期": "2025-12-21",
      "航班代码": "MU2790/MU2949",
      "价格": "450"
    },
    {
      "出发地": "厦门",
      "目的地": "北京",
      "航班类型": "国内航班",
      "航班日期": "2025-12-22",
      "航班代码": "KN2120/KN5330",
      "价格": "399"
    },
    {
      "出发地": "厦门",
      "目的地": "北京",
      "航班类型": "国内航班",
      "航班日期": "2025-12-23",
      "航班代码": "KN2120/KN5330",
      "价格": "399"
    },
    {
      "出发地": "厦门",
      "目的地": "北京",
      "航班类型": "国内航班",
      "航班日期": "2025-12-24",
      "航班代码": "KN2120/KN5330",
      "价格": "399"
    },
    {
      "出发地": "厦门",
      "目的地": "北京",
      "航班类型": "国内航班",
      "航班日期": "2025-12-25",
      "航班代码": "KN2120/KN5330",
      "价格": "400"
    },
    {
      "出发地": "厦门",
      "目的地": "北京",
      "航班类型": "国内航班",
      "航班日期": "2025-12-26",
      "航班代码": "KN2120/KN5330",
      "价格": "399"
    },
    {
      "出发地": "厦门",
      "目的地": "北京",
      "航班类型": "国内航班",
      "航班日期": "2025-12-27",
      "航班代码": "MU2940/MU2861",
      "价格": "467"
    },
    {
      "出发地": "厦门",
      "目的地": "北京",
      "航班类型": "国内航班",
      "航班日期": "2025-12-28",
      "航班代码": "KN2120/KN5330",
      "价格": "399"
    },
    {
      "出发地": "厦门",
      "目的地": "北京",
      "航班类型": "国内航班",
      "航班日期": "2025-12-29",
      "航班代码": "KN2120/KN5330",
      "价格": "399"
    },
    {
      "出发地": "厦门",
      "目的地": "北京",
      "航班类型": "国内航班",
      "航班日期": "2025-12-30",
      "航班代码": "MU2790/MU2949",
      "价格": "450"
    },
    {
      "出发地": "厦门",
      "目的地": "北京",
      "航班类型": "国内航班",
      "航班日期": "2025-12-31",
      "航班代码": "SC2135/SC5032",
      "价格": "600"
    },
    {
      "出发地": "厦门",
      "目的地": "北京",
      "航班类型": "国内航班",
      "航班日期": "2026-01-01",
      "航班代码": "G58397",
      "价格": "450"
    },
    {
      "出发地": "厦门",
      "目的地": "北京",
      "航班类型": "国内航班",
      "航班日期": "2026-01-02",
      "航班代码": "ZH1802",
      "价格": "470"
    },
    {
      "出发地": "厦门",
      "目的地": "北京",
      "航班类型": "国内航班",
      "航班日期": "2026-01-03",
      "航班代码": "CA4566/CA4131",
      "价格": "499"
    },
    {
      "出发地": "厦门",
      "目的地": "北京",
      "航班类型": "国内航班",
      "航班日期": "2026-01-04",
      "航班代码": "CA8228/CA8201",
      "价格": "499"
    },
    {
      "出发地": "厦门",
      "目的地": "北京",
      "航班类型": "国内航班",
      "航班日期": "2026-01-05",
      "航班代码": "MU5169",
      "价格": "1760"
    },
    {
      "出发地": "厦门",
      "目的地": "北京",
      "航班类型": "国内航班",
      "航班日期": "2026-01-06",
      "航班代码": "9C8804/KN5988",
      "价格": "700"
    },
    {
      "出发地": "厦门",
      "目的地": "北京",
      "航班类型": "国内航班",
      "航班日期": "2026-01-07",
      "航班代码": "9C8804/KN5988",
      "价格": "779"
    },
    {
      "出发地": "厦门",
      "目的地": "北京",
      "航班类型": "国内航班",
      "航班日期": "2026-01-08",
      "航班代码": "MU2940/MU2861",
      "价格": "494"
    },
    {
      "出发地": "厦门",
      "目的地": "北京",
      "航班类型": "国内航班",
      "航班日期": "2026-01-09",
      "航班代码": "MU2940/MU2861",
      "价格": "488"
    },
    {
      "出发地": "厦门",
      "目的地": "北京",
      "航班类型": "国内航班",
      "航班日期": "2026-01-10",
      "航班代码": "MU9796/MU2861",
      "价格": "494"
    },
    {
      "出发地": "厦门",
      "目的地": "北京",
      "航班类型": "国内航班",
      "航班日期": "2026-01-11",
      "航班代码": "MU2940/MU2861",
      "价格": "488"
    },
    {
      "出发地": "厦门",
      "目的地": "北京",
      "航班类型": "国内航班",
      "航班日期": "2026-01-12",
      "航班代码": "MU2820/MU2861",
      "价格": "494"
    },
    {
      "出发地": "厦门",
      "目的地": "北京",
      "航班类型": "国内航班",
      "航班日期": "2026-01-14",
      "航班代码": "MF8579/FU6665",
      "价格": "1118"
    },
    {
      "出发地": "厦门",
      "目的地": "北京",
      "航班类型": "国内航班",
      "航班日期": "2026-01-15",
      "航班代码": "MU2940/MU2861",
      "价格": "494"
    },
    {
      "出发地": "厦门",
      "目的地": "北京",
      "航班类型": "国内航班",
      "航班日期": "2026-01-16",
      "航班代码": "MU2820/MU2861",
      "价格": "494"
    },
    {
      "出发地": "厦门",
      "目的地": "北京",
      "航班类型": "国内航班",
      "航班日期": "2026-01-17",
      "航班代码": "MU5638/MU5185",
      "价格": "492"
    },
    {
      "出发地": "厦门",
      "目的地": "北京",
      "航班类型": "国内航班",
      "航班日期": "2026-01-18",
      "航班代码": "MU2820/MU2861",
      "价格": "494"
    },
    {
      "出发地": "厦门",
      "目的地": "北京",
      "航班类型": "国内航班",
      "航班日期": "2026-01-19",
      "航班代码": "MU2940/MU2861",
      "价格": "488"
    },
    {
      "出发地": "厦门",
      "目的地": "北京",
      "航班类型": "国内航班",
      "航班日期": "2026-01-20",
      "航班代码": "MU5638/MU5185",
      "价格": "492"
    },
    {
      "出发地": "厦门",
      "目的地": "北京",
      "航班类型": "国内航班",
      "航班日期": "2026-01-21",
      "航班代码": "MU2940/MU2861",
      "价格": "488"
    },
    {
      "出发地": "厦门",
      "目的地": "北京",
      "航班类型": "国内航班",
      "航班日期": "2026-01-22",
      "航班代码": "MF8579/FU6665",
      "价格": "1096"
    },
    {
      "出发地": "厦门",
      "目的地": "北京",
      "航班类型": "国内航班",
      "航班日期": "2026-01-23",
      "航班代码": "MU2940/MU2861",
      "价格": "488"
    },
    {
      "出发地": "厦门",
      "目的地": "北京",
      "航班类型": "国内航班",
      "航班日期": "2026-01-24",
      "航班代码": "MF8579/FU6665",
      "价格": "1120"
    },
    {
      "出发地": "厦门",
      "目的地": "北京",
      "航班类型": "国内航班",
      "航班日期": "2026-01-25",
      "航班代码": "MU2820/MU2861",
      "价格": "494"
    },
    {
      "出发地": "厦门",
      "目的地": "北京",
      "航班类型": "国内航班",
      "航班日期": "2026-01-26",
      "航班代码": "MU5169",
      "价格": "1760"
    },
    {
      "出发地": "厦门",
      "目的地": "北京",
      "航班类型": "国内航班",
      "航班日期": "2026-01-27",
      "航班代码": "9C8804/MU5185",
      "价格": "687"
    },
    {
      "出发地": "厦门",
      "目的地": "北京",
      "航班类型": "国内航班",
      "航班日期": "2026-01-28",
      "航班代码": "FM9258/MU5185",
      "价格": "560"
    },
    {
      "出发地": "厦门",
      "目的地": "北京",
      "航班类型": "国内航班",
      "航班日期": "2026-01-29",
      "航班代码": "9C8816/MU5185",
      "价格": "684"
    },
    {
      "出发地": "厦门",
      "目的地": "北京",
      "航班类型": "国内航班",
      "航班日期": "2026-01-30",
      "航班代码": "MU2940/MU2861",
      "价格": "488"
    },
    {
      "出发地": "厦门",
      "目的地": "北京",
      "航班类型": "国内航班",
      "航班日期": "2026-01-31",
      "航班代码": "CA4566/CA1438",
      "价格": "499"
    },
    {
      "出发地": "厦门",
      "目的地": "北京",
      "航班类型": "国内航班",
      "航班日期": "2026-02-01",
      "航班代码": "CA8228/CA8223",
      "价格": "499"
    },
    {
      "出发地": "厦门",
      "目的地": "北京",
      "航班类型": "国内航班",
      "航班日期": "2026-02-02",
      "航班代码": "MU6192/MU6654",
      "价格": "690"
    },
    {
      "出发地": "厦门",
      "目的地": "北京",
      "航班类型": "国内航班",
      "航班日期": "2026-02-03",
      "航班代码": "MF8039/HU7292",
      "价格": "1678"
    },
    {
      "出发地": "厦门",
      "目的地": "北京",
      "航班类型": "国内航班",
      "航班日期": "2026-02-04",
      "航班代码": "CA8228/CA8201",
      "价格": "499"
    },
    {
      "出发地": "厦门",
      "目的地": "北京",
      "航班类型": "国内航班",
      "航班日期": "2026-02-05",
      "航班代码": "MU5642/MU5185",
      "价格": "690"
    },
    {
      "出发地": "厦门",
      "目的地": "北京",
      "航班类型": "国内航班",
      "航班日期": "2026-02-06",
      "航班代码": "FM9264/MU5129",
      "价格": "906"
    },
    {
      "出发地": "厦门",
      "目的地": "北京",
      "航班类型": "国内航班",
      "航班日期": "2026-02-07",
      "航班代码": "FM9264/MU5115",
      "价格": "782"
    },
    {
      "出发地": "厦门",
      "目的地": "北京",
      "航班类型": "国内航班",
      "航班日期": "2026-02-08",
      "航班代码": "MU5169",
      "价格": "1760"
    },
    {
      "出发地": "厦门",
      "目的地": "北京",
      "航班类型": "国内航班",
      "航班日期": "2026-02-09",
      "航班代码": "9C8816/CA1520",
      "价格": "1248"
    },
    {
      "出发地": "厦门",
      "目的地": "北京",
      "航班类型": "国内航班",
      "航班日期": "2026-02-10",
      "航班代码": "9C8816/CA1520",
      "价格": "1307"
    },
    {
      "出发地": "厦门",
      "目的地": "北京",
      "航班类型": "国内航班",
      "航班日期": "2026-02-11",
      "航班代码": "9C8816/CA1520",
      "价格": "1247"
    },
    {
      "出发地": "厦门",
      "目的地": "北京",
      "航班类型": "国内航班",
      "航班日期": "2026-02-12",
      "航班代码": "CZ8966",
      "价格": "1190"
    },
    {
      "出发地": "厦门",
      "目的地": "北京",
      "航班类型": "国内航班",
      "航班日期": "2026-02-13",
      "航班代码": "MU5169",
      "价格": "1760"
    },
    {
      "出发地": "厦门",
      "目的地": "北京",
      "航班类型": "国内航班",
      "航班日期": "2026-02-14",
      "航班代码": "9C8804/MU5165",
      "价格": "767"
    },
    {
      "出发地": "厦门",
      "目的地": "北京",
      "航班类型": "国内航班",
      "航班日期": "2026-02-15",
      "航班代码": "MU5169",
      "价格": "1760"
    },
    {
      "出发地": "厦门",
      "目的地": "北京",
      "航班类型": "国内航班",
      "航班日期": "2026-02-16",
      "航班代码": "MU8390/MU5185",
      "价格": "635"
    },
    {
      "出发地": "厦门",
      "目的地": "北京",
      "航班类型": "国内航班",
      "航班日期": "2026-02-17",
      "航班代码": "9C8804/KN5956",
      "价格": "698"
    },
    {
      "出发地": "厦门",
      "目的地": "北京",
      "航班类型": "国内航班",
      "航班日期": "2026-02-18",
      "航班代码": "9C8816/KN5956",
      "价格": "854"
    },
    {
      "出发地": "厦门",
      "目的地": "北京",
      "航班类型": "国内航班",
      "航班日期": "2026-02-19",
      "航班代码": "FU6593/KN5310",
      "价格": "1077"
    },
    {
      "出发地": "厦门",
      "目的地": "北京",
      "航班类型": "国内航班",
      "航班日期": "2026-02-20",
      "航班代码": "9C8816/MU5185",
      "价格": "1325"
    },
    {
      "出发地": "厦门",
      "目的地": "北京",
      "航班类型": "国内航班",
      "航班日期": "2026-02-21",
      "航班代码": "MF8075/CA1850",
      "价格": "1468"
    },
    {
      "出发地": "厦门",
      "目的地": "北京",
      "航班类型": "国内航班",
      "航班日期": "2026-02-22",
      "航班代码": "MF8075/CZ8962",
      "价格": "1584"
    },
    {
      "出发地": "厦门",
      "目的地": "北京",
      "航班类型": "国内航班",
      "航班日期": "2026-02-23",
      "航班代码": "9C8816/CA1520",
      "价格": "1888"
    },
    {
      "出发地": "厦门",
      "目的地": "北京",
      "航班类型": "国内航班",
      "航班日期": "2026-02-24",
      "航班代码": "9C8838/MU5165",
      "价格": "1692"
    },
    {
      "出发地": "厦门",
      "目的地": "北京",
      "航班类型": "国内航班",
      "航班日期": "2026-02-25",
      "航班代码": "9C8804/CZ8888",
      "价格": "1339"
    },
    {
      "出发地": "厦门",
      "目的地": "北京",
      "航班类型": "国内航班",
      "航班日期": "2026-02-26",
      "航班代码": "9C8804/HU7614",
      "价格": "1278"
    },
    {
      "出发地": "厦门",
      "目的地": "北京",
      "航班类型": "国内航班",
      "航班日期": "2026-02-27",
      "航班代码": "MU5169",
      "价格": "1760"
    },
    {
      "出发地": "厦门",
      "目的地": "北京",
      "航班类型": "国内航班",
      "航班日期": "2026-02-28",
      "航班代码": "CZ1924",
      "价格": "1760"
    },
    {
      "出发地": "厦门",
      "目的地": "北京",
      "航班类型": "国内航班",
      "航班日期": "2026-03-09",
      "航班代码": "CA8228/CA8201",
      "价格": "500"
    }
  ]
}