{
  "查询条件": {
    "出发地": "厦门",
    "目的地": "天津"
  },
  "航班数量": 42,
  "航班列表": [
    {
      "出发地": "厦门",
      "目的地": "天津",
      "航班类型": "国内航班",
      "航班日期": "2025-12-16",
      "航班代码": "G52912G",
      "价格": "450"
    },
    {
      "出发地": "厦门",
      "目的地": "天津",
      "航班类型": "国内航班",
      "航班日期": "2025-12-17",
      "航班代码": "HU7460/GS7852",
      "价格": "430"
    },
    {
      "出发地": "厦门",
      "目的地": "天津",
      "航班类型": "国内航班",
      "航班日期": "2025-12-18",
      "航班代码": "GS7680/GS7858",
      "价格": "479"
    },
    {
      "出发地": "厦门",
      "目的地": "天津",
      "航班类型": "国内航班",
      "航班日期": "2025-12-19",
      "航班代码": "GS7634/GS7910",
      "价格": "449"
    },
    {
      "出发地": "厦门",
      "目的地": "天津",
      "航班类型": "国内航班",
      "航班日期": "2025-12-20",
      "航班代码": "G52912G",
      "价格": "500"
    },
    {
      "出发地": "厦门",
      "目的地": "天津",
      "航班类型": "国内航班",
      "航班日期": "2025-12-21",
      "航班代码": "G591B3U",
      "价格": "480"
    },
    {
      "出发地": "厦门",
      "目的地": "天津",
      "航班类型": "国内航班",
      "航班日期": "2025-12-22",
      "航班代码": "CA4566/CA4001",
      "价格": "499"
    },
    {
      "出发地": "厦门",
      "目的地": "天津",
      "航班类型": "国内航班",
      "航班日期": "2025-12-23",
      "航班代码": "SC2279",
      "价格": "630"
    },
    {
      "出发地": "厦门",
      "目的地": "天津",
      "航班类型": "国内航班",
      "航班日期": "2025-12-24",
      "航班代码": "GS7634/GS7910",
      "价格": "440"
    },
    {
      "出发地": "厦门",
      "目的地": "天津",
      "航班类型": "国内航班",
      "航班日期": "2025-12-25",
      "航班代码": "GS7680/GS7858",
      "价格": "469"
    },
    {
      "出发地": "厦门",
      "目的地": "天津",
      "航班类型": "国内航班",
      "航班日期": "2025-12-26",
      "航班代码": "G591B3U",
      "价格": "480"
    },
    {
      "出发地": "厦门",
      "目的地": "天津",
      "航班类型": "国内航班",
      "航班日期": "2025-12-27",
      "航班代码": "G52912G",
      "价格": "500"
    },
    {
      "出发地": "厦门",
      "目的地": "天津",
      "航班类型": "国内航班",
      "航班日期": "2025-12-28",
      "航班代码": "G591B3U",
      "价格": "480"
    },
    {
      "出发地": "厦门",
      "目的地": "天津",
      "航班类型": "国内航班",
      "航班日期": "2025-12-29",
      "航班代码": "G591B3U",
      "价格": "480"
    },
    {
      "出发地": "厦门",
      "目的地": "天津",
      "航班类型": "国内航班",
      "航班日期": "2025-12-30",
      "航班代码": "MU5666/MU5143",
      "价格": "494"
    },
    {
      "出发地": "厦门",
      "目的地": "天津",
      "航班类型": "国内航班",
      "航班日期": "2025-12-31",
      "航班代码": "SC8408/SC2280",
      "价格": "669"
    },
    {
      "出发地": "厦门",
      "目的地": "天津",
      "航班类型": "国内航班",
      "航班日期": "2026-01-01",
      "航班代码": "3U8926/3U8861",
      "价格": "599"
    },
    {
      "出发地": "厦门",
      "目的地": "天津",
      "航班类型": "国内航班",
      "航班日期": "2026-01-02",
      "航班代码": "MF8075/9C8519",
      "价格": "577"
    },
    {
      "出发地": "厦门",
      "目的地": "天津",
      "航班类型": "国内航班",
      "航班日期": "2026-01-03",
      "航班代码": "MU6192/MU2643",
      "价格": "690"
    },
    {
      "出发地": "厦门",
      "目的地": "天津",
      "航班类型": "国内航班",
      "航班日期": "2026-01-04",
      "航班代码": "MU2438/MU2483",
      "价格": "640"
    },
    {
      "出发地": "厦门",
      "目的地": "天津",
      "航班类型": "国内航班",
      "航班日期": "2026-01-05",
      "航班代码": "RY8918/RY8961",
      "价格": "770"
    },
    {
      "出发地": "厦门",
      "目的地": "天津",
      "航班类型": "国内航班",
      "航班日期": "2026-01-06",
      "航班代码": "MF8075/9C8519",
      "价格": "598"
    },
    {
      "出发地": "厦门",
      "目的地": "天津",
      "航班类型": "国内航班",
      "航班日期": "2026-01-09",
      "航班代码": "SC8408/SC2280",
      "价格": "619"
    },
    {
      "出发地": "厦门",
      "目的地": "天津",
      "航班类型": "国内航班",
      "航班日期": "2026-01-11",
      "航班代码": "SC8408/SC2280",
      "价格": "619"
    },
    {
      "出发地": "厦门",
      "目的地": "天津",
      "航班类型": "国内航班",
      "航班日期": "2026-01-12",
      "航班代码": "RY8918/RY8961",
      "价格": "770"
    },
    {
      "出发地": "厦门",
      "目的地": "天津",
      "航班类型": "国内航班",
      "航班日期": "2026-01-13",
      "航班代码": "SC8408/SC2280",
      "价格": "620"
    },
    {
      "出发地": "厦门",
      "目的地": "天津",
      "航班类型": "国内航班",
      "航班日期": "2026-01-14",
      "航班代码": "FM9258/FM9119",
      "价格": "562"
    },
    {
      "出发地": "厦门",
      "目的地": "天津",
      "航班类型": "国内航班",
      "航班日期": "2026-01-15",
      "航班代码": "SC8408/SC2280",
      "价格": "619"
    },
    {
      "出发地": "厦门",
      "目的地": "天津",
      "航班类型": "国内航班",
      "航班日期": "2026-01-16",
      "航班代码": "SC8408/SC2280",
      "价格": "620"
    },
    {
      "出发地": "厦门",
      "目的地": "天津",
      "航班类型": "国内航班",
      "航班日期": "2026-01-18",
      "航班代码": "9C8816/FM9119",
      "价格": "973"
    },
    {
      "出发地": "厦门",
      "目的地": "天津",
      "航班类型": "国内航班",
      "航班日期": "2026-01-20",
      "航班代码": "SC8408/SC2280",
      "价格": "619"
    },
    {
      "出发地": "厦门",
      "目的地": "天津",
      "航班类型": "国内航班",
      "航班日期": "2026-01-21",
      "航班代码": "SC8408/SC2280",
      "价格": "619"
    },
    {
      "出发地": "厦门",
      "目的地": "天津",
      "航班类型": "国内航班",
      "航班日期": "2026-01-22",
      "航班代码": "MU6381/GS7940",
      "价格": "1029"
    },
    {
      "出发地": "厦门",
      "目的地": "天津",
      "航班类型": "国内航班",
      "航班日期": "2026-01-24",
      "航班代码": "SC8408/SC2280",
      "价格": "620"
    },
    {
      "出发地": "厦门",
      "目的地": "天津",
      "航班类型": "国内航班",
      "航班日期": "2026-01-27",
      "航班代码": "SC8408/SC2280",
      "价格": "620"
    },
    {
      "出发地": "厦门",
      "目的地": "天津",
      "航班类型": "国内航班",
      "航班日期": "2026-01-28",
      "航班代码": "SC8408/SC2280",
      "价格": "619"
    },
    {
      "出发地": "厦门",
      "目的地": "天津",
      "航班类型": "国内航班",
      "航班日期": "2026-01-29",
      "航班代码": "9C8804/FM9111",
      "价格": "877"
    },
    {
      "出发地": "厦门",
      "目的地": "天津",
      "航班类型": "国内航班",
      "航班日期": "2026-02-08",
      "航班代码": "FU6593/G54552",
      "价格": "1293"
    },
    {
      "出发地": "厦门",
      "目的地": "天津",
      "航班类型": "国内航班",
      "航班日期": "2026-02-13",
      "航班代码": "NS8155",
      "价格": "980"
    },
    {
      "出发地": "厦门",
      "目的地": "天津",
      "航班类型": "国内航班",
      "航班日期": "2026-02-14",
      "航班代码": "NS8155",
      "价格": "800"
    },
    {
      "出发地": "厦门",
      "目的地": "天津",
      "航班类型": "国内航班",
      "航班日期": "2026-02-18",
      "航班代码": "GS7634/GS7910",
      "价格": "1059"
    },
    {
      "出发地": "厦门",
      "目的地": "天津",
      "航班类型": "国内航班",
      "航班日期": "2026-03-11",
      "航班代码": "CA8228/CA8225",
      "价格": "410"
    }
  ]
}