{
  "查询条件": {
    "出发地": "厦门",
    "目的地": "西安"
  },
  "航班数量": 31,
  "航班列表": [
    {
      "出发地": "厦门",
      "目的地": "西安",
      "航班类型": "国内航班",
      "航班日期": "2025-12-16",
      "航班代码": "G54380",
      "价格": "240"
    },
    {
      "出发地": "厦门",
      "目的地": "西安",
      "航班类型": "国内航班",
      "航班日期": "2025-12-17",
      "航班代码": "JD5106",
      "价格": "300"
    },
    {
      "出发地": "厦门",
      "目的地": "西安",
      "航班类型": "国内航班",
      "航班日期": "2025-12-18",
      "航班代码": "G54380",
      "价格": "300"
    },
    {
      "出发地": "厦门",
      "目的地": "西安",
      "航班类型": "国内航班",
      "航班日期": "2025-12-19",
      "航班代码": "GS7432/GS7604",
      "价格": "430"
    },
    {
      "出发地": "厦门",
      "目的地": "西安",
      "航班类型": "国内航班",
      "航班日期": "2025-12-20",
      "航班代码": "HU3248",
      "价格": "370"
    },
    {
      "出发地": "厦门",
      "目的地": "西安",
      "航班类型": "国内航班",
      "航班日期": "2025-12-21",
      "航班代码": "CZ8966/CZ8829",
      "价格": "380"
    },
    {
      "出发地": "厦门",
      "目的地": "西安",
      "航班类型": "国内航班",
      "航班日期": "2025-12-22",
      "航班代码": "GS7634",
      "价格": "350"
    },
    {
      "出发地": "厦门",
      "目的地": "西安",
      "航班类型": "国内航班",
      "航班日期": "2025-12-23",
      "航班代码": "G54380",
      "价格": "300"
    },
    {
      "出发地": "厦门",
      "目的地": "西安",
      "航班类型": "国内航班",
      "航班日期": "2025-12-24",
      "航班代码": "JD5106",
      "价格": "344"
    },
    {
      "出发地": "厦门",
      "目的地": "西安",
      "航班类型": "国内航班",
      "航班日期": "2025-12-25",
      "航班代码": "G54380",
      "价格": "300"
    },
    {
      "出发地": "厦门",
      "目的地": "西安",
      "航班类型": "国内航班",
      "航班日期": "2025-12-26",
      "航班代码": "SC2107/SC4966",
      "价格": "396"
    },
    {
      "出发地": "厦门",
      "目的地": "西安",
      "航班类型": "国内航班",
      "航班日期": "2025-12-27",
      "航班代码": "CZ8966/CZ8829",
      "价格": "380"
    },
    {
      "出发地": "厦门",
      "目的地": "西安",
      "航班类型": "国内航班",
      "航班日期": "2025-12-28",
      "航班代码": "SC2105/SC4966",
      "价格": "489"
    },
    {
      "出发地": "厦门",
      "目的地": "西安",
      "航班类型": "国内航班",
      "航班日期": "2025-12-29",
      "航班代码": "CZ8878/CZ6948",
      "价格": "380"
    },
    {
      "出发地": "厦门",
      "目的地": "西安",
      "航班类型": "国内航班",
      "航班日期": "2025-12-30",
      "航班代码": "G54380",
      "价格": "400"
    },
    {
      "出发地": "厦门",
      "目的地": "西安",
      "航班类型": "国内航班",
      "航班日期": "2025-12-31",
      "航班代码": "SC4782/SC4963",
      "价格": "500"
    },
    {
      "出发地": "厦门",
      "目的地": "西安",
      "航班类型": "国内航班",
      "航班日期": "2026-01-02",
      "航班代码": "G529J3Z",
      "价格": "493"
    },
    {
      "出发地": "厦门",
      "目的地": "西安",
      "航班类型": "国内航班",
      "航班日期": "2026-01-03",
      "航班代码": "SC8414/SC8737",
      "价格": "500"
    },
    {
      "出发地": "厦门",
      "目的地": "西安",
      "航班类型": "国内航班",
      "航班日期": "2026-01-04",
      "航班代码": "SC2107/SC4966",
      "价格": "499"
    },
    {
      "出发地": "厦门",
      "目的地": "西安",
      "航班类型": "国内航班",
      "航班日期": "2026-01-10",
      "航班代码": "HU3246",
      "价格": "400"
    },
    {
      "出发地": "厦门",
      "目的地": "西安",
      "航班类型": "国内航班",
      "航班日期": "2026-01-11",
      "航班代码": "MU2940/MU2983",
      "价格": "494"
    },
    {
      "出发地": "厦门",
      "目的地": "西安",
      "航班类型": "国内航班",
      "航班日期": "2026-01-13",
      "航班代码": "MU5640/MU2240",
      "价格": "518"
    },
    {
      "出发地": "厦门",
      "目的地": "西安",
      "航班类型": "国内航班",
      "航班日期": "2026-01-14",
      "航班代码": "SC8408/SC8735",
      "价格": "516"
    },
    {
      "出发地": "厦门",
      "目的地": "西安",
      "航班类型": "国内航班",
      "航班日期": "2026-01-17",
      "航班代码": "FM9262/MU2240",
      "价格": "518"
    },
    {
      "出发地": "厦门",
      "目的地": "西安",
      "航班类型": "国内航班",
      "航班日期": "2026-01-20",
      "航班代码": "MU9906",
      "价格": "495"
    },
    {
      "出发地": "厦门",
      "目的地": "西安",
      "航班类型": "国内航班",
      "航班日期": "2026-01-21",
      "航班代码": "CA4979",
      "价格": "520"
    },
    {
      "出发地": "厦门",
      "目的地": "西安",
      "航班类型": "国内航班",
      "航班日期": "2026-01-24",
      "航班代码": "SC8408/SC8735",
      "价格": "500"
    },
    {
      "出发地": "厦门",
      "目的地": "西安",
      "航班类型": "国内航班",
      "航班日期": "2026-01-25",
      "航班代码": "MU2940/MU2983",
      "价格": "494"
    },
    {
      "出发地": "厦门",
      "目的地": "西安",
      "航班类型": "国内航班",
      "航班日期": "2026-01-26",
      "航班代码": "SC8412/SC8737",
      "价格": "500"
    },
    {
      "出发地": "厦门",
      "目的地": "西安",
      "航班类型": "国内航班",
      "航班日期": "2026-01-30",
      "航班代码": "SC2107/SC4966",
      "价格": "950"
    },
    {
      "出发地": "厦门",
      "目的地": "西安",
      "航班类型": "国内航班",
      "航班日期": "2026-01-31",
      "航班代码": "SC2105/SC4966",
      "价格": "950"
    }
  ]
}