{
  "查询条件": {
    "出发地": "厦门",
    "目的地": "乌鲁木齐"
  },
  "航班数量": 48,
  "航班列表": [
    {
      "出发地": "厦门",
      "目的地": "乌鲁木齐",
      "航班类型": "国内航班",
      "航班日期": "2025-12-16",
      "航班代码": "CZ8878/CZ6908",
      "价格": "500"
    },
    {
      "出发地": "厦门",
      "目的地": "乌鲁木齐",
      "航班类型": "国内航班",
      "航班日期": "2025-12-17",
      "航班代码": "9C8976/9C7005",
      "价格": "479"
    },
    {
      "出发地": "厦门",
      "目的地": "乌鲁木齐",
      "航班类型": "国内航班",
      "航班日期": "2025-12-18",
      "航班代码": "CZ8878/CZ6912",
      "价格": "500"
    },
    {
      "出发地": "厦门",
      "目的地": "乌鲁木齐",
      "航班类型": "国内航班",
      "航班日期": "2025-12-19",
      "航班代码": "SC2155/SC5195",
      "价格": "700"
    },
    {
      "出发地": "厦门",
      "目的地": "乌鲁木齐",
      "航班类型": "国内航班",
      "航班日期": "2025-12-20",
      "航班代码": "CZ8966/CZ6914",
      "价格": "500"
    },
    {
      "出发地": "厦门",
      "目的地": "乌鲁木齐",
      "航班类型": "国内航班",
      "航班日期": "2025-12-21",
      "航班代码": "CZ8898/CZ6910",
      "价格": "500"
    },
    {
      "出发地": "厦门",
      "目的地": "乌鲁木齐",
      "航班类型": "国内航班",
      "航班日期": "2025-12-22",
      "航班代码": "CZ8878/CZ6906",
      "价格": "500"
    },
    {
      "出发地": "厦门",
      "目的地": "乌鲁木齐",
      "航班类型": "国内航班",
      "航班日期": "2025-12-23",
      "航班代码": "HO1106/HO1255",
      "价格": "1730"
    },
    {
      "出发地": "厦门",
      "目的地": "乌鲁木齐",
      "航班类型": "国内航班",
      "航班日期": "2025-12-24",
      "航班代码": "GS7634/9H8329",
      "价格": "613"
    },
    {
      "出发地": "厦门",
      "目的地": "乌鲁木齐",
      "航班类型": "国内航班",
      "航班日期": "2025-12-25",
      "航班代码": "3U6952/3U6511",
      "价格": "598"
    },
    {
      "出发地": "厦门",
      "目的地": "乌鲁木齐",
      "航班类型": "国内航班",
      "航班日期": "2025-12-26",
      "航班代码": "SC4782/SC4923",
      "价格": "679"
    },
    {
      "出发地": "厦门",
      "目的地": "乌鲁木齐",
      "航班类型": "国内航班",
      "航班日期": "2025-12-27",
      "航班代码": "GS7678/9H8329",
      "价格": "650"
    },
    {
      "出发地": "厦门",
      "目的地": "乌鲁木齐",
      "航班类型": "国内航班",
      "航班日期": "2025-12-30",
      "航班代码": "NS3291/HU7826",
      "价格": "667"
    },
    {
      "出发地": "厦门",
      "目的地": "乌鲁木齐",
      "航班类型": "国内航班",
      "航班日期": "2025-12-31",
      "航班代码": "SC2129/SC2330",
      "价格": "750"
    },
    {
      "出发地": "厦门",
      "目的地": "乌鲁木齐",
      "航班类型": "国内航班",
      "航班日期": "2026-01-01",
      "航班代码": "SC2229/SC4923",
      "价格": "729"
    },
    {
      "出发地": "厦门",
      "目的地": "乌鲁木齐",
      "航班类型": "国内航班",
      "航班日期": "2026-01-03",
      "航班代码": "SC5386/SC5195",
      "价格": "700"
    },
    {
      "出发地": "厦门",
      "目的地": "乌鲁木齐",
      "航班类型": "国内航班",
      "航班日期": "2026-01-06",
      "航班代码": "MU6391/MU6451",
      "价格": "662"
    },
    {
      "出发地": "厦门",
      "目的地": "乌鲁木齐",
      "航班类型": "国内航班",
      "航班日期": "2026-01-08",
      "航班代码": "MU6391/MU6451",
      "价格": "630"
    },
    {
      "出发地": "厦门",
      "目的地": "乌鲁木齐",
      "航班类型": "国内航班",
      "航班日期": "2026-01-10",
      "航班代码": "HU3224",
      "价格": "760"
    },
    {
      "出发地": "厦门",
      "目的地": "乌鲁木齐",
      "航班类型": "国内航班",
      "航班日期": "2026-01-13",
      "航班代码": "SC2229/SC4952",
      "价格": "749"
    },
    {
      "出发地": "厦门",
      "目的地": "乌鲁木齐",
      "航班类型": "国内航班",
      "航班日期": "2026-01-14",
      "航班代码": "SC4786/SC4722",
      "价格": "766"
    },
    {
      "出发地": "厦门",
      "目的地": "乌鲁木齐",
      "航班类型": "国内航班",
      "航班日期": "2026-01-15",
      "航班代码": "8L9656/UQ2574",
      "价格": "859"
    },
    {
      "出发地": "厦门",
      "目的地": "乌鲁木齐",
      "航班类型": "国内航班",
      "航班日期": "2026-01-26",
      "航班代码": "SC2231/SC4923",
      "价格": "749"
    },
    {
      "出发地": "厦门",
      "目的地": "乌鲁木齐",
      "航班类型": "国内航班",
      "航班日期": "2026-01-27",
      "航班代码": "SC5386/SC5195",
      "价格": "700"
    },
    {
      "出发地": "厦门",
      "目的地": "乌鲁木齐",
      "航班类型": "国内航班",
      "航班日期": "2026-01-29",
      "航班代码": "MU9806/MU8553",
      "价格": "807"
    },
    {
      "出发地": "厦门",
      "目的地": "乌鲁木齐",
      "航班类型": "国内航班",
      "航班日期": "2026-02-01",
      "航班代码": "MU6192/FM9545",
      "价格": "1108"
    },
    {
      "出发地": "厦门",
      "目的地": "乌鲁木齐",
      "航班类型": "国内航班",
      "航班日期": "2026-02-02",
      "航班代码": "9C8976/9C7005",
      "价格": "1307"
    },
    {
      "出发地": "厦门",
      "目的地": "乌鲁木齐",
      "航班类型": "国内航班",
      "航班日期": "2026-02-05",
      "航班代码": "MU9906/9C8845",
      "价格": "2032"
    },
    {
      "出发地": "厦门",
      "目的地": "乌鲁木齐",
      "航班类型": "国内航班",
      "航班日期": "2026-02-06",
      "航班代码": "MF8237/9C8845",
      "价格": "2242"
    },
    {
      "出发地": "厦门",
      "目的地": "乌鲁木齐",
      "航班类型": "国内航班",
      "航班日期": "2026-02-08",
      "航班代码": "FM9258/9C6927",
      "价格": "1828"
    },
    {
      "出发地": "厦门",
      "目的地": "乌鲁木齐",
      "航班类型": "国内航班",
      "航班日期": "2026-02-09",
      "航班代码": "9C6743/CZ6491",
      "价格": "2732"
    },
    {
      "出发地": "厦门",
      "目的地": "乌鲁木齐",
      "航班类型": "国内航班",
      "航班日期": "2026-02-10",
      "航班代码": "9C6743/CZ6675",
      "价格": "2848"
    },
    {
      "出发地": "厦门",
      "目的地": "乌鲁木齐",
      "航班类型": "国内航班",
      "航班日期": "2026-02-11",
      "航班代码": "MU9806/FM9545",
      "价格": "1775"
    },
    {
      "出发地": "厦门",
      "目的地": "乌鲁木齐",
      "航班类型": "国内航班",
      "航班日期": "2026-02-13",
      "航班代码": "9C8976/9C7005",
      "价格": "2415"
    },
    {
      "出发地": "厦门",
      "目的地": "乌鲁木齐",
      "航班类型": "国内航班",
      "航班日期": "2026-02-14",
      "航班代码": "MU9806/FM9545",
      "价格": "1775"
    },
    {
      "出发地": "厦门",
      "目的地": "乌鲁木齐",
      "航班类型": "国内航班",
      "航班日期": "2026-02-15",
      "航班代码": "MU6192/FM9545",
      "价格": "1602"
    },
    {
      "出发地": "厦门",
      "目的地": "乌鲁木齐",
      "航班类型": "国内航班",
      "航班日期": "2026-02-16",
      "航班代码": "9C8976/JD5279",
      "价格": "1285"
    },
    {
      "出发地": "厦门",
      "目的地": "乌鲁木齐",
      "航班类型": "国内航班",
      "航班日期": "2026-02-18",
      "航班代码": "MU5642/FM9223",
      "价格": "1852"
    },
    {
      "出发地": "厦门",
      "目的地": "乌鲁木齐",
      "航班类型": "国内航班",
      "航班日期": "2026-02-19",
      "航班代码": "MU9806/FM9545",
      "价格": "1285"
    },
    {
      "出发地": "厦门",
      "目的地": "乌鲁木齐",
      "航班类型": "国内航班",
      "航班日期": "2026-02-20",
      "航班代码": "MU6391/CZ6950",
      "价格": "2881"
    },
    {
      "出发地": "厦门",
      "目的地": "乌鲁木齐",
      "航班类型": "国内航班",
      "航班日期": "2026-02-21",
      "航班代码": "MU6391/CZ6950",
      "价格": "2890"
    },
    {
      "出发地": "厦门",
      "目的地": "乌鲁木齐",
      "航班类型": "国内航班",
      "航班日期": "2026-02-22",
      "航班代码": "MU6391/CZ6950",
      "价格": "2886"
    },
    {
      "出发地": "厦门",
      "目的地": "乌鲁木齐",
      "航班类型": "国内航班",
      "航班日期": "2026-02-23",
      "航班代码": "MU6391/CZ6950",
      "价格": "2896"
    },
    {
      "出发地": "厦门",
      "目的地": "乌鲁木齐",
      "航班类型": "国内航班",
      "航班日期": "2026-02-24",
      "航班代码": "MU6192/UQ2574",
      "价格": "2492"
    },
    {
      "出发地": "厦门",
      "目的地": "乌鲁木齐",
      "航班类型": "国内航班",
      "航班日期": "2026-02-25",
      "航班代码": "9C8976/9C7005",
      "价格": "2230"
    },
    {
      "出发地": "厦门",
      "目的地": "乌鲁木齐",
      "航班类型": "国内航班",
      "航班日期": "2026-02-27",
      "航班代码": "9C6743/9C7371",
      "价格": "2056"
    },
    {
      "出发地": "厦门",
      "目的地": "乌鲁木齐",
      "航班类型": "国内航班",
      "航班日期": "2026-02-28",
      "航班代码": "HO1118/9C6927",
      "价格": "2768"
    },
    {
      "出发地": "厦门",
      "目的地": "乌鲁木齐",
      "航班类型": "国内航班",
      "航班日期": "2026-08-15",
      "航班代码": "9C8804/9C8865",
      "价格": "2200"
    }
  ]
}