{
  "查询条件": {
    "出发地": "厦门",
    "目的地": "重庆"
  },
  "航班数量": 45,
  "航班列表": [
    {
      "出发地": "厦门",
      "目的地": "重庆",
      "航班类型": "国内航班",
      "航班日期": "2025-12-16",
      "航班代码": "PN6488",
      "价格": "280"
    },
    {
      "出发地": "厦门",
      "目的地": "重庆",
      "航班类型": "国内航班",
      "航班日期": "2025-12-17",
      "航班代码": "PN6292",
      "价格": "300"
    },
    {
      "出发地": "厦门",
      "目的地": "重庆",
      "航班类型": "国内航班",
      "航班日期": "2025-12-18",
      "航班代码": "PN6488",
      "价格": "350"
    },
    {
      "出发地": "厦门",
      "目的地": "重庆",
      "航班类型": "国内航班",
      "航班日期": "2025-12-19",
      "航班代码": "PN6488",
      "价格": "360"
    },
    {
      "出发地": "厦门",
      "目的地": "重庆",
      "航班类型": "国内航班",
      "航班日期": "2025-12-20",
      "航班代码": "PN6488",
      "价格": "285"
    },
    {
      "出发地": "厦门",
      "目的地": "重庆",
      "航班类型": "国内航班",
      "航班日期": "2025-12-21",
      "航班代码": "PN6488",
      "价格": "300"
    },
    {
      "出发地": "厦门",
      "目的地": "重庆",
      "航班类型": "国内航班",
      "航班日期": "2025-12-22",
      "航班代码": "PN6488",
      "价格": "300"
    },
    {
      "出发地": "厦门",
      "目的地": "重庆",
      "航班类型": "国内航班",
      "航班日期": "2025-12-23",
      "航班代码": "PN6488",
      "价格": "300"
    },
    {
      "出发地": "厦门",
      "目的地": "重庆",
      "航班类型": "国内航班",
      "航班日期": "2025-12-24",
      "航班代码": "CZ8966/CZ8917",
      "价格": "430"
    },
    {
      "出发地": "厦门",
      "目的地": "重庆",
      "航班类型": "国内航班",
      "航班日期": "2025-12-25",
      "航班代码": "G529H8R",
      "价格": "410"
    },
    {
      "出发地": "厦门",
      "目的地": "重庆",
      "航班类型": "国内航班",
      "航班日期": "2025-12-26",
      "航班代码": "PN6488",
      "价格": "370"
    },
    {
      "出发地": "厦门",
      "目的地": "重庆",
      "航班类型": "国内航班",
      "航班日期": "2025-12-27",
      "航班代码": "CZ8898/CZ3259",
      "价格": "445"
    },
    {
      "出发地": "厦门",
      "目的地": "重庆",
      "航班类型": "国内航班",
      "航班日期": "2025-12-28",
      "航班代码": "CZ8898/CZ3259",
      "价格": "430"
    },
    {
      "出发地": "厦门",
      "目的地": "重庆",
      "航班类型": "国内航班",
      "航班日期": "2025-12-29",
      "航班代码": "PN6488",
      "价格": "420"
    },
    {
      "出发地": "厦门",
      "目的地": "重庆",
      "航班类型": "国内航班",
      "航班日期": "2025-12-30",
      "航班代码": "PN6488",
      "价格": "420"
    },
    {
      "出发地": "厦门",
      "目的地": "重庆",
      "航班类型": "国内航班",
      "航班日期": "2025-12-31",
      "航班代码": "PN6488",
      "价格": "550"
    },
    {
      "出发地": "厦门",
      "目的地": "重庆",
      "航班类型": "国内航班",
      "航班日期": "2026-01-01",
      "航班代码": "CA8228/CA4382",
      "价格": "399"
    },
    {
      "出发地": "厦门",
      "目的地": "重庆",
      "航班类型": "国内航班",
      "航班日期": "2026-01-02",
      "航班代码": "PN6292",
      "价格": "300"
    },
    {
      "出发地": "厦门",
      "目的地": "重庆",
      "航班类型": "国内航班",
      "航班日期": "2026-01-03",
      "航班代码": "G529H8R",
      "价格": "509"
    },
    {
      "出发地": "厦门",
      "目的地": "重庆",
      "航班类型": "国内航班",
      "航班日期": "2026-01-04",
      "航班代码": "SC2141",
      "价格": "450"
    },
    {
      "出发地": "厦门",
      "目的地": "重庆",
      "航班类型": "国内航班",
      "航班日期": "2026-01-05",
      "航班代码": "CA8228/CA4382",
      "价格": "399"
    },
    {
      "出发地": "厦门",
      "目的地": "重庆",
      "航班类型": "国内航班",
      "航班日期": "2026-01-07",
      "航班代码": "CA8228/CA4382",
      "价格": "399"
    },
    {
      "出发地": "厦门",
      "目的地": "重庆",
      "航班类型": "国内航班",
      "航班日期": "2026-01-08",
      "航班代码": "MU2730/MU2835",
      "价格": "500"
    },
    {
      "出发地": "厦门",
      "目的地": "重庆",
      "航班类型": "国内航班",
      "航班日期": "2026-01-09",
      "航班代码": "CA8228/CA4382",
      "价格": "399"
    },
    {
      "出发地": "厦门",
      "目的地": "重庆",
      "航班类型": "国内航班",
      "航班日期": "2026-01-10",
      "航班代码": "MU2864/MU2925",
      "价格": "500"
    },
    {
      "出发地": "厦门",
      "目的地": "重庆",
      "航班类型": "国内航班",
      "航班日期": "2026-01-14",
      "航班代码": "PN6292",
      "价格": "400"
    },
    {
      "出发地": "厦门",
      "目的地": "重庆",
      "航班类型": "国内航班",
      "航班日期": "2026-01-15",
      "航班代码": "MU2730/MU2835",
      "价格": "500"
    },
    {
      "出发地": "厦门",
      "目的地": "重庆",
      "航班类型": "国内航班",
      "航班日期": "2026-01-16",
      "航班代码": "PN6292",
      "价格": "465"
    },
    {
      "出发地": "厦门",
      "目的地": "重庆",
      "航班类型": "国内航班",
      "航班日期": "2026-01-17",
      "航班代码": "MU2864/MU2835",
      "价格": "475"
    },
    {
      "出发地": "厦门",
      "目的地": "重庆",
      "航班类型": "国内航班",
      "航班日期": "2026-01-18",
      "航班代码": "PN6292",
      "价格": "500"
    },
    {
      "出发地": "厦门",
      "目的地": "重庆",
      "航班类型": "国内航班",
      "航班日期": "2026-01-22",
      "航班代码": "MU2940/MU2785",
      "价格": "520"
    },
    {
      "出发地": "厦门",
      "目的地": "重庆",
      "航班类型": "国内航班",
      "航班日期": "2026-01-23",
      "航班代码": "PN6292",
      "价格": "500"
    },
    {
      "出发地": "厦门",
      "目的地": "重庆",
      "航班类型": "国内航班",
      "航班日期": "2026-01-24",
      "航班代码": "G53324U",
      "价格": "560"
    },
    {
      "出发地": "厦门",
      "目的地": "重庆",
      "航班类型": "国内航班",
      "航班日期": "2026-01-25",
      "航班代码": "PN6292",
      "价格": "750"
    },
    {
      "出发地": "厦门",
      "目的地": "重庆",
      "航班类型": "国内航班",
      "航班日期": "2026-01-26",
      "航班代码": "CZ9002",
      "价格": "660"
    },
    {
      "出发地": "厦门",
      "目的地": "重庆",
      "航班类型": "国内航班",
      "航班日期": "2026-01-27",
      "航班代码": "SC2269/GT1069",
      "价格": "640"
    },
    {
      "出发地": "厦门",
      "目的地": "重庆",
      "航班类型": "国内航班",
      "航班日期": "2026-01-28",
      "航班代码": "PN6292",
      "价格": "570"
    },
    {
      "出发地": "厦门",
      "目的地": "重庆",
      "航班类型": "国内航班",
      "航班日期": "2026-01-31",
      "航班代码": "SC2269/GT1069",
      "价格": "640"
    },
    {
      "出发地": "厦门",
      "目的地": "重庆",
      "航班类型": "国内航班",
      "航班日期": "2026-02-01",
      "航班代码": "MF8403",
      "价格": "990"
    },
    {
      "出发地": "厦门",
      "目的地": "重庆",
      "航班类型": "国内航班",
      "航班日期": "2026-02-07",
      "航班代码": "EU7262",
      "价格": "1240"
    },
    {
      "出发地": "厦门",
      "目的地": "重庆",
      "航班类型": "国内航班",
      "航班日期": "2026-02-10",
      "航班代码": "EU7262",
      "价格": "1240"
    },
    {
      "出发地": "厦门",
      "目的地": "重庆",
      "航班类型": "国内航班",
      "航班日期": "2026-02-11",
      "航班代码": "EU7262",
      "价格": "1240"
    },
    {
      "出发地": "厦门",
      "目的地": "重庆",
      "航班类型": "国内航班",
      "航班日期": "2026-02-14",
      "航班代码": "EU7262",
      "价格": "1240"
    },
    {
      "出发地": "厦门",
      "目的地": "重庆",
      "航班类型": "国内航班",
      "航班日期": "2026-02-17",
      "航班代码": "CZ3880/CA4342",
      "价格": "1149"
    },
    {
      "出发地": "厦门",
      "目的地": "重庆",
      "航班类型": "国内航班",
      "航班日期": "2026-02-19",
      "航班代码": "CZ3806/MU5795",
      "价格": "1095"
    }
  ]
}