{
  "查询条件": {
    "出发地": "厦门",
    "目的地": "温州"
  },
  "航班数量": 3,
  "航班列表": [
    {
      "出发地": "厦门",
      "目的地": "温州",
      "航班类型": "国内航班",
      "航班日期": "2025-12-16",
      "航班代码": "MF8039",
      "价格": "300"
    },
    {
      "出发地": "厦门",
      "目的地": "温州",
      "航班类型": "国内航班",
      "航班日期": "2025-12-17",
      "航班代码": "G59019",
      "价格": "300"
    },
    {
      "出发地": "厦门",
      "目的地": "温州",
      "航班类型": "国内航班",
      "航班日期": "2025-12-19",
      "航班代码": "G59019",
      "价格": "300"
    }
  ]
}