{
  "查询条件": {
    "出发地": "厦门",
    "目的地": "长春"
  },
  "航班数量": 66,
  "航班列表": [
    {
      "出发地": "厦门",
      "目的地": "长春",
      "航班类型": "国内航班",
      "航班日期": "2025-12-16",
      "航班代码": "CZ8966/CZ6180",
      "价格": "400"
    },
    {
      "出发地": "厦门",
      "目的地": "长春",
      "航班类型": "国内航班",
      "航班日期": "2025-12-17",
      "航班代码": "9C7252/9C7603",
      "价格": "458"
    },
    {
      "出发地": "厦门",
      "目的地": "长春",
      "航班类型": "国内航班",
      "航班日期": "2025-12-18",
      "航班代码": "CZ8878/CZ6146",
      "价格": "400"
    },
    {
      "出发地": "厦门",
      "目的地": "长春",
      "航班类型": "国内航班",
      "航班日期": "2025-12-19",
      "航班代码": "JD5216/JD5121",
      "价格": "459"
    },
    {
      "出发地": "厦门",
      "目的地": "长春",
      "航班类型": "国内航班",
      "航班日期": "2025-12-20",
      "航班代码": "CZ8878/CZ6144",
      "价格": "400"
    },
    {
      "出发地": "厦门",
      "目的地": "长春",
      "航班类型": "国内航班",
      "航班日期": "2025-12-21",
      "航班代码": "CZ8878/CZ6144",
      "价格": "400"
    },
    {
      "出发地": "厦门",
      "目的地": "长春",
      "航班类型": "国内航班",
      "航班日期": "2025-12-22",
      "航班代码": "CZ8878/CZ6144",
      "价格": "400"
    },
    {
      "出发地": "厦门",
      "目的地": "长春",
      "航班类型": "国内航班",
      "航班日期": "2025-12-23",
      "航班代码": "MU2914/QW6002",
      "价格": "580"
    },
    {
      "出发地": "厦门",
      "目的地": "长春",
      "航班类型": "国内航班",
      "航班日期": "2025-12-24",
      "航班代码": "SC8402/SC8785",
      "价格": "499"
    },
    {
      "出发地": "厦门",
      "目的地": "长春",
      "航班类型": "国内航班",
      "航班日期": "2025-12-25",
      "航班代码": "SC2233/SC2267",
      "价格": "499"
    },
    {
      "出发地": "厦门",
      "目的地": "长春",
      "航班类型": "国内航班",
      "航班日期": "2025-12-26",
      "航班代码": "SC2107/SC8038",
      "价格": "519"
    },
    {
      "出发地": "厦门",
      "目的地": "长春",
      "航班类型": "国内航班",
      "航班日期": "2025-12-27",
      "航班代码": "JD5216/JD5121",
      "价格": "499"
    },
    {
      "出发地": "厦门",
      "目的地": "长春",
      "航班类型": "国内航班",
      "航班日期": "2025-12-28",
      "航班代码": "JD5216/JD5121",
      "价格": "490"
    },
    {
      "出发地": "厦门",
      "目的地": "长春",
      "航班类型": "国内航班",
      "航班日期": "2025-12-29",
      "航班代码": "SC8402/SC1192",
      "价格": "499"
    },
    {
      "出发地": "厦门",
      "目的地": "长春",
      "航班类型": "国内航班",
      "航班日期": "2025-12-30",
      "航班代码": "SC4790/SC4727",
      "价格": "519"
    },
    {
      "出发地": "厦门",
      "目的地": "长春",
      "航班类型": "国内航班",
      "航班日期": "2025-12-31",
      "航班代码": "SC4788/SC4727",
      "价格": "570"
    },
    {
      "出发地": "厦门",
      "目的地": "长春",
      "航班类型": "国内航班",
      "航班日期": "2026-01-01",
      "航班代码": "CZ8966/CZ6180",
      "价格": "400"
    },
    {
      "出发地": "厦门",
      "目的地": "长春",
      "航班类型": "国内航班",
      "航班日期": "2026-01-03",
      "航班代码": "SC2233/SC2267",
      "价格": "499"
    },
    {
      "出发地": "厦门",
      "目的地": "长春",
      "航班类型": "国内航班",
      "航班日期": "2026-01-04",
      "航班代码": "SC2107/SC8038",
      "价格": "569"
    },
    {
      "出发地": "厦门",
      "目的地": "长春",
      "航班类型": "国内航班",
      "航班日期": "2026-01-05",
      "航班代码": "CA8228/CA8285",
      "价格": "499"
    },
    {
      "出发地": "厦门",
      "目的地": "长春",
      "航班类型": "国内航班",
      "航班日期": "2026-01-06",
      "航班代码": "SC2233/SC2267",
      "价格": "549"
    },
    {
      "出发地": "厦门",
      "目的地": "长春",
      "航班类型": "国内航班",
      "航班日期": "2026-01-07",
      "航班代码": "SC2233/SC2267",
      "价格": "549"
    },
    {
      "出发地": "厦门",
      "目的地": "长春",
      "航班类型": "国内航班",
      "航班日期": "2026-01-08",
      "航班代码": "SC2233/SC2267",
      "价格": "549"
    },
    {
      "出发地": "厦门",
      "目的地": "长春",
      "航班类型": "国内航班",
      "航班日期": "2026-01-09",
      "航班代码": "9C8726/9C7603",
      "价格": "712"
    },
    {
      "出发地": "厦门",
      "目的地": "长春",
      "航班类型": "国内航班",
      "航班日期": "2026-01-10",
      "航班代码": "SC2197/GJ8972",
      "价格": "779"
    },
    {
      "出发地": "厦门",
      "目的地": "长春",
      "航班类型": "国内航班",
      "航班日期": "2026-01-11",
      "航班代码": "9C8726/9C7603",
      "价格": "713"
    },
    {
      "出发地": "厦门",
      "目的地": "长春",
      "航班类型": "国内航班",
      "航班日期": "2026-01-12",
      "航班代码": "9C7252/9C7603",
      "价格": "738"
    },
    {
      "出发地": "厦门",
      "目的地": "长春",
      "航班类型": "国内航班",
      "航班日期": "2026-01-13",
      "航班代码": "9C8726/9C7603",
      "价格": "718"
    },
    {
      "出发地": "厦门",
      "目的地": "长春",
      "航班类型": "国内航班",
      "航班日期": "2026-01-14",
      "航班代码": "9C8726/9C7603",
      "价格": "643"
    },
    {
      "出发地": "厦门",
      "目的地": "长春",
      "航班类型": "国内航班",
      "航班日期": "2026-01-15",
      "航班代码": "9C8726/9C7603",
      "价格": "710"
    },
    {
      "出发地": "厦门",
      "目的地": "长春",
      "航班类型": "国内航班",
      "航班日期": "2026-01-16",
      "航班代码": "CA8228/CA8285",
      "价格": "495"
    },
    {
      "出发地": "厦门",
      "目的地": "长春",
      "航班类型": "国内航班",
      "航班日期": "2026-01-17",
      "航班代码": "SC2233/SC2267",
      "价格": "499"
    },
    {
      "出发地": "厦门",
      "目的地": "长春",
      "航班类型": "国内航班",
      "航班日期": "2026-01-18",
      "航班代码": "MF8075/9C6314",
      "价格": "828"
    },
    {
      "出发地": "厦门",
      "目的地": "长春",
      "航班类型": "国内航班",
      "航班日期": "2026-01-20",
      "航班代码": "9C8726/ZH9693",
      "价格": "789"
    },
    {
      "出发地": "厦门",
      "目的地": "长春",
      "航班类型": "国内航班",
      "航班日期": "2026-01-21",
      "航班代码": "9C7252/ZH9693",
      "价格": "790"
    },
    {
      "出发地": "厦门",
      "目的地": "长春",
      "航班类型": "国内航班",
      "航班日期": "2026-01-22",
      "航班代码": "9C8726/9C7603",
      "价格": "785"
    },
    {
      "出发地": "厦门",
      "目的地": "长春",
      "航班类型": "国内航班",
      "航班日期": "2026-01-23",
      "航班代码": "MU2864/CZ6618",
      "价格": "890"
    },
    {
      "出发地": "厦门",
      "目的地": "长春",
      "航班类型": "国内航班",
      "航班日期": "2026-01-24",
      "航班代码": "MU2864/GJ8796",
      "价格": "925"
    },
    {
      "出发地": "厦门",
      "目的地": "长春",
      "航班类型": "国内航班",
      "航班日期": "2026-01-25",
      "航班代码": "MU6391/MU9825",
      "价格": "940"
    },
    {
      "出发地": "厦门",
      "目的地": "长春",
      "航班类型": "国内航班",
      "航班日期": "2026-01-26",
      "航班代码": "MU2810/CZ6512",
      "价格": "891"
    },
    {
      "出发地": "厦门",
      "目的地": "长春",
      "航班类型": "国内航班",
      "航班日期": "2026-01-27",
      "航班代码": "MU2864/CZ6618",
      "价格": "891"
    },
    {
      "出发地": "厦门",
      "目的地": "长春",
      "航班类型": "国内航班",
      "航班日期": "2026-01-28",
      "航班代码": "9C7252/9C7603",
      "价格": "922"
    },
    {
      "出发地": "厦门",
      "目的地": "长春",
      "航班类型": "国内航班",
      "航班日期": "2026-01-29",
      "航班代码": "SC8408/SC8785",
      "价格": "999"
    },
    {
      "出发地": "厦门",
      "目的地": "长春",
      "航班类型": "国内航班",
      "航班日期": "2026-01-30",
      "航班代码": "9C8726/9C7603",
      "价格": "1000"
    },
    {
      "出发地": "厦门",
      "目的地": "长春",
      "航班类型": "国内航班",
      "航班日期": "2026-01-31",
      "航班代码": "9C8726/9C7603",
      "价格": "1268"
    },
    {
      "出发地": "厦门",
      "目的地": "长春",
      "航班类型": "国内航班",
      "航班日期": "2026-02-01",
      "航班代码": "MF8535/CZ8664",
      "价格": "1272"
    },
    {
      "出发地": "厦门",
      "目的地": "长春",
      "航班类型": "国内航班",
      "航班日期": "2026-02-02",
      "航班代码": "9C7252/9C7603",
      "价格": "1108"
    },
    {
      "出发地": "厦门",
      "目的地": "长春",
      "航班类型": "国内航班",
      "航班日期": "2026-02-03",
      "航班代码": "9C8726/9C7603",
      "价格": "1156"
    },
    {
      "出发地": "厦门",
      "目的地": "长春",
      "航班类型": "国内航班",
      "航班日期": "2026-02-04",
      "航班代码": "9C8726/9C7603",
      "价格": "1160"
    },
    {
      "出发地": "厦门",
      "目的地": "长春",
      "航班类型": "国内航班",
      "航班日期": "2026-02-05",
      "航班代码": "9C8976/9C8661",
      "价格": "1410"
    },
    {
      "出发地": "厦门",
      "目的地": "长春",
      "航班类型": "国内航班",
      "航班日期": "2026-02-06",
      "航班代码": "9C8726/9C7603",
      "价格": "1507"
    },
    {
      "出发地": "厦门",
      "目的地": "长春",
      "航班类型": "国内航班",
      "航班日期": "2026-02-07",
      "航班代码": "9C8726/9C7603",
      "价格": "1495"
    },
    {
      "出发地": "厦门",
      "目的地": "长春",
      "航班类型": "国内航班",
      "航班日期": "2026-02-08",
      "航班代码": "9C8976/9C8661",
      "价格": "1580"
    },
    {
      "出发地": "厦门",
      "目的地": "长春",
      "航班类型": "国内航班",
      "航班日期": "2026-02-09",
      "航班代码": "MU6391/QW6012",
      "价格": "2183"
    },
    {
      "出发地": "厦门",
      "目的地": "长春",
      "航班类型": "国内航班",
      "航班日期": "2026-02-10",
      "航班代码": "9C8727",
      "价格": "1730"
    },
    {
      "出发地": "厦门",
      "目的地": "长春",
      "航班类型": "国内航班",
      "航班日期": "2026-02-11",
      "航班代码": "9C8966/9C8661",
      "价格": "1886"
    },
    {
      "出发地": "厦门",
      "目的地": "长春",
      "航班类型": "国内航班",
      "航班日期": "2026-02-12",
      "航班代码": "9C8727",
      "价格": "1970"
    },
    {
      "出发地": "厦门",
      "目的地": "长春",
      "航班类型": "国内航班",
      "航班日期": "2026-02-13",
      "航班代码": "9C8726/9C7603",
      "价格": "1976"
    },
    {
      "出发地": "厦门",
      "目的地": "长春",
      "航班类型": "国内航班",
      "航班日期": "2026-02-14",
      "航班代码": "9C8976/9C6471",
      "价格": "1886"
    },
    {
      "出发地": "厦门",
      "目的地": "长春",
      "航班类型": "国内航班",
      "航班日期": "2026-02-15",
      "航班代码": "9C8976/9C8661",
      "价格": "1527"
    },
    {
      "出发地": "厦门",
      "目的地": "长春",
      "航班类型": "国内航班",
      "航班日期": "2026-02-17",
      "航班代码": "9C8976/9C6471",
      "价格": "1196"
    },
    {
      "出发地": "厦门",
      "目的地": "长春",
      "航班类型": "国内航班",
      "航班日期": "2026-02-18",
      "航班代码": "9C7252/ZH9693",
      "价格": "1888"
    },
    {
      "出发地": "厦门",
      "目的地": "长春",
      "航班类型": "国内航班",
      "航班日期": "2026-02-19",
      "航班代码": "ZH9756/9C7603",
      "价格": "1727"
    },
    {
      "出发地": "厦门",
      "目的地": "长春",
      "航班类型": "国内航班",
      "航班日期": "2026-02-20",
      "航班代码": "9C8976/9C8661",
      "价格": "1637"
    },
    {
      "出发地": "厦门",
      "目的地": "长春",
      "航班类型": "国内航班",
      "航班日期": "2026-02-21",
      "航班代码": "9C8726/9C7603",
      "价格": "1660"
    },
    {
      "出发地": "厦门",
      "目的地": "长春",
      "航班类型": "国内航班",
      "航班日期": "2026-02-25",
      "航班代码": "9C8804/9C8809",
      "价格": "1020"
    }
  ]
}