{
  "查询条件": {
    "出发地": "厦门",
    "目的地": "沈阳"
  },
  "航班数量": 59,
  "航班列表": [
    {
      "出发地": "厦门",
      "目的地": "沈阳",
      "航班类型": "国内航班",
      "航班日期": "2025-12-16",
      "航班代码": "CZ8966/CZ6102",
      "价格": "400"
    },
    {
      "出发地": "厦门",
      "目的地": "沈阳",
      "航班类型": "国内航班",
      "航班日期": "2025-12-17",
      "航班代码": "CA8228/CA8245",
      "价格": "400"
    },
    {
      "出发地": "厦门",
      "目的地": "沈阳",
      "航班类型": "国内航班",
      "航班日期": "2025-12-18",
      "航班代码": "SC4786/SC4721",
      "价格": "479"
    },
    {
      "出发地": "厦门",
      "目的地": "沈阳",
      "航班类型": "国内航班",
      "航班日期": "2025-12-19",
      "航班代码": "SC8414/SC8406",
      "价格": "450"
    },
    {
      "出发地": "厦门",
      "目的地": "沈阳",
      "航班类型": "国内航班",
      "航班日期": "2025-12-20",
      "航班代码": "SC8412/SC8441",
      "价格": "426"
    },
    {
      "出发地": "厦门",
      "目的地": "沈阳",
      "航班类型": "国内航班",
      "航班日期": "2025-12-21",
      "航班代码": "SC2277/SC2328",
      "价格": "439"
    },
    {
      "出发地": "厦门",
      "目的地": "沈阳",
      "航班类型": "国内航班",
      "航班日期": "2025-12-22",
      "航班代码": "SC8402/SC8441",
      "价格": "429"
    },
    {
      "出发地": "厦门",
      "目的地": "沈阳",
      "航班类型": "国内航班",
      "航班日期": "2025-12-23",
      "航班代码": "MU2790/MU9779",
      "价格": "464"
    },
    {
      "出发地": "厦门",
      "目的地": "沈阳",
      "航班类型": "国内航班",
      "航班日期": "2025-12-24",
      "航班代码": "SC8402/SC8441",
      "价格": "429"
    },
    {
      "出发地": "厦门",
      "目的地": "沈阳",
      "航班类型": "国内航班",
      "航班日期": "2025-12-25",
      "航班代码": "SC8402/SC8441",
      "价格": "429"
    },
    {
      "出发地": "厦门",
      "目的地": "沈阳",
      "航班类型": "国内航班",
      "航班日期": "2025-12-26",
      "航班代码": "SC2277/SC2328",
      "价格": "439"
    },
    {
      "出发地": "厦门",
      "目的地": "沈阳",
      "航班类型": "国内航班",
      "航班日期": "2025-12-27",
      "航班代码": "SC2277/SC2328",
      "价格": "439"
    },
    {
      "出发地": "厦门",
      "目的地": "沈阳",
      "航班类型": "国内航班",
      "航班日期": "2025-12-28",
      "航班代码": "SC2277/SC2328",
      "价格": "439"
    },
    {
      "出发地": "厦门",
      "目的地": "沈阳",
      "航班类型": "国内航班",
      "航班日期": "2025-12-29",
      "航班代码": "SC8402/SC8441",
      "价格": "430"
    },
    {
      "出发地": "厦门",
      "目的地": "沈阳",
      "航班类型": "国内航班",
      "航班日期": "2025-12-30",
      "航班代码": "SC8412/SC8441",
      "价格": "429"
    },
    {
      "出发地": "厦门",
      "目的地": "沈阳",
      "航班类型": "国内航班",
      "航班日期": "2025-12-31",
      "航班代码": "SC2231/SC2319",
      "价格": "479"
    },
    {
      "出发地": "厦门",
      "目的地": "沈阳",
      "航班类型": "国内航班",
      "航班日期": "2026-01-01",
      "航班代码": "SC4782/SC4715",
      "价格": "479"
    },
    {
      "出发地": "厦门",
      "目的地": "沈阳",
      "航班类型": "国内航班",
      "航班日期": "2026-01-02",
      "航班代码": "9C7026",
      "价格": "590"
    },
    {
      "出发地": "厦门",
      "目的地": "沈阳",
      "航班类型": "国内航班",
      "航班日期": "2026-01-03",
      "航班代码": "SC2277/SC2324",
      "价格": "479"
    },
    {
      "出发地": "厦门",
      "目的地": "沈阳",
      "航班类型": "国内航班",
      "航班日期": "2026-01-04",
      "航班代码": "SC2175",
      "价格": "450"
    },
    {
      "出发地": "厦门",
      "目的地": "沈阳",
      "航班类型": "国内航班",
      "航班日期": "2026-01-05",
      "航班代码": "SC2277/SC2328",
      "价格": "479"
    },
    {
      "出发地": "厦门",
      "目的地": "沈阳",
      "航班类型": "国内航班",
      "航班日期": "2026-01-06",
      "航班代码": "MU5648/9C7635",
      "价格": "1739"
    },
    {
      "出发地": "厦门",
      "目的地": "沈阳",
      "航班类型": "国内航班",
      "航班日期": "2026-01-07",
      "航班代码": "SC4792/SC4717",
      "价格": "479"
    },
    {
      "出发地": "厦门",
      "目的地": "沈阳",
      "航班类型": "国内航班",
      "航班日期": "2026-01-08",
      "航班代码": "HU7047",
      "价格": "750"
    },
    {
      "出发地": "厦门",
      "目的地": "沈阳",
      "航班类型": "国内航班",
      "航班日期": "2026-01-09",
      "航班代码": "SC2273/SC2328",
      "价格": "479"
    },
    {
      "出发地": "厦门",
      "目的地": "沈阳",
      "航班类型": "国内航班",
      "航班日期": "2026-01-10",
      "航班代码": "SC4786/SC4717",
      "价格": "479"
    },
    {
      "出发地": "厦门",
      "目的地": "沈阳",
      "航班类型": "国内航班",
      "航班日期": "2026-01-11",
      "航班代码": "SC4792/SC4717",
      "价格": "495"
    },
    {
      "出发地": "厦门",
      "目的地": "沈阳",
      "航班类型": "国内航班",
      "航班日期": "2026-01-12",
      "航班代码": "SC4788/SC4721",
      "价格": "479"
    },
    {
      "出发地": "厦门",
      "目的地": "沈阳",
      "航班类型": "国内航班",
      "航班日期": "2026-01-13",
      "航班代码": "SC2277/SC2328",
      "价格": "498"
    },
    {
      "出发地": "厦门",
      "目的地": "沈阳",
      "航班类型": "国内航班",
      "航班日期": "2026-01-14",
      "航班代码": "SC4786/SC4721",
      "价格": "479"
    },
    {
      "出发地": "厦门",
      "目的地": "沈阳",
      "航班类型": "国内航班",
      "航班日期": "2026-01-15",
      "航班代码": "SC2277/SC2324",
      "价格": "479"
    },
    {
      "出发地": "厦门",
      "目的地": "沈阳",
      "航班类型": "国内航班",
      "航班日期": "2026-01-16",
      "航班代码": "SC2269/SC2328",
      "价格": "479"
    },
    {
      "出发地": "厦门",
      "目的地": "沈阳",
      "航班类型": "国内航班",
      "航班日期": "2026-01-17",
      "航班代码": "SC2277/SC2324",
      "价格": "479"
    },
    {
      "出发地": "厦门",
      "目的地": "沈阳",
      "航班类型": "国内航班",
      "航班日期": "2026-01-18",
      "航班代码": "SC2269/SC2324",
      "价格": "479"
    },
    {
      "出发地": "厦门",
      "目的地": "沈阳",
      "航班类型": "国内航班",
      "航班日期": "2026-01-19",
      "航班代码": "SC2269/SC2328",
      "价格": "479"
    },
    {
      "出发地": "厦门",
      "目的地": "沈阳",
      "航班类型": "国内航班",
      "航班日期": "2026-01-20",
      "航班代码": "MU6391/EU2714",
      "价格": "889"
    },
    {
      "出发地": "厦门",
      "目的地": "沈阳",
      "航班类型": "国内航班",
      "航班日期": "2026-01-21",
      "航班代码": "SC4782/SC4715",
      "价格": "479"
    },
    {
      "出发地": "厦门",
      "目的地": "沈阳",
      "航班类型": "国内航班",
      "航班日期": "2026-01-22",
      "航班代码": "MU5169/MU6658",
      "价格": "700"
    },
    {
      "出发地": "厦门",
      "目的地": "沈阳",
      "航班类型": "国内航班",
      "航班日期": "2026-01-23",
      "航班代码": "ZH9732",
      "价格": "730"
    },
    {
      "出发地": "厦门",
      "目的地": "沈阳",
      "航班类型": "国内航班",
      "航班日期": "2026-01-24",
      "航班代码": "MU5169/MU6913",
      "价格": "799"
    },
    {
      "出发地": "厦门",
      "目的地": "沈阳",
      "航班类型": "国内航班",
      "航班日期": "2026-01-25",
      "航班代码": "MU2820/9C6174",
      "价格": "744"
    },
    {
      "出发地": "厦门",
      "目的地": "沈阳",
      "航班类型": "国内航班",
      "航班日期": "2026-01-26",
      "航班代码": "9C7026",
      "价格": "800"
    },
    {
      "出发地": "厦门",
      "目的地": "沈阳",
      "航班类型": "国内航班",
      "航班日期": "2026-01-27",
      "航班代码": "MU6391/MU6913",
      "价格": "1140"
    },
    {
      "出发地": "厦门",
      "目的地": "沈阳",
      "航班类型": "国内航班",
      "航班日期": "2026-01-28",
      "航班代码": "MU2864/MU2827",
      "价格": "669"
    },
    {
      "出发地": "厦门",
      "目的地": "沈阳",
      "航班类型": "国内航班",
      "航班日期": "2026-01-29",
      "航班代码": "MU6391/MU6913",
      "价格": "878"
    },
    {
      "出发地": "厦门",
      "目的地": "沈阳",
      "航班类型": "国内航班",
      "航班日期": "2026-01-30",
      "航班代码": "9C8726/9C7594",
      "价格": "978"
    },
    {
      "出发地": "厦门",
      "目的地": "沈阳",
      "航班类型": "国内航班",
      "航班日期": "2026-01-31",
      "航班代码": "SC8408/SC8406",
      "价格": "890"
    },
    {
      "出发地": "厦门",
      "目的地": "沈阳",
      "航班类型": "国内航班",
      "航班日期": "2026-02-01",
      "航班代码": "MU6192/MU9801",
      "价格": "990"
    },
    {
      "出发地": "厦门",
      "目的地": "沈阳",
      "航班类型": "国内航班",
      "航班日期": "2026-02-06",
      "航班代码": "9C8726/9C7594",
      "价格": "1473"
    },
    {
      "出发地": "厦门",
      "目的地": "沈阳",
      "航班类型": "国内航班",
      "航班日期": "2026-02-07",
      "航班代码": "9C8726/9C7594",
      "价格": "1323"
    },
    {
      "出发地": "厦门",
      "目的地": "沈阳",
      "航班类型": "国内航班",
      "航班日期": "2026-02-09",
      "航班代码": "9C8726/9C7594",
      "价格": "1417"
    },
    {
      "出发地": "厦门",
      "目的地": "沈阳",
      "航班类型": "国内航班",
      "航班日期": "2026-02-12",
      "航班代码": "9C8726/9C7594",
      "价格": "1724"
    },
    {
      "出发地": "厦门",
      "目的地": "沈阳",
      "航班类型": "国内航班",
      "航班日期": "2026-02-13",
      "航班代码": "MU2940/9C6174",
      "价格": "1547"
    },
    {
      "出发地": "厦门",
      "目的地": "沈阳",
      "航班类型": "国内航班",
      "航班日期": "2026-02-14",
      "航班代码": "9C8726/9C7594",
      "价格": "1880"
    },
    {
      "出发地": "厦门",
      "目的地": "沈阳",
      "航班类型": "国内航班",
      "航班日期": "2026-02-15",
      "航班代码": "JD5216/CZ5800",
      "价格": "1345"
    },
    {
      "出发地": "厦门",
      "目的地": "沈阳",
      "航班类型": "国内航班",
      "航班日期": "2026-02-16",
      "航班代码": "9C7026",
      "价格": "960"
    },
    {
      "出发地": "厦门",
      "目的地": "沈阳",
      "航班类型": "国内航班",
      "航班日期": "2026-02-17",
      "航班代码": "HO1792/HO1713",
      "价格": "1139"
    },
    {
      "出发地": "厦门",
      "目的地": "沈阳",
      "航班类型": "国内航班",
      "航班日期": "2026-02-18",
      "航班代码": "9C8804/CA8315",
      "价格": "1229"
    },
    {
      "出发地": "厦门",
      "目的地": "沈阳",
      "航班类型": "国内航班",
      "航班日期": "2026-02-19",
      "航班代码": "HU7047",
      "价格": "1290"
    }
  ]
}