{
  "查询条件": {
    "出发地": "厦门",
    "目的地": "昆明"
  },
  "航班数量": 53,
  "航班列表": [
    {
      "出发地": "厦门",
      "目的地": "昆明",
      "航班类型": "国内航班",
      "航班日期": "2025-12-16",
      "航班代码": "SC2185/SC4691",
      "价格": "450"
    },
    {
      "出发地": "厦门",
      "目的地": "昆明",
      "航班类型": "国内航班",
      "航班日期": "2025-12-17",
      "航班代码": "KY8216",
      "价格": "382"
    },
    {
      "出发地": "厦门",
      "目的地": "昆明",
      "航班类型": "国内航班",
      "航班日期": "2025-12-18",
      "航班代码": "ZH5514",
      "价格": "430"
    },
    {
      "出发地": "厦门",
      "目的地": "昆明",
      "航班类型": "国内航班",
      "航班日期": "2025-12-19",
      "航班代码": "CA5768",
      "价格": "430"
    },
    {
      "出发地": "厦门",
      "目的地": "昆明",
      "航班类型": "国内航班",
      "航班日期": "2025-12-20",
      "航班代码": "KY8216",
      "价格": "400"
    },
    {
      "出发地": "厦门",
      "目的地": "昆明",
      "航班类型": "国内航班",
      "航班日期": "2025-12-21",
      "航班代码": "KN2120/KN2837",
      "价格": "399"
    },
    {
      "出发地": "厦门",
      "目的地": "昆明",
      "航班类型": "国内航班",
      "航班日期": "2025-12-22",
      "航班代码": "KN2120/KN2837",
      "价格": "399"
    },
    {
      "出发地": "厦门",
      "目的地": "昆明",
      "航班类型": "国内航班",
      "航班日期": "2025-12-23",
      "航班代码": "KN2120/KN2837",
      "价格": "399"
    },
    {
      "出发地": "厦门",
      "目的地": "昆明",
      "航班类型": "国内航班",
      "航班日期": "2025-12-24",
      "航班代码": "KN2120/KN2837",
      "价格": "399"
    },
    {
      "出发地": "厦门",
      "目的地": "昆明",
      "航班类型": "国内航班",
      "航班日期": "2025-12-25",
      "航班代码": "KN2120/KN2837",
      "价格": "399"
    },
    {
      "出发地": "厦门",
      "目的地": "昆明",
      "航班类型": "国内航班",
      "航班日期": "2025-12-26",
      "航班代码": "CZ9052",
      "价格": "489"
    },
    {
      "出发地": "厦门",
      "目的地": "昆明",
      "航班类型": "国内航班",
      "航班日期": "2025-12-27",
      "航班代码": "KN2120/KN2837",
      "价格": "399"
    },
    {
      "出发地": "厦门",
      "目的地": "昆明",
      "航班类型": "国内航班",
      "航班日期": "2025-12-28",
      "航班代码": "KN2120/KN2837",
      "价格": "399"
    },
    {
      "出发地": "厦门",
      "目的地": "昆明",
      "航班类型": "国内航班",
      "航班日期": "2025-12-29",
      "航班代码": "KY8214",
      "价格": "420"
    },
    {
      "出发地": "厦门",
      "目的地": "昆明",
      "航班类型": "国内航班",
      "航班日期": "2025-12-30",
      "航班代码": "SC2185/SC4691",
      "价格": "450"
    },
    {
      "出发地": "厦门",
      "目的地": "昆明",
      "航班类型": "国内航班",
      "航班日期": "2025-12-31",
      "航班代码": "KY8212",
      "价格": "560"
    },
    {
      "出发地": "厦门",
      "目的地": "昆明",
      "航班类型": "国内航班",
      "航班日期": "2026-01-01",
      "航班代码": "KY8216",
      "价格": "554"
    },
    {
      "出发地": "厦门",
      "目的地": "昆明",
      "航班类型": "国内航班",
      "航班日期": "2026-01-02",
      "航班代码": "KN2120/KN2837",
      "价格": "399"
    },
    {
      "出发地": "厦门",
      "目的地": "昆明",
      "航班类型": "国内航班",
      "航班日期": "2026-01-03",
      "航班代码": "KY8216",
      "价格": "490"
    },
    {
      "出发地": "厦门",
      "目的地": "昆明",
      "航班类型": "国内航班",
      "航班日期": "2026-01-04",
      "航班代码": "KY8216",
      "价格": "540"
    },
    {
      "出发地": "厦门",
      "目的地": "昆明",
      "航班类型": "国内航班",
      "航班日期": "2026-01-08",
      "航班代码": "CZ9052",
      "价格": "500"
    },
    {
      "出发地": "厦门",
      "目的地": "昆明",
      "航班类型": "国内航班",
      "航班日期": "2026-01-09",
      "航班代码": "KN2120/KN2837",
      "价格": "399"
    },
    {
      "出发地": "厦门",
      "目的地": "昆明",
      "航班类型": "国内航班",
      "航班日期": "2026-01-10",
      "航班代码": "8L9566",
      "价格": "500"
    },
    {
      "出发地": "厦门",
      "目的地": "昆明",
      "航班类型": "国内航班",
      "航班日期": "2026-01-11",
      "航班代码": "CA5768",
      "价格": "540"
    },
    {
      "出发地": "厦门",
      "目的地": "昆明",
      "航班类型": "国内航班",
      "航班日期": "2026-01-13",
      "航班代码": "KY8216",
      "价格": "461"
    },
    {
      "出发地": "厦门",
      "目的地": "昆明",
      "航班类型": "国内航班",
      "航班日期": "2026-01-14",
      "航班代码": "KY8216",
      "价格": "577"
    },
    {
      "出发地": "厦门",
      "目的地": "昆明",
      "航班类型": "国内航班",
      "航班日期": "2026-01-15",
      "航班代码": "KY8216",
      "价格": "490"
    },
    {
      "出发地": "厦门",
      "目的地": "昆明",
      "航班类型": "国内航班",
      "航班日期": "2026-01-17",
      "航班代码": "CA5768",
      "价格": "540"
    },
    {
      "出发地": "厦门",
      "目的地": "昆明",
      "航班类型": "国内航班",
      "航班日期": "2026-01-18",
      "航班代码": "CA5768",
      "价格": "540"
    },
    {
      "出发地": "厦门",
      "目的地": "昆明",
      "航班类型": "国内航班",
      "航班日期": "2026-01-19",
      "航班代码": "KN2120/KN2837",
      "价格": "399"
    },
    {
      "出发地": "厦门",
      "目的地": "昆明",
      "航班类型": "国内航班",
      "航班日期": "2026-01-20",
      "航班代码": "8L9566",
      "价格": "600"
    },
    {
      "出发地": "厦门",
      "目的地": "昆明",
      "航班类型": "国内航班",
      "航班日期": "2026-01-21",
      "航班代码": "KN2120/KN2837",
      "价格": "399"
    },
    {
      "出发地": "厦门",
      "目的地": "昆明",
      "航班类型": "国内航班",
      "航班日期": "2026-01-22",
      "航班代码": "FU6711",
      "价格": "580"
    },
    {
      "出发地": "厦门",
      "目的地": "昆明",
      "航班类型": "国内航班",
      "航班日期": "2026-01-23",
      "航班代码": "CZ9052",
      "价格": "780"
    },
    {
      "出发地": "厦门",
      "目的地": "昆明",
      "航班类型": "国内航班",
      "航班日期": "2026-01-24",
      "航班代码": "KN2120/KN2837",
      "价格": "399"
    },
    {
      "出发地": "厦门",
      "目的地": "昆明",
      "航班类型": "国内航班",
      "航班日期": "2026-01-27",
      "航班代码": "KN2120/KN2837",
      "价格": "399"
    },
    {
      "出发地": "厦门",
      "目的地": "昆明",
      "航班类型": "国内航班",
      "航班日期": "2026-01-31",
      "航班代码": "SC2225/A67150",
      "价格": "909"
    },
    {
      "出发地": "厦门",
      "目的地": "昆明",
      "航班类型": "国内航班",
      "航班日期": "2026-02-01",
      "航班代码": "MF8425",
      "价格": "1170"
    },
    {
      "出发地": "厦门",
      "目的地": "昆明",
      "航班类型": "国内航班",
      "航班日期": "2026-02-09",
      "航班代码": "CZ9052",
      "价格": "1470"
    },
    {
      "出发地": "厦门",
      "目的地": "昆明",
      "航班类型": "国内航班",
      "航班日期": "2026-02-11",
      "航班代码": "MF8579/8L9880",
      "价格": "1785"
    },
    {
      "出发地": "厦门",
      "目的地": "昆明",
      "航班类型": "国内航班",
      "航班日期": "2026-02-12",
      "航班代码": "8L9566",
      "价格": "1660"
    },
    {
      "出发地": "厦门",
      "目的地": "昆明",
      "航班类型": "国内航班",
      "航班日期": "2026-02-13",
      "航班代码": "CZ9052",
      "价格": "1470"
    },
    {
      "出发地": "厦门",
      "目的地": "昆明",
      "航班类型": "国内航班",
      "航班日期": "2026-02-14",
      "航班代码": "CZ9052",
      "价格": "1470"
    },
    {
      "出发地": "厦门",
      "目的地": "昆明",
      "航班类型": "国内航班",
      "航班日期": "2026-02-15",
      "航班代码": "CZ9052",
      "价格": "1470"
    },
    {
      "出发地": "厦门",
      "目的地": "昆明",
      "航班类型": "国内航班",
      "航班日期": "2026-02-16",
      "航班代码": "CZ6940/DR6536",
      "价格": "996"
    },
    {
      "出发地": "厦门",
      "目的地": "昆明",
      "航班类型": "国内航班",
      "航班日期": "2026-02-17",
      "航班代码": "FU6593/A67150",
      "价格": "1259"
    },
    {
      "出发地": "厦门",
      "目的地": "昆明",
      "航班类型": "国内航班",
      "航班日期": "2026-02-18",
      "航班代码": "FU6593/A67150",
      "价格": "1079"
    },
    {
      "出发地": "厦门",
      "目的地": "昆明",
      "航班类型": "国内航班",
      "航班日期": "2026-02-19",
      "航班代码": "MU8004/MU8035",
      "价格": "1330"
    },
    {
      "出发地": "厦门",
      "目的地": "昆明",
      "航班类型": "国内航班",
      "航班日期": "2026-02-25",
      "航班代码": "9C8726/9C8729",
      "价格": "1120"
    },
    {
      "出发地": "厦门",
      "目的地": "昆明",
      "航班类型": "国内航班",
      "航班日期": "2026-02-26",
      "航班代码": "JD5594/A67150",
      "价格": "920"
    },
    {
      "出发地": "厦门",
      "目的地": "昆明",
      "航班类型": "国内航班",
      "航班日期": "2026-03-01",
      "航班代码": "MU5784",
      "价格": "630"
    },
    {
      "出发地": "厦门",
      "目的地": "昆明",
      "航班类型": "国内航班",
      "航班日期": "2026-03-05",
      "航班代码": "MU5784",
      "价格": "630"
    },
    {
      "出发地": "厦门",
      "目的地": "昆明",
      "航班类型": "国内航班",
      "航班日期": "2026-07-09",
      "航班代码": "MU5784",
      "价格": "1285"
    }
  ]
}