{
  "查询条件": {
    "出发地": "厦门",
    "目的地": "杭州"
  },
  "航班数量": 28,
  "航班列表": [
    {
      "出发地": "厦门",
      "目的地": "杭州",
      "航班类型": "国内航班",
      "航班日期": "2025-12-16",
      "航班代码": "CA8228/MU2531",
      "价格": "505"
    },
    {
      "出发地": "厦门",
      "目的地": "杭州",
      "航班类型": "国内航班",
      "航班日期": "2025-12-17",
      "航班代码": "HU7460",
      "价格": "300"
    },
    {
      "出发地": "厦门",
      "目的地": "杭州",
      "航班类型": "国内航班",
      "航班日期": "2025-12-18",
      "航班代码": "MF8595",
      "价格": "420"
    },
    {
      "出发地": "厦门",
      "目的地": "杭州",
      "航班类型": "国内航班",
      "航班日期": "2025-12-19",
      "航班代码": "HU7460",
      "价格": "390"
    },
    {
      "出发地": "厦门",
      "目的地": "杭州",
      "航班类型": "国内航班",
      "航班日期": "2025-12-20",
      "航班代码": "HU7460",
      "价格": "340"
    },
    {
      "出发地": "厦门",
      "目的地": "杭州",
      "航班类型": "国内航班",
      "航班日期": "2025-12-21",
      "航班代码": "HU7460",
      "价格": "430"
    },
    {
      "出发地": "厦门",
      "目的地": "杭州",
      "航班类型": "国内航班",
      "航班日期": "2025-12-22",
      "航班代码": "HU7460",
      "价格": "300"
    },
    {
      "出发地": "厦门",
      "目的地": "杭州",
      "航班类型": "国内航班",
      "航班日期": "2025-12-23",
      "航班代码": "MF8595",
      "价格": "420"
    },
    {
      "出发地": "厦门",
      "目的地": "杭州",
      "航班类型": "国内航班",
      "航班日期": "2025-12-24",
      "航班代码": "HU7460",
      "价格": "370"
    },
    {
      "出发地": "厦门",
      "目的地": "杭州",
      "航班类型": "国内航班",
      "航班日期": "2025-12-25",
      "航班代码": "HU7460",
      "价格": "420"
    },
    {
      "出发地": "厦门",
      "目的地": "杭州",
      "航班类型": "国内航班",
      "航班日期": "2025-12-26",
      "航班代码": "MF8367/CZ8257",
      "价格": "596"
    },
    {
      "出发地": "厦门",
      "目的地": "杭州",
      "航班类型": "国内航班",
      "航班日期": "2025-12-27",
      "航班代码": "HU7460",
      "价格": "350"
    },
    {
      "出发地": "厦门",
      "目的地": "杭州",
      "航班类型": "国内航班",
      "航班日期": "2025-12-28",
      "航班代码": "HU7460",
      "价格": "500"
    },
    {
      "出发地": "厦门",
      "目的地": "杭州",
      "航班类型": "国内航班",
      "航班日期": "2025-12-29",
      "航班代码": "HU7460",
      "价格": "300"
    },
    {
      "出发地": "厦门",
      "目的地": "杭州",
      "航班类型": "国内航班",
      "航班日期": "2025-12-30",
      "航班代码": "CA4633",
      "价格": "400"
    },
    {
      "出发地": "厦门",
      "目的地": "杭州",
      "航班类型": "国内航班",
      "航班日期": "2025-12-31",
      "航班代码": "HO1198/MU6375",
      "价格": "619"
    },
    {
      "出发地": "厦门",
      "目的地": "杭州",
      "航班类型": "国内航班",
      "航班日期": "2026-01-01",
      "航班代码": "HO1112/MU6375",
      "价格": "567"
    },
    {
      "出发地": "厦门",
      "目的地": "杭州",
      "航班类型": "国内航班",
      "航班日期": "2026-01-03",
      "航班代码": "CA4637",
      "价格": "650"
    },
    {
      "出发地": "厦门",
      "目的地": "杭州",
      "航班类型": "国内航班",
      "航班日期": "2026-01-04",
      "航班代码": "HO7312",
      "价格": "490"
    },
    {
      "出发地": "厦门",
      "目的地": "杭州",
      "航班类型": "国内航班",
      "航班日期": "2026-01-05",
      "航班代码": "HU7460",
      "价格": "420"
    },
    {
      "出发地": "厦门",
      "目的地": "杭州",
      "航班类型": "国内航班",
      "航班日期": "2026-01-10",
      "航班代码": "9C8804/MU6375",
      "价格": "546"
    },
    {
      "出发地": "厦门",
      "目的地": "杭州",
      "航班类型": "国内航班",
      "航班日期": "2026-01-13",
      "航班代码": "9C8804/MU6375",
      "价格": "464"
    },
    {
      "出发地": "厦门",
      "目的地": "杭州",
      "航班类型": "国内航班",
      "航班日期": "2026-01-15",
      "航班代码": "9C8838/MU6375",
      "价格": "515"
    },
    {
      "出发地": "厦门",
      "目的地": "杭州",
      "航班类型": "国内航班",
      "航班日期": "2026-01-17",
      "航班代码": "HO7312",
      "价格": "490"
    },
    {
      "出发地": "厦门",
      "目的地": "杭州",
      "航班类型": "国内航班",
      "航班日期": "2026-01-18",
      "航班代码": "FM9264/MU6375",
      "价格": "623"
    },
    {
      "出发地": "厦门",
      "目的地": "杭州",
      "航班类型": "国内航班",
      "航班日期": "2026-06-12",
      "航班代码": "MF8591",
      "价格": "1410"
    },
    {
      "出发地": "厦门",
      "目的地": "杭州",
      "航班类型": "国内航班",
      "航班日期": "2026-06-16",
      "航班代码": "MF8591",
      "价格": "1410"
    },
    {
      "出发地": "厦门",
      "目的地": "杭州",
      "航班类型": "国内航班",
      "航班日期": "2026-06-20",
      "航班代码": "MF8591",
      "价格": "1410"
    }
  ]
}