{
  "查询条件": {
    "出发地": "厦门",
    "目的地": "武汉"
  },
  "航班数量": 29,
  "航班列表": [
    {
      "出发地": "厦门",
      "目的地": "武汉",
      "航班类型": "国内航班",
      "航班日期": "2025-12-16",
      "航班代码": "ZH4706",
      "价格": "270"
    },
    {
      "出发地": "厦门",
      "目的地": "武汉",
      "航班类型": "国内航班",
      "航班日期": "2025-12-17",
      "航班代码": "SC2221",
      "价格": "260"
    },
    {
      "出发地": "厦门",
      "目的地": "武汉",
      "航班类型": "国内航班",
      "航班日期": "2025-12-18",
      "航班代码": "CA8228",
      "价格": "270"
    },
    {
      "出发地": "厦门",
      "目的地": "武汉",
      "航班类型": "国内航班",
      "航班日期": "2025-12-19",
      "航班代码": "9H8430/MU2604",
      "价格": "595"
    },
    {
      "出发地": "厦门",
      "目的地": "武汉",
      "航班类型": "国内航班",
      "航班日期": "2025-12-20",
      "航班代码": "CZ3842",
      "价格": "300"
    },
    {
      "出发地": "厦门",
      "目的地": "武汉",
      "航班类型": "国内航班",
      "航班日期": "2025-12-21",
      "航班代码": "MU5369/MU2614",
      "价格": "540"
    },
    {
      "出发地": "厦门",
      "目的地": "武汉",
      "航班类型": "国内航班",
      "航班日期": "2025-12-22",
      "航班代码": "GS6552/JD5329",
      "价格": "460"
    },
    {
      "出发地": "厦门",
      "目的地": "武汉",
      "航班类型": "国内航班",
      "航班日期": "2025-12-23",
      "航班代码": "PN6488/MU2540",
      "价格": "514"
    },
    {
      "出发地": "厦门",
      "目的地": "武汉",
      "航班类型": "国内航班",
      "航班日期": "2025-12-24",
      "航班代码": "9C8808/MU2504",
      "价格": "491"
    },
    {
      "出发地": "厦门",
      "目的地": "武汉",
      "航班类型": "国内航班",
      "航班日期": "2025-12-25",
      "航班代码": "FM9258/MU2544",
      "价格": "479"
    },
    {
      "出发地": "厦门",
      "目的地": "武汉",
      "航班类型": "国内航班",
      "航班日期": "2025-12-26",
      "航班代码": "9C8816/MU2504",
      "价格": "585"
    },
    {
      "出发地": "厦门",
      "目的地": "武汉",
      "航班类型": "国内航班",
      "航班日期": "2025-12-27",
      "航班代码": "FM9264/MU2554",
      "价格": "527"
    },
    {
      "出发地": "厦门",
      "目的地": "武汉",
      "航班类型": "国内航班",
      "航班日期": "2025-12-28",
      "航班代码": "MU5369/MU2624",
      "价格": "540"
    },
    {
      "出发地": "厦门",
      "目的地": "武汉",
      "航班类型": "国内航班",
      "航班日期": "2025-12-29",
      "航班代码": "MF8039/GJ8101",
      "价格": "527"
    },
    {
      "出发地": "厦门",
      "目的地": "武汉",
      "航班类型": "国内航班",
      "航班日期": "2025-12-30",
      "航班代码": "MU5638/MU2544",
      "价格": "624"
    },
    {
      "出发地": "厦门",
      "目的地": "武汉",
      "航班类型": "国内航班",
      "航班日期": "2025-12-31",
      "航班代码": "MF8039/HU7820",
      "价格": "660"
    },
    {
      "出发地": "厦门",
      "目的地": "武汉",
      "航班类型": "国内航班",
      "航班日期": "2026-01-01",
      "航班代码": "CA8228",
      "价格": "300"
    },
    {
      "出发地": "厦门",
      "目的地": "武汉",
      "航班类型": "国内航班",
      "航班日期": "2026-01-02",
      "航班代码": "TV3089",
      "价格": "350"
    },
    {
      "出发地": "厦门",
      "目的地": "武汉",
      "航班类型": "国内航班",
      "航班日期": "2026-01-03",
      "航班代码": "MF8075/MU2630",
      "价格": "720"
    },
    {
      "出发地": "厦门",
      "目的地": "武汉",
      "航班类型": "国内航班",
      "航班日期": "2026-01-05",
      "航班代码": "NS8367",
      "价格": "350"
    },
    {
      "出发地": "厦门",
      "目的地": "武汉",
      "航班类型": "国内航班",
      "航班日期": "2026-01-06",
      "航班代码": "NS8367",
      "价格": "350"
    },
    {
      "出发地": "厦门",
      "目的地": "武汉",
      "航班类型": "国内航班",
      "航班日期": "2026-01-07",
      "航班代码": "HO7116",
      "价格": "350"
    },
    {
      "出发地": "厦门",
      "目的地": "武汉",
      "航班类型": "国内航班",
      "航班日期": "2026-01-13",
      "航班代码": "NS8367",
      "价格": "350"
    },
    {
      "出发地": "厦门",
      "目的地": "武汉",
      "航班类型": "国内航班",
      "航班日期": "2026-01-26",
      "航班代码": "CA8228",
      "价格": "300"
    },
    {
      "出发地": "厦门",
      "目的地": "武汉",
      "航班类型": "国内航班",
      "航班日期": "2026-01-27",
      "航班代码": "ZH4706",
      "价格": "300"
    },
    {
      "出发地": "厦门",
      "目的地": "武汉",
      "航班类型": "国内航班",
      "航班日期": "2026-02-01",
      "航班代码": "G56788",
      "价格": "450"
    },
    {
      "出发地": "厦门",
      "目的地": "武汉",
      "航班类型": "国内航班",
      "航班日期": "2026-02-03",
      "航班代码": "G59289",
      "价格": "410"
    },
    {
      "出发地": "厦门",
      "目的地": "武汉",
      "航班类型": "国内航班",
      "航班日期": "2026-02-15",
      "航班代码": "MF3236",
      "价格": "990"
    },
    {
      "出发地": "厦门",
      "目的地": "武汉",
      "航班类型": "国内航班",
      "航班日期": "2026-02-24",
      "航班代码": "ZH4706",
      "价格": "990"
    }
  ]
}