{
  "查询条件": {
    "出发地": "厦门",
    "目的地": "长沙"
  },
  "航班数量": 39,
  "航班列表": [
    {
      "出发地": "厦门",
      "目的地": "长沙",
      "航班类型": "国内航班",
      "航班日期": "2025-12-16",
      "航班代码": "GS7680/JD5509",
      "价格": "430"
    },
    {
      "出发地": "厦门",
      "目的地": "长沙",
      "航班类型": "国内航班",
      "航班日期": "2025-12-17",
      "航班代码": "ZH2585",
      "价格": "230"
    },
    {
      "出发地": "厦门",
      "目的地": "长沙",
      "航班类型": "国内航班",
      "航班日期": "2025-12-18",
      "航班代码": "KN2120/KN2809",
      "价格": "399"
    },
    {
      "出发地": "厦门",
      "目的地": "长沙",
      "航班类型": "国内航班",
      "航班日期": "2025-12-19",
      "航班代码": "GS7634/JD5509",
      "价格": "470"
    },
    {
      "出发地": "厦门",
      "目的地": "长沙",
      "航班类型": "国内航班",
      "航班日期": "2025-12-20",
      "航班代码": "HU7048/HU7317",
      "价格": "490"
    },
    {
      "出发地": "厦门",
      "目的地": "长沙",
      "航班类型": "国内航班",
      "航班日期": "2025-12-21",
      "航班代码": "GS7634/JD5509",
      "价格": "480"
    },
    {
      "出发地": "厦门",
      "目的地": "长沙",
      "航班类型": "国内航班",
      "航班日期": "2025-12-22",
      "航班代码": "KN2120/KN2809",
      "价格": "399"
    },
    {
      "出发地": "厦门",
      "目的地": "长沙",
      "航班类型": "国内航班",
      "航班日期": "2025-12-23",
      "航班代码": "KN2120/KN2809",
      "价格": "400"
    },
    {
      "出发地": "厦门",
      "目的地": "长沙",
      "航班类型": "国内航班",
      "航班日期": "2025-12-24",
      "航班代码": "KN2120/KN2809",
      "价格": "399"
    },
    {
      "出发地": "厦门",
      "目的地": "长沙",
      "航班类型": "国内航班",
      "航班日期": "2025-12-25",
      "航班代码": "KN2120/KN2809",
      "价格": "400"
    },
    {
      "出发地": "厦门",
      "目的地": "长沙",
      "航班类型": "国内航班",
      "航班日期": "2025-12-26",
      "航班代码": "GS7432/GX7898",
      "价格": "470"
    },
    {
      "出发地": "厦门",
      "目的地": "长沙",
      "航班类型": "国内航班",
      "航班日期": "2025-12-27",
      "航班代码": "MU5638/MU8473",
      "价格": "500"
    },
    {
      "出发地": "厦门",
      "目的地": "长沙",
      "航班类型": "国内航班",
      "航班日期": "2025-12-28",
      "航班代码": "MF8039/HO2262",
      "价格": "531"
    },
    {
      "出发地": "厦门",
      "目的地": "长沙",
      "航班类型": "国内航班",
      "航班日期": "2025-12-29",
      "航班代码": "GS6552/HU7217",
      "价格": "510"
    },
    {
      "出发地": "厦门",
      "目的地": "长沙",
      "航班类型": "国内航班",
      "航班日期": "2025-12-30",
      "航班代码": "CZ3724/CZ3388",
      "价格": "620"
    },
    {
      "出发地": "厦门",
      "目的地": "长沙",
      "航班类型": "国内航班",
      "航班日期": "2025-12-31",
      "航班代码": "KN2120/KN2809",
      "价格": "396"
    },
    {
      "出发地": "厦门",
      "目的地": "长沙",
      "航班类型": "国内航班",
      "航班日期": "2026-01-01",
      "航班代码": "BK2714",
      "价格": "390"
    },
    {
      "出发地": "厦门",
      "目的地": "长沙",
      "航班类型": "国内航班",
      "航班日期": "2026-01-03",
      "航班代码": "MU2820/MU2957",
      "价格": "590"
    },
    {
      "出发地": "厦门",
      "目的地": "长沙",
      "航班类型": "国内航班",
      "航班日期": "2026-01-11",
      "航班代码": "FU6593",
      "价格": "410"
    },
    {
      "出发地": "厦门",
      "目的地": "长沙",
      "航班类型": "国内航班",
      "航班日期": "2026-01-31",
      "航班代码": "KN2120/KN2809",
      "价格": "399"
    },
    {
      "出发地": "厦门",
      "目的地": "长沙",
      "航班类型": "国内航班",
      "航班日期": "2026-02-01",
      "航班代码": "FU6593",
      "价格": "720"
    },
    {
      "出发地": "厦门",
      "目的地": "长沙",
      "航班类型": "国内航班",
      "航班日期": "2026-02-04",
      "航班代码": "HU5046",
      "价格": "530"
    },
    {
      "出发地": "厦门",
      "目的地": "长沙",
      "航班类型": "国内航班",
      "航班日期": "2026-02-05",
      "航班代码": "HU5046",
      "价格": "630"
    },
    {
      "出发地": "厦门",
      "目的地": "长沙",
      "航班类型": "国内航班",
      "航班日期": "2026-02-10",
      "航班代码": "FM9264/FM9390",
      "价格": "838"
    },
    {
      "出发地": "厦门",
      "目的地": "长沙",
      "航班类型": "国内航班",
      "航班日期": "2026-02-11",
      "航班代码": "FU6593",
      "价格": "910"
    },
    {
      "出发地": "厦门",
      "目的地": "长沙",
      "航班类型": "国内航班",
      "航班日期": "2026-02-12",
      "航班代码": "ZH2585",
      "价格": "1190"
    },
    {
      "出发地": "厦门",
      "目的地": "长沙",
      "航班类型": "国内航班",
      "航班日期": "2026-02-13",
      "航班代码": "FU6593",
      "价格": "1150"
    },
    {
      "出发地": "厦门",
      "目的地": "长沙",
      "航班类型": "国内航班",
      "航班日期": "2026-02-14",
      "航班代码": "FM9262/FM9390",
      "价格": "838"
    },
    {
      "出发地": "厦门",
      "目的地": "长沙",
      "航班类型": "国内航班",
      "航班日期": "2026-02-15",
      "航班代码": "MU5638/MU8469",
      "价格": "740"
    },
    {
      "出发地": "厦门",
      "目的地": "长沙",
      "航班类型": "国内航班",
      "航班日期": "2026-02-16",
      "航班代码": "9C8804/CZ3970",
      "价格": "646"
    },
    {
      "出发地": "厦门",
      "目的地": "长沙",
      "航班类型": "国内航班",
      "航班日期": "2026-02-20",
      "航班代码": "HU5046",
      "价格": "630"
    },
    {
      "出发地": "厦门",
      "目的地": "长沙",
      "航班类型": "国内航班",
      "航班日期": "2026-02-26",
      "航班代码": "FU6593",
      "价格": "910"
    },
    {
      "出发地": "厦门",
      "目的地": "长沙",
      "航班类型": "国内航班",
      "航班日期": "2026-03-12",
      "航班代码": "3U2447",
      "价格": "450"
    },
    {
      "出发地": "厦门",
      "目的地": "长沙",
      "航班类型": "国内航班",
      "航班日期": "2026-03-25",
      "航班代码": "KN2120/KN2809",
      "价格": "399"
    },
    {
      "出发地": "厦门",
      "目的地": "长沙",
      "航班类型": "国内航班",
      "航班日期": "2026-03-27",
      "航班代码": "KN2120/KN2809",
      "价格": "399"
    },
    {
      "出发地": "厦门",
      "目的地": "长沙",
      "航班类型": "国内航班",
      "航班日期": "2026-03-28",
      "航班代码": "3U2447",
      "价格": "450"
    },
    {
      "出发地": "厦门",
      "目的地": "长沙",
      "航班类型": "国内航班",
      "航班日期": "2026-03-30",
      "航班代码": "MF8837",
      "价格": "820"
    },
    {
      "出发地": "厦门",
      "目的地": "长沙",
      "航班类型": "国内航班",
      "航班日期": "2026-04-01",
      "航班代码": "CZ2030",
      "价格": "1380"
    },
    {
      "出发地": "厦门",
      "目的地": "长沙",
      "航班类型": "国内航班",
      "航班日期": "2026-04-08",
      "航班代码": "CZ2030",
      "价格": "1380"
    }
  ]
}