{
  "查询条件": {
    "出发地": "厦门",
    "目的地": "郑州"
  },
  "航班数量": 35,
  "航班列表": [
    {
      "出发地": "厦门",
      "目的地": "郑州",
      "航班类型": "国内航班",
      "航班日期": "2025-12-16",
      "航班代码": "G51790O",
      "价格": "450"
    },
    {
      "出发地": "厦门",
      "目的地": "郑州",
      "航班类型": "国内航班",
      "航班日期": "2025-12-17",
      "航班代码": "FU6675",
      "价格": "422"
    },
    {
      "出发地": "厦门",
      "目的地": "郑州",
      "航班类型": "国内航班",
      "航班日期": "2025-12-18",
      "航班代码": "RY8978",
      "价格": "420"
    },
    {
      "出发地": "厦门",
      "目的地": "郑州",
      "航班类型": "国内航班",
      "航班日期": "2025-12-19",
      "航班代码": "HU7460/HU7405",
      "价格": "529"
    },
    {
      "出发地": "厦门",
      "目的地": "郑州",
      "航班类型": "国内航班",
      "航班日期": "2025-12-20",
      "航班代码": "SC2269",
      "价格": "400"
    },
    {
      "出发地": "厦门",
      "目的地": "郑州",
      "航班类型": "国内航班",
      "航班日期": "2025-12-21",
      "航班代码": "SC4782/SC4877",
      "价格": "500"
    },
    {
      "出发地": "厦门",
      "目的地": "郑州",
      "航班类型": "国内航班",
      "航班日期": "2025-12-22",
      "航班代码": "FM9258/FM9323",
      "价格": "470"
    },
    {
      "出发地": "厦门",
      "目的地": "郑州",
      "航班类型": "国内航班",
      "航班日期": "2025-12-23",
      "航班代码": "HU7460/HU7405",
      "价格": "459"
    },
    {
      "出发地": "厦门",
      "目的地": "郑州",
      "航班类型": "国内航班",
      "航班日期": "2025-12-24",
      "航班代码": "FM9258/FM9323",
      "价格": "476"
    },
    {
      "出发地": "厦门",
      "目的地": "郑州",
      "航班类型": "国内航班",
      "航班日期": "2025-12-25",
      "航班代码": "RY8978",
      "价格": "370"
    },
    {
      "出发地": "厦门",
      "目的地": "郑州",
      "航班类型": "国内航班",
      "航班日期": "2025-12-26",
      "航班代码": "HU7460/HU7405",
      "价格": "530"
    },
    {
      "出发地": "厦门",
      "目的地": "郑州",
      "航班类型": "国内航班",
      "航班日期": "2025-12-27",
      "航班代码": "3U6952/3U6731",
      "价格": "499"
    },
    {
      "出发地": "厦门",
      "目的地": "郑州",
      "航班类型": "国内航班",
      "航班日期": "2025-12-28",
      "航班代码": "CA4699",
      "价格": "400"
    },
    {
      "出发地": "厦门",
      "目的地": "郑州",
      "航班类型": "国内航班",
      "航班日期": "2025-12-29",
      "航班代码": "CA1802/CA1913",
      "价格": "549"
    },
    {
      "出发地": "厦门",
      "目的地": "郑州",
      "航班类型": "国内航班",
      "航班日期": "2025-12-30",
      "航班代码": "MU5642/MU5367",
      "价格": "590"
    },
    {
      "出发地": "厦门",
      "目的地": "郑州",
      "航班类型": "国内航班",
      "航班日期": "2025-12-31",
      "航班代码": "G59169",
      "价格": "570"
    },
    {
      "出发地": "厦门",
      "目的地": "郑州",
      "航班类型": "国内航班",
      "航班日期": "2026-01-01",
      "航班代码": "PN6234",
      "价格": "388"
    },
    {
      "出发地": "厦门",
      "目的地": "郑州",
      "航班类型": "国内航班",
      "航班日期": "2026-01-02",
      "航班代码": "FM9258/FM9323",
      "价格": "594"
    },
    {
      "出发地": "厦门",
      "目的地": "郑州",
      "航班类型": "国内航班",
      "航班日期": "2026-01-03",
      "航班代码": "MU5642/MU5367",
      "价格": "590"
    },
    {
      "出发地": "厦门",
      "目的地": "郑州",
      "航班类型": "国内航班",
      "航班日期": "2026-01-06",
      "航班代码": "PN6234",
      "价格": "420"
    },
    {
      "出发地": "厦门",
      "目的地": "郑州",
      "航班类型": "国内航班",
      "航班日期": "2026-01-10",
      "航班代码": "PN6234",
      "价格": "420"
    },
    {
      "出发地": "厦门",
      "目的地": "郑州",
      "航班类型": "国内航班",
      "航班日期": "2026-01-12",
      "航班代码": "PN6234",
      "价格": "450"
    },
    {
      "出发地": "厦门",
      "目的地": "郑州",
      "航班类型": "国内航班",
      "航班日期": "2026-01-18",
      "航班代码": "TV3129",
      "价格": "350"
    },
    {
      "出发地": "厦门",
      "目的地": "郑州",
      "航班类型": "国内航班",
      "航班日期": "2026-01-19",
      "航班代码": "TV3129",
      "价格": "350"
    },
    {
      "出发地": "厦门",
      "目的地": "郑州",
      "航班类型": "国内航班",
      "航班日期": "2026-02-01",
      "航班代码": "G59169",
      "价格": "700"
    },
    {
      "出发地": "厦门",
      "目的地": "郑州",
      "航班类型": "国内航班",
      "航班日期": "2026-02-06",
      "航班代码": "FM9258/FM9323",
      "价格": "1075"
    },
    {
      "出发地": "厦门",
      "目的地": "郑州",
      "航班类型": "国内航班",
      "航班日期": "2026-02-09",
      "航班代码": "MF4788",
      "价格": "1360"
    },
    {
      "出发地": "厦门",
      "目的地": "郑州",
      "航班类型": "国内航班",
      "航班日期": "2026-02-11",
      "航班代码": "MF4788",
      "价格": "1360"
    },
    {
      "出发地": "厦门",
      "目的地": "郑州",
      "航班类型": "国内航班",
      "航班日期": "2026-02-12",
      "航班代码": "MF7547",
      "价格": "1360"
    },
    {
      "出发地": "厦门",
      "目的地": "郑州",
      "航班类型": "国内航班",
      "航班日期": "2026-02-13",
      "航班代码": "MF4788",
      "价格": "1360"
    },
    {
      "出发地": "厦门",
      "目的地": "郑州",
      "航班类型": "国内航班",
      "航班日期": "2026-02-16",
      "航班代码": "PN6234",
      "价格": "720"
    },
    {
      "出发地": "厦门",
      "目的地": "郑州",
      "航班类型": "国内航班",
      "航班日期": "2026-02-17",
      "航班代码": "PN6234",
      "价格": "720"
    },
    {
      "出发地": "厦门",
      "目的地": "郑州",
      "航班类型": "国内航班",
      "航班日期": "2026-02-18",
      "航班代码": "PN6234",
      "价格": "800"
    },
    {
      "出发地": "厦门",
      "目的地": "郑州",
      "航班类型": "国内航班",
      "航班日期": "2026-02-21",
      "航班代码": "MF8579/UQ3586",
      "价格": "1187"
    },
    {
      "出发地": "厦门",
      "目的地": "郑州",
      "航班类型": "国内航班",
      "航班日期": "2026-02-25",
      "航班代码": "PN6234",
      "价格": "1022"
    }
  ]
}