{
  "查询条件": {
    "出发地": "厦门",
    "目的地": "哈尔滨"
  },
  "航班数量": 73,
  "航班列表": [
    {
      "出发地": "厦门",
      "目的地": "哈尔滨",
      "航班类型": "国内航班",
      "航班日期": "2025-12-16",
      "航班代码": "CZ8966/CZ6204",
      "价格": "450"
    },
    {
      "出发地": "厦门",
      "目的地": "哈尔滨",
      "航班类型": "国内航班",
      "航班日期": "2025-12-17",
      "航班代码": "CZ8878/CZ8964",
      "价格": "350"
    },
    {
      "出发地": "厦门",
      "目的地": "哈尔滨",
      "航班类型": "国内航班",
      "航班日期": "2025-12-18",
      "航班代码": "CZ8878/CZ6202",
      "价格": "350"
    },
    {
      "出发地": "厦门",
      "目的地": "哈尔滨",
      "航班类型": "国内航班",
      "航班日期": "2025-12-19",
      "航班代码": "CA4282/CA2717",
      "价格": "699"
    },
    {
      "出发地": "厦门",
      "目的地": "哈尔滨",
      "航班类型": "国内航班",
      "航班日期": "2025-12-20",
      "航班代码": "SC2155/SC5189",
      "价格": "500"
    },
    {
      "出发地": "厦门",
      "目的地": "哈尔滨",
      "航班类型": "国内航班",
      "航班日期": "2025-12-21",
      "航班代码": "9C8976/9C8673",
      "价格": "807"
    },
    {
      "出发地": "厦门",
      "目的地": "哈尔滨",
      "航班类型": "国内航班",
      "航班日期": "2025-12-22",
      "航班代码": "CA4282/CA2717",
      "价格": "700"
    },
    {
      "出发地": "厦门",
      "目的地": "哈尔滨",
      "航班类型": "国内航班",
      "航班日期": "2025-12-23",
      "航班代码": "HU7192/HU7129",
      "价格": "660"
    },
    {
      "出发地": "厦门",
      "目的地": "哈尔滨",
      "航班类型": "国内航班",
      "航班日期": "2025-12-24",
      "航班代码": "JD5216/QW9881",
      "价格": "790"
    },
    {
      "出发地": "厦门",
      "目的地": "哈尔滨",
      "航班类型": "国内航班",
      "航班日期": "2025-12-25",
      "航班代码": "9C8976/9C8673",
      "价格": "860"
    },
    {
      "出发地": "厦门",
      "目的地": "哈尔滨",
      "航班类型": "国内航班",
      "航班日期": "2025-12-26",
      "航班代码": "9C8976/9C8761",
      "价格": "965"
    },
    {
      "出发地": "厦门",
      "目的地": "哈尔滨",
      "航班类型": "国内航班",
      "航班日期": "2025-12-27",
      "航班代码": "JD5216/QW9869",
      "价格": "779"
    },
    {
      "出发地": "厦门",
      "目的地": "哈尔滨",
      "航班类型": "国内航班",
      "航班日期": "2025-12-28",
      "航班代码": "JD5216/QW9869",
      "价格": "819"
    },
    {
      "出发地": "厦门",
      "目的地": "哈尔滨",
      "航班类型": "国内航班",
      "航班日期": "2025-12-29",
      "航班代码": "MU5369/MU5388",
      "价格": "740"
    },
    {
      "出发地": "厦门",
      "目的地": "哈尔滨",
      "航班类型": "国内航班",
      "航班日期": "2025-12-30",
      "航班代码": "ZH9756",
      "价格": "890"
    },
    {
      "出发地": "厦门",
      "目的地": "哈尔滨",
      "航班类型": "国内航班",
      "航班日期": "2025-12-31",
      "航班代码": "SC8402/SC8437",
      "价格": "1089"
    },
    {
      "出发地": "厦门",
      "目的地": "哈尔滨",
      "航班类型": "国内航班",
      "航班日期": "2026-01-01",
      "航班代码": "SC5386/SC5392",
      "价格": "500"
    },
    {
      "出发地": "厦门",
      "目的地": "哈尔滨",
      "航班类型": "国内航班",
      "航班日期": "2026-01-02",
      "航班代码": "CA1812/CA1689",
      "价格": "650"
    },
    {
      "出发地": "厦门",
      "目的地": "哈尔滨",
      "航班类型": "国内航班",
      "航班日期": "2026-01-03",
      "航班代码": "SC8406/SC8435",
      "价格": "579"
    },
    {
      "出发地": "厦门",
      "目的地": "哈尔滨",
      "航班类型": "国内航班",
      "航班日期": "2026-01-04",
      "航班代码": "MF8075/GJ8103",
      "价格": "809"
    },
    {
      "出发地": "厦门",
      "目的地": "哈尔滨",
      "航班类型": "国内航班",
      "航班日期": "2026-01-05",
      "航班代码": "MU2880/3U3328",
      "价格": "808"
    },
    {
      "出发地": "厦门",
      "目的地": "哈尔滨",
      "航班类型": "国内航班",
      "航班日期": "2026-01-06",
      "航班代码": "MF8595/HO1913",
      "价格": "769"
    },
    {
      "出发地": "厦门",
      "目的地": "哈尔滨",
      "航班类型": "国内航班",
      "航班日期": "2026-01-07",
      "航班代码": "9C8816/9C8869",
      "价格": "934"
    },
    {
      "出发地": "厦门",
      "目的地": "哈尔滨",
      "航班类型": "国内航班",
      "航班日期": "2026-01-08",
      "航班代码": "9C8726/ZH9756",
      "价格": "827"
    },
    {
      "出发地": "厦门",
      "目的地": "哈尔滨",
      "航班类型": "国内航班",
      "航班日期": "2026-01-09",
      "航班代码": "SC8408/JD5323",
      "价格": "819"
    },
    {
      "出发地": "厦门",
      "目的地": "哈尔滨",
      "航班类型": "国内航班",
      "航班日期": "2026-01-10",
      "航班代码": "9C7252/9C8943",
      "价格": "716"
    },
    {
      "出发地": "厦门",
      "目的地": "哈尔滨",
      "航班类型": "国内航班",
      "航班日期": "2026-01-11",
      "航班代码": "9C8726/9C8943",
      "价格": "767"
    },
    {
      "出发地": "厦门",
      "目的地": "哈尔滨",
      "航班类型": "国内航班",
      "航班日期": "2026-01-12",
      "航班代码": "SC4790/SC4745",
      "价格": "529"
    },
    {
      "出发地": "厦门",
      "目的地": "哈尔滨",
      "航班类型": "国内航班",
      "航班日期": "2026-01-13",
      "航班代码": "MU5169/MU5490",
      "价格": "2258"
    },
    {
      "出发地": "厦门",
      "目的地": "哈尔滨",
      "航班类型": "国内航班",
      "航班日期": "2026-01-14",
      "航班代码": "9C7252/9C8943",
      "价格": "956"
    },
    {
      "出发地": "厦门",
      "目的地": "哈尔滨",
      "航班类型": "国内航班",
      "航班日期": "2026-01-15",
      "航班代码": "MF8571/JD5323",
      "价格": "869"
    },
    {
      "出发地": "厦门",
      "目的地": "哈尔滨",
      "航班类型": "国内航班",
      "航班日期": "2026-01-16",
      "航班代码": "9C8726/9C8943",
      "价格": "928"
    },
    {
      "出发地": "厦门",
      "目的地": "哈尔滨",
      "航班类型": "国内航班",
      "航班日期": "2026-01-17",
      "航班代码": "9C8804/HO1181",
      "价格": "1096"
    },
    {
      "出发地": "厦门",
      "目的地": "哈尔滨",
      "航班类型": "国内航班",
      "航班日期": "2026-01-18",
      "航班代码": "9C8726/ZH9756",
      "价格": "876"
    },
    {
      "出发地": "厦门",
      "目的地": "哈尔滨",
      "航班类型": "国内航班",
      "航班日期": "2026-01-19",
      "航班代码": "9C7252/9C8943",
      "价格": "889"
    },
    {
      "出发地": "厦门",
      "目的地": "哈尔滨",
      "航班类型": "国内航班",
      "航班日期": "2026-01-20",
      "航班代码": "9C8726/ZH9756",
      "价格": "827"
    },
    {
      "出发地": "厦门",
      "目的地": "哈尔滨",
      "航班类型": "国内航班",
      "航班日期": "2026-01-21",
      "航班代码": "9C7252/9C8943",
      "价格": "923"
    },
    {
      "出发地": "厦门",
      "目的地": "哈尔滨",
      "航班类型": "国内航班",
      "航班日期": "2026-01-22",
      "航班代码": "SC7646/SC7911",
      "价格": "900"
    },
    {
      "出发地": "厦门",
      "目的地": "哈尔滨",
      "航班类型": "国内航班",
      "航班日期": "2026-01-23",
      "航班代码": "SC8408/SC8437",
      "价格": "1060"
    },
    {
      "出发地": "厦门",
      "目的地": "哈尔滨",
      "航班类型": "国内航班",
      "航班日期": "2026-01-24",
      "航班代码": "9C8726/ZH9756",
      "价格": "926"
    },
    {
      "出发地": "厦门",
      "目的地": "哈尔滨",
      "航班类型": "国内航班",
      "航班日期": "2026-01-25",
      "航班代码": "9C8726/ZH9756",
      "价格": "926"
    },
    {
      "出发地": "厦门",
      "目的地": "哈尔滨",
      "航班类型": "国内航班",
      "航班日期": "2026-01-26",
      "航班代码": "9C8976/KN2325",
      "价格": "1045"
    },
    {
      "出发地": "厦门",
      "目的地": "哈尔滨",
      "航班类型": "国内航班",
      "航班日期": "2026-01-27",
      "航班代码": "SC8408/SC8437",
      "价格": "1060"
    },
    {
      "出发地": "厦门",
      "目的地": "哈尔滨",
      "航班类型": "国内航班",
      "航班日期": "2026-01-28",
      "航班代码": "SC8408/SC8437",
      "价格": "1060"
    },
    {
      "出发地": "厦门",
      "目的地": "哈尔滨",
      "航班类型": "国内航班",
      "航班日期": "2026-01-29",
      "航班代码": "MU5369/MU5388",
      "价格": "1106"
    },
    {
      "出发地": "厦门",
      "目的地": "哈尔滨",
      "航班类型": "国内航班",
      "航班日期": "2026-01-30",
      "航班代码": "SC8408/SC8435",
      "价格": "1230"
    },
    {
      "出发地": "厦门",
      "目的地": "哈尔滨",
      "航班类型": "国内航班",
      "航班日期": "2026-01-31",
      "航班代码": "SC8412/SC8435",
      "价格": "1350"
    },
    {
      "出发地": "厦门",
      "目的地": "哈尔滨",
      "航班类型": "国内航班",
      "航班日期": "2026-02-01",
      "航班代码": "9C7026/GJ8979",
      "价格": "1531"
    },
    {
      "出发地": "厦门",
      "目的地": "哈尔滨",
      "航班类型": "国内航班",
      "航班日期": "2026-02-02",
      "航班代码": "CZ8966/CZ6202",
      "价格": "1564"
    },
    {
      "出发地": "厦门",
      "目的地": "哈尔滨",
      "航班类型": "国内航班",
      "航班日期": "2026-02-03",
      "航班代码": "MF8535/SC4854",
      "价格": "1528"
    },
    {
      "出发地": "厦门",
      "目的地": "哈尔滨",
      "航班类型": "国内航班",
      "航班日期": "2026-02-04",
      "航班代码": "9C7252/9C8943",
      "价格": "1834"
    },
    {
      "出发地": "厦门",
      "目的地": "哈尔滨",
      "航班类型": "国内航班",
      "航班日期": "2026-02-05",
      "航班代码": "9C8976/9C8673",
      "价格": "1707"
    },
    {
      "出发地": "厦门",
      "目的地": "哈尔滨",
      "航班类型": "国内航班",
      "航班日期": "2026-02-06",
      "航班代码": "MU6391/MU5490",
      "价格": "2368"
    },
    {
      "出发地": "厦门",
      "目的地": "哈尔滨",
      "航班类型": "国内航班",
      "航班日期": "2026-02-07",
      "航班代码": "9C8976/9C8673",
      "价格": "1948"
    },
    {
      "出发地": "厦门",
      "目的地": "哈尔滨",
      "航班类型": "国内航班",
      "航班日期": "2026-02-08",
      "航班代码": "9C8976/9C8673",
      "价格": "1796"
    },
    {
      "出发地": "厦门",
      "目的地": "哈尔滨",
      "航班类型": "国内航班",
      "航班日期": "2026-02-09",
      "航班代码": "9C8976/9C8761",
      "价格": "2036"
    },
    {
      "出发地": "厦门",
      "目的地": "哈尔滨",
      "航班类型": "国内航班",
      "航班日期": "2026-02-10",
      "航班代码": "JD5216/CZ6169",
      "价格": "2010"
    },
    {
      "出发地": "厦门",
      "目的地": "哈尔滨",
      "航班类型": "国内航班",
      "航班日期": "2026-02-11",
      "航班代码": "MU6391/MU5490",
      "价格": "2367"
    },
    {
      "出发地": "厦门",
      "目的地": "哈尔滨",
      "航班类型": "国内航班",
      "航班日期": "2026-02-12",
      "航班代码": "MU2940/3U3322",
      "价格": "2095"
    },
    {
      "出发地": "厦门",
      "目的地": "哈尔滨",
      "航班类型": "国内航班",
      "航班日期": "2026-02-13",
      "航班代码": "9C8726/ZH9756",
      "价格": "2246"
    },
    {
      "出发地": "厦门",
      "目的地": "哈尔滨",
      "航班类型": "国内航班",
      "航班日期": "2026-02-14",
      "航班代码": "9C8976/9C8673",
      "价格": "2237"
    },
    {
      "出发地": "厦门",
      "目的地": "哈尔滨",
      "航班类型": "国内航班",
      "航班日期": "2026-02-15",
      "航班代码": "CZ8966/CZ6202",
      "价格": "1500"
    },
    {
      "出发地": "厦门",
      "目的地": "哈尔滨",
      "航班类型": "国内航班",
      "航班日期": "2026-02-16",
      "航班代码": "9C8816/HO1181",
      "价格": "1688"
    },
    {
      "出发地": "厦门",
      "目的地": "哈尔滨",
      "航班类型": "国内航班",
      "航班日期": "2026-02-17",
      "航班代码": "CZ6940/HU7594",
      "价格": "1476"
    },
    {
      "出发地": "厦门",
      "目的地": "哈尔滨",
      "航班类型": "国内航班",
      "航班日期": "2026-02-18",
      "航班代码": "MU5638/Y87507",
      "价格": "1523"
    },
    {
      "出发地": "厦门",
      "目的地": "哈尔滨",
      "航班类型": "国内航班",
      "航班日期": "2026-02-19",
      "航班代码": "CZ6940/HU7594",
      "价格": "1578"
    },
    {
      "出发地": "厦门",
      "目的地": "哈尔滨",
      "航班类型": "国内航班",
      "航班日期": "2026-02-20",
      "航班代码": "MF8075/9C7655",
      "价格": "2181"
    },
    {
      "出发地": "厦门",
      "目的地": "哈尔滨",
      "航班类型": "国内航班",
      "航班日期": "2026-02-21",
      "航班代码": "MU5369/MU5388",
      "价格": "2367"
    },
    {
      "出发地": "厦门",
      "目的地": "哈尔滨",
      "航班类型": "国内航班",
      "航班日期": "2026-02-22",
      "航班代码": "MU5369/MU5388",
      "价格": "2365"
    },
    {
      "出发地": "厦门",
      "目的地": "哈尔滨",
      "航班类型": "国内航班",
      "航班日期": "2026-02-23",
      "航班代码": "MF8075/9C8681",
      "价格": "1729"
    },
    {
      "出发地": "厦门",
      "目的地": "哈尔滨",
      "航班类型": "国内航班",
      "航班日期": "2026-02-24",
      "航班代码": "9C8804/CZ6210",
      "价格": "1687"
    },
    {
      "出发地": "厦门",
      "目的地": "哈尔滨",
      "航班类型": "国内航班",
      "航班日期": "2026-04-14",
      "航班代码": "9C8976/9C8673",
      "价格": "700"
    },
    {
      "出发地": "厦门",
      "目的地": "哈尔滨",
      "航班类型": "国内航班",
      "航班日期": "2026-06-19",
      "航班代码": "9C8976/9C8673",
      "价格": "760"
    }
  ]
}