{
  "查询条件": {
    "出发地": "厦门",
    "目的地": "广州"
  },
  "航班数量": 25,
  "航班列表": [
    {
      "出发地": "厦门",
      "目的地": "广州",
      "航班类型": "国内航班",
      "航班日期": "2025-12-16",
      "航班代码": "CA8228/MU2542",
      "价格": "475"
    },
    {
      "出发地": "厦门",
      "目的地": "广州",
      "航班类型": "国内航班",
      "航班日期": "2025-12-17",
      "航班代码": "CZ3806",
      "价格": "300"
    },
    {
      "出发地": "厦门",
      "目的地": "广州",
      "航班类型": "国内航班",
      "航班日期": "2025-12-18",
      "航班代码": "CZ3742",
      "价格": "350"
    },
    {
      "出发地": "厦门",
      "目的地": "广州",
      "航班类型": "国内航班",
      "航班日期": "2025-12-19",
      "航班代码": "CZ3880",
      "价格": "450"
    },
    {
      "出发地": "厦门",
      "目的地": "广州",
      "航班类型": "国内航班",
      "航班日期": "2025-12-20",
      "航班代码": "CZ3806",
      "价格": "280"
    },
    {
      "出发地": "厦门",
      "目的地": "广州",
      "航班类型": "国内航班",
      "航班日期": "2025-12-21",
      "航班代码": "CZ3724",
      "价格": "300"
    },
    {
      "出发地": "厦门",
      "目的地": "广州",
      "航班类型": "国内航班",
      "航班日期": "2025-12-22",
      "航班代码": "CZ3806",
      "价格": "280"
    },
    {
      "出发地": "厦门",
      "目的地": "广州",
      "航班类型": "国内航班",
      "航班日期": "2025-12-23",
      "航班代码": "CZ3806",
      "价格": "280"
    },
    {
      "出发地": "厦门",
      "目的地": "广州",
      "航班类型": "国内航班",
      "航班日期": "2025-12-24",
      "航班代码": "CZ3724",
      "价格": "300"
    },
    {
      "出发地": "厦门",
      "目的地": "广州",
      "航班类型": "国内航班",
      "航班日期": "2025-12-25",
      "航班代码": "CZ3806",
      "价格": "300"
    },
    {
      "出发地": "厦门",
      "目的地": "广州",
      "航班类型": "国内航班",
      "航班日期": "2025-12-26",
      "航班代码": "CZ3724",
      "价格": "320"
    },
    {
      "出发地": "厦门",
      "目的地": "广州",
      "航班类型": "国内航班",
      "航班日期": "2025-12-27",
      "航班代码": "CZ3806",
      "价格": "280"
    },
    {
      "出发地": "厦门",
      "目的地": "广州",
      "航班类型": "国内航班",
      "航班日期": "2025-12-28",
      "航班代码": "CZ3724",
      "价格": "300"
    },
    {
      "出发地": "厦门",
      "目的地": "广州",
      "航班类型": "国内航班",
      "航班日期": "2025-12-29",
      "航班代码": "CZ3806",
      "价格": "280"
    },
    {
      "出发地": "厦门",
      "目的地": "广州",
      "航班类型": "国内航班",
      "航班日期": "2025-12-30",
      "航班代码": "CZ3724",
      "价格": "320"
    },
    {
      "出发地": "厦门",
      "目的地": "广州",
      "航班类型": "国内航班",
      "航班日期": "2025-12-31",
      "航班代码": "MU2940/MU2947",
      "价格": "690"
    },
    {
      "出发地": "厦门",
      "目的地": "广州",
      "航班类型": "国内航班",
      "航班日期": "2026-01-01",
      "航班代码": "CA8228/MU2542",
      "价格": "622"
    },
    {
      "出发地": "厦门",
      "目的地": "广州",
      "航班类型": "国内航班",
      "航班日期": "2026-01-02",
      "航班代码": "MF8039/AQ1144",
      "价格": "596"
    },
    {
      "出发地": "厦门",
      "目的地": "广州",
      "航班类型": "国内航班",
      "航班日期": "2026-01-03",
      "航班代码": "SC2225/CZ3387",
      "价格": "739"
    },
    {
      "出发地": "厦门",
      "目的地": "广州",
      "航班类型": "国内航班",
      "航班日期": "2026-01-04",
      "航班代码": "MF4507",
      "价格": "500"
    },
    {
      "出发地": "厦门",
      "目的地": "广州",
      "航班类型": "国内航班",
      "航班日期": "2026-01-05",
      "航班代码": "MF4621",
      "价格": "500"
    },
    {
      "出发地": "厦门",
      "目的地": "广州",
      "航班类型": "国内航班",
      "航班日期": "2026-02-12",
      "航班代码": "3U2419",
      "价格": "550"
    },
    {
      "出发地": "厦门",
      "目的地": "广州",
      "航班类型": "国内航班",
      "航班日期": "2026-02-25",
      "航班代码": "9C8804/9C8929",
      "价格": "1117"
    },
    {
      "出发地": "厦门",
      "目的地": "广州",
      "航班类型": "国内航班",
      "航班日期": "2026-06-06",
      "航班代码": "MU5169/MU5287",
      "价格": "1530"
    },
    {
      "出发地": "厦门",
      "目的地": "广州",
      "航班类型": "国内航班",
      "航班日期": "2026-11-04",
      "航班代码": "MU6391/MU6552",
      "价格": "1476"
    }
  ]
}