{
  "查询条件": {
    "出发地": "厦门",
    "目的地": "南京"
  },
  "航班数量": 38,
  "航班列表": [
    {
      "出发地": "厦门",
      "目的地": "南京",
      "航班类型": "国内航班",
      "航班日期": "2025-12-16",
      "航班代码": "MU2864",
      "价格": "299"
    },
    {
      "出发地": "厦门",
      "目的地": "南京",
      "航班类型": "国内航班",
      "航班日期": "2025-12-17",
      "航班代码": "MU2864",
      "价格": "349"
    },
    {
      "出发地": "厦门",
      "目的地": "南京",
      "航班类型": "国内航班",
      "航班日期": "2025-12-18",
      "航班代码": "MU2864",
      "价格": "280"
    },
    {
      "出发地": "厦门",
      "目的地": "南京",
      "航班类型": "国内航班",
      "航班日期": "2025-12-19",
      "航班代码": "FU6593/MU2754",
      "价格": "529"
    },
    {
      "出发地": "厦门",
      "目的地": "南京",
      "航班类型": "国内航班",
      "航班日期": "2025-12-20",
      "航班代码": "SC2135/SC5673",
      "价格": "500"
    },
    {
      "出发地": "厦门",
      "目的地": "南京",
      "航班类型": "国内航班",
      "航班日期": "2025-12-21",
      "航班代码": "KN2120/KN2819",
      "价格": "399"
    },
    {
      "出发地": "厦门",
      "目的地": "南京",
      "航班类型": "国内航班",
      "航班日期": "2025-12-22",
      "航班代码": "KN2120/KN2819",
      "价格": "399"
    },
    {
      "出发地": "厦门",
      "目的地": "南京",
      "航班类型": "国内航班",
      "航班日期": "2025-12-23",
      "航班代码": "KN2120/KN2819",
      "价格": "399"
    },
    {
      "出发地": "厦门",
      "目的地": "南京",
      "航班类型": "国内航班",
      "航班日期": "2025-12-24",
      "航班代码": "KN2120/KN2819",
      "价格": "399"
    },
    {
      "出发地": "厦门",
      "目的地": "南京",
      "航班类型": "国内航班",
      "航班日期": "2025-12-25",
      "航班代码": "KN2120/KN2819",
      "价格": "400"
    },
    {
      "出发地": "厦门",
      "目的地": "南京",
      "航班类型": "国内航班",
      "航班日期": "2025-12-26",
      "航班代码": "KN2120/KN2819",
      "价格": "399"
    },
    {
      "出发地": "厦门",
      "目的地": "南京",
      "航班类型": "国内航班",
      "航班日期": "2025-12-27",
      "航班代码": "KN2120/KN2819",
      "价格": "399"
    },
    {
      "出发地": "厦门",
      "目的地": "南京",
      "航班类型": "国内航班",
      "航班日期": "2025-12-28",
      "航班代码": "KN2120/KN2819",
      "价格": "399"
    },
    {
      "出发地": "厦门",
      "目的地": "南京",
      "航班类型": "国内航班",
      "航班日期": "2025-12-29",
      "航班代码": "KN2120/KN2819",
      "价格": "399"
    },
    {
      "出发地": "厦门",
      "目的地": "南京",
      "航班类型": "国内航班",
      "航班日期": "2025-12-30",
      "航班代码": "FM9264/MU2882",
      "价格": "449"
    },
    {
      "出发地": "厦门",
      "目的地": "南京",
      "航班类型": "国内航班",
      "航班日期": "2025-12-31",
      "航班代码": "SC2141/SC5673",
      "价格": "500"
    },
    {
      "出发地": "厦门",
      "目的地": "南京",
      "航班类型": "国内航班",
      "航班日期": "2026-01-01",
      "航班代码": "HO1792",
      "价格": "269"
    },
    {
      "出发地": "厦门",
      "目的地": "南京",
      "航班类型": "国内航班",
      "航班日期": "2026-01-03",
      "航班代码": "HO1792",
      "价格": "460"
    },
    {
      "出发地": "厦门",
      "目的地": "南京",
      "航班类型": "国内航班",
      "航班日期": "2026-01-04",
      "航班代码": "MF7855",
      "价格": "340"
    },
    {
      "出发地": "厦门",
      "目的地": "南京",
      "航班类型": "国内航班",
      "航班日期": "2026-01-10",
      "航班代码": "MF7855",
      "价格": "300"
    },
    {
      "出发地": "厦门",
      "目的地": "南京",
      "航班类型": "国内航班",
      "航班日期": "2026-01-12",
      "航班代码": "MU2864",
      "价格": "339"
    },
    {
      "出发地": "厦门",
      "目的地": "南京",
      "航班类型": "国内航班",
      "航班日期": "2026-01-15",
      "航班代码": "MU2864",
      "价格": "299"
    },
    {
      "出发地": "厦门",
      "目的地": "南京",
      "航班类型": "国内航班",
      "航班日期": "2026-01-16",
      "航班代码": "MU2880",
      "价格": "259"
    },
    {
      "出发地": "厦门",
      "目的地": "南京",
      "航班类型": "国内航班",
      "航班日期": "2026-01-17",
      "航班代码": "MU2864",
      "价格": "259"
    },
    {
      "出发地": "厦门",
      "目的地": "南京",
      "航班类型": "国内航班",
      "航班日期": "2026-01-18",
      "航班代码": "MU2864",
      "价格": "339"
    },
    {
      "出发地": "厦门",
      "目的地": "南京",
      "航班类型": "国内航班",
      "航班日期": "2026-01-31",
      "航班代码": "KN2120/KN2819",
      "价格": "399"
    },
    {
      "出发地": "厦门",
      "目的地": "南京",
      "航班类型": "国内航班",
      "航班日期": "2026-02-13",
      "航班代码": "MU5642/MU2882",
      "价格": "545"
    },
    {
      "出发地": "厦门",
      "目的地": "南京",
      "航班类型": "国内航班",
      "航班日期": "2026-02-14",
      "航班代码": "9C8804/MU2882",
      "价格": "518"
    },
    {
      "出发地": "厦门",
      "目的地": "南京",
      "航班类型": "国内航班",
      "航班日期": "2026-02-15",
      "航班代码": "FM9258/MU2882",
      "价格": "545"
    },
    {
      "出发地": "厦门",
      "目的地": "南京",
      "航班类型": "国内航班",
      "航班日期": "2026-02-16",
      "航班代码": "MF7855",
      "价格": "340"
    },
    {
      "出发地": "厦门",
      "目的地": "南京",
      "航班类型": "国内航班",
      "航班日期": "2026-02-17",
      "航班代码": "MF7855",
      "价格": "460"
    },
    {
      "出发地": "厦门",
      "目的地": "南京",
      "航班类型": "国内航班",
      "航班日期": "2026-02-18",
      "航班代码": "MF7855",
      "价格": "570"
    },
    {
      "出发地": "厦门",
      "目的地": "南京",
      "航班类型": "国内航班",
      "航班日期": "2026-02-19",
      "航班代码": "MF7855",
      "价格": "680"
    },
    {
      "出发地": "厦门",
      "目的地": "南京",
      "航班类型": "国内航班",
      "航班日期": "2026-02-20",
      "航班代码": "MF7855",
      "价格": "990"
    },
    {
      "出发地": "厦门",
      "目的地": "南京",
      "航班类型": "国内航班",
      "航班日期": "2026-02-24",
      "航班代码": "MF3472",
      "价格": "1010"
    },
    {
      "出发地": "厦门",
      "目的地": "南京",
      "航班类型": "国内航班",
      "航班日期": "2026-03-09",
      "航班代码": "MU2864",
      "价格": "299"
    },
    {
      "出发地": "厦门",
      "目的地": "南京",
      "航班类型": "国内航班",
      "航班日期": "2026-03-15",
      "航班代码": "KN2120/KN2819",
      "价格": "399"
    },
    {
      "出发地": "厦门",
      "目的地": "南京",
      "航班类型": "国内航班",
      "航班日期": "2026-06-18",
      "航班代码": "MU2776",
      "价格": "1010"
    }
  ]
}