{
  "查询条件": {
    "出发地": "厦门",
    "目的地": "济南"
  },
  "航班数量": 24,
  "航班列表": [
    {
      "出发地": "厦门",
      "目的地": "济南",
      "航班类型": "国内航班",
      "航班日期": "2025-12-16",
      "航班代码": "CA8228/SC8880",
      "价格": "445"
    },
    {
      "出发地": "厦门",
      "目的地": "济南",
      "航班类型": "国内航班",
      "航班日期": "2025-12-17",
      "航班代码": "CA4898",
      "价格": "440"
    },
    {
      "出发地": "厦门",
      "目的地": "济南",
      "航班类型": "国内航班",
      "航班日期": "2025-12-18",
      "航班代码": "PN6488/PN6327",
      "价格": "480"
    },
    {
      "出发地": "厦门",
      "目的地": "济南",
      "航班类型": "国内航班",
      "航班日期": "2025-12-19",
      "航班代码": "PN6488/PN6327",
      "价格": "450"
    },
    {
      "出发地": "厦门",
      "目的地": "济南",
      "航班类型": "国内航班",
      "航班日期": "2025-12-20",
      "航班代码": "PN6488/PN6327",
      "价格": "500"
    },
    {
      "出发地": "厦门",
      "目的地": "济南",
      "航班类型": "国内航班",
      "航班日期": "2025-12-21",
      "航班代码": "CA4974",
      "价格": "410"
    },
    {
      "出发地": "厦门",
      "目的地": "济南",
      "航班类型": "国内航班",
      "航班日期": "2025-12-23",
      "航班代码": "MU2438/MU2641",
      "价格": "386"
    },
    {
      "出发地": "厦门",
      "目的地": "济南",
      "航班类型": "国内航班",
      "航班日期": "2025-12-26",
      "航班代码": "CA4974",
      "价格": "410"
    },
    {
      "出发地": "厦门",
      "目的地": "济南",
      "航班类型": "国内航班",
      "航班日期": "2025-12-27",
      "航班代码": "SC2155/SC8822",
      "价格": "509"
    },
    {
      "出发地": "厦门",
      "目的地": "济南",
      "航班类型": "国内航班",
      "航班日期": "2025-12-28",
      "航班代码": "CA4974",
      "价格": "500"
    },
    {
      "出发地": "厦门",
      "目的地": "济南",
      "航班类型": "国内航班",
      "航班日期": "2025-12-29",
      "航班代码": "CA4974",
      "价格": "500"
    },
    {
      "出发地": "厦门",
      "目的地": "济南",
      "航班类型": "国内航班",
      "航班日期": "2025-12-30",
      "航班代码": "CA4974",
      "价格": "500"
    },
    {
      "出发地": "厦门",
      "目的地": "济南",
      "航班类型": "国内航班",
      "航班日期": "2025-12-31",
      "航班代码": "CA4974",
      "价格": "400"
    },
    {
      "出发地": "厦门",
      "目的地": "济南",
      "航班类型": "国内航班",
      "航班日期": "2026-01-01",
      "航班代码": "3U2663",
      "价格": "520"
    },
    {
      "出发地": "厦门",
      "目的地": "济南",
      "航班类型": "国内航班",
      "航班日期": "2026-01-02",
      "航班代码": "CA4974",
      "价格": "410"
    },
    {
      "出发地": "厦门",
      "目的地": "济南",
      "航班类型": "国内航班",
      "航班日期": "2026-01-03",
      "航班代码": "CA4974",
      "价格": "500"
    },
    {
      "出发地": "厦门",
      "目的地": "济南",
      "航班类型": "国内航班",
      "航班日期": "2026-01-04",
      "航班代码": "CA4974",
      "价格": "410"
    },
    {
      "出发地": "厦门",
      "目的地": "济南",
      "航班类型": "国内航班",
      "航班日期": "2026-01-05",
      "航班代码": "CA4974",
      "价格": "500"
    },
    {
      "出发地": "厦门",
      "目的地": "济南",
      "航班类型": "国内航班",
      "航班日期": "2026-01-06",
      "航班代码": "FM9258/MU5533",
      "价格": "625"
    },
    {
      "出发地": "厦门",
      "目的地": "济南",
      "航班类型": "国内航班",
      "航班日期": "2026-01-07",
      "航班代码": "CA4974",
      "价格": "400"
    },
    {
      "出发地": "厦门",
      "目的地": "济南",
      "航班类型": "国内航班",
      "航班日期": "2026-01-10",
      "航班代码": "CA4974",
      "价格": "400"
    },
    {
      "出发地": "厦门",
      "目的地": "济南",
      "航班类型": "国内航班",
      "航班日期": "2026-01-15",
      "航班代码": "CA4974",
      "价格": "400"
    },
    {
      "出发地": "厦门",
      "目的地": "济南",
      "航班类型": "国内航班",
      "航班日期": "2026-01-20",
      "航班代码": "CA4974",
      "价格": "500"
    },
    {
      "出发地": "厦门",
      "目的地": "济南",
      "航班类型": "国内航班",
      "航班日期": "2026-01-24",
      "航班代码": "FM9258/MU5533",
      "价格": "484"
    }
  ]
}