{
  "查询条件": {
    "出发地": "厦门",
    "目的地": "成都"
  },
  "航班数量": 72,
  "航班列表": [
    {
      "出发地": "厦门",
      "目的地": "成都",
      "航班类型": "国内航班",
      "航班日期": "2025-12-16",
      "航班代码": "CZ8898/CZ8913",
      "价格": "400"
    },
    {
      "出发地": "厦门",
      "目的地": "成都",
      "航班类型": "国内航班",
      "航班日期": "2025-12-17",
      "航班代码": "3U8926",
      "价格": "350"
    },
    {
      "出发地": "厦门",
      "目的地": "成都",
      "航班类型": "国内航班",
      "航班日期": "2025-12-18",
      "航班代码": "CZ8878/CZ6183",
      "价格": "400"
    },
    {
      "出发地": "厦门",
      "目的地": "成都",
      "航班类型": "国内航班",
      "航班日期": "2025-12-19",
      "航班代码": "3U7930",
      "价格": "400"
    },
    {
      "出发地": "厦门",
      "目的地": "成都",
      "航班类型": "国内航班",
      "航班日期": "2025-12-20",
      "航班代码": "8L9656",
      "价格": "300"
    },
    {
      "出发地": "厦门",
      "目的地": "成都",
      "航班类型": "国内航班",
      "航班日期": "2025-12-21",
      "航班代码": "CZ8878/CZ6109",
      "价格": "400"
    },
    {
      "出发地": "厦门",
      "目的地": "成都",
      "航班类型": "国内航班",
      "航班日期": "2025-12-22",
      "航班代码": "MU6192",
      "价格": "396"
    },
    {
      "出发地": "厦门",
      "目的地": "成都",
      "航班类型": "国内航班",
      "航班日期": "2025-12-23",
      "航班代码": "8L9656",
      "价格": "370"
    },
    {
      "出发地": "厦门",
      "目的地": "成都",
      "航班类型": "国内航班",
      "航班日期": "2025-12-24",
      "航班代码": "MU6192",
      "价格": "330"
    },
    {
      "出发地": "厦门",
      "目的地": "成都",
      "航班类型": "国内航班",
      "航班日期": "2025-12-25",
      "航班代码": "SC5386",
      "价格": "310"
    },
    {
      "出发地": "厦门",
      "目的地": "成都",
      "航班类型": "国内航班",
      "航班日期": "2025-12-26",
      "航班代码": "SC5386",
      "价格": "450"
    },
    {
      "出发地": "厦门",
      "目的地": "成都",
      "航班类型": "国内航班",
      "航班日期": "2025-12-27",
      "航班代码": "8L9656",
      "价格": "330"
    },
    {
      "出发地": "厦门",
      "目的地": "成都",
      "航班类型": "国内航班",
      "航班日期": "2025-12-28",
      "航班代码": "CZ8966/CZ6161",
      "价格": "400"
    },
    {
      "出发地": "厦门",
      "目的地": "成都",
      "航班类型": "国内航班",
      "航班日期": "2025-12-29",
      "航班代码": "CZ8966/CZ6161",
      "价格": "400"
    },
    {
      "出发地": "厦门",
      "目的地": "成都",
      "航班类型": "国内航班",
      "航班日期": "2025-12-30",
      "航班代码": "CZ8878/CZ6119",
      "价格": "400"
    },
    {
      "出发地": "厦门",
      "目的地": "成都",
      "航班类型": "国内航班",
      "航班日期": "2025-12-31",
      "航班代码": "SC4792/SC4851",
      "价格": "479"
    },
    {
      "出发地": "厦门",
      "目的地": "成都",
      "航班类型": "国内航班",
      "航班日期": "2026-01-01",
      "航班代码": "MU2556",
      "价格": "498"
    },
    {
      "出发地": "厦门",
      "目的地": "成都",
      "航班类型": "国内航班",
      "航班日期": "2026-01-02",
      "航班代码": "CA8228/CA8261",
      "价格": "396"
    },
    {
      "出发地": "厦门",
      "目的地": "成都",
      "航班类型": "国内航班",
      "航班日期": "2026-01-03",
      "航班代码": "SC2221/SC5783",
      "价格": "500"
    },
    {
      "出发地": "厦门",
      "目的地": "成都",
      "航班类型": "国内航班",
      "航班日期": "2026-01-04",
      "航班代码": "CA8228/CA8261",
      "价格": "399"
    },
    {
      "出发地": "厦门",
      "目的地": "成都",
      "航班类型": "国内航班",
      "航班日期": "2026-01-05",
      "航班代码": "CA8228/CA8261",
      "价格": "396"
    },
    {
      "出发地": "厦门",
      "目的地": "成都",
      "航班类型": "国内航班",
      "航班日期": "2026-01-06",
      "航班代码": "EU1970",
      "价格": "680"
    },
    {
      "出发地": "厦门",
      "目的地": "成都",
      "航班类型": "国内航班",
      "航班日期": "2026-01-07",
      "航班代码": "MU2810/MU2815",
      "价格": "581"
    },
    {
      "出发地": "厦门",
      "目的地": "成都",
      "航班类型": "国内航班",
      "航班日期": "2026-01-08",
      "航班代码": "CA8228/CA8261",
      "价格": "399"
    },
    {
      "出发地": "厦门",
      "目的地": "成都",
      "航班类型": "国内航班",
      "航班日期": "2026-01-10",
      "航班代码": "CA8228/CA8261",
      "价格": "399"
    },
    {
      "出发地": "厦门",
      "目的地": "成都",
      "航班类型": "国内航班",
      "航班日期": "2026-01-11",
      "航班代码": "SC8414/SC8831",
      "价格": "500"
    },
    {
      "出发地": "厦门",
      "目的地": "成都",
      "航班类型": "国内航班",
      "航班日期": "2026-01-12",
      "航班代码": "SC8412/SC8825",
      "价格": "630"
    },
    {
      "出发地": "厦门",
      "目的地": "成都",
      "航班类型": "国内航班",
      "航班日期": "2026-01-13",
      "航班代码": "MU2556",
      "价格": "480"
    },
    {
      "出发地": "厦门",
      "目的地": "成都",
      "航班类型": "国内航班",
      "航班日期": "2026-01-14",
      "航班代码": "MU5642/MU5411",
      "价格": "532"
    },
    {
      "出发地": "厦门",
      "目的地": "成都",
      "航班类型": "国内航班",
      "航班日期": "2026-01-15",
      "航班代码": "MU5642/MU5411",
      "价格": "532"
    },
    {
      "出发地": "厦门",
      "目的地": "成都",
      "航班类型": "国内航班",
      "航班日期": "2026-01-16",
      "航班代码": "CA8228/CA8261",
      "价格": "399"
    },
    {
      "出发地": "厦门",
      "目的地": "成都",
      "航班类型": "国内航班",
      "航班日期": "2026-01-17",
      "航班代码": "CA8228/CA8267",
      "价格": "399"
    },
    {
      "出发地": "厦门",
      "目的地": "成都",
      "航班类型": "国内航班",
      "航班日期": "2026-01-18",
      "航班代码": "HO5911",
      "价格": "448"
    },
    {
      "出发地": "厦门",
      "目的地": "成都",
      "航班类型": "国内航班",
      "航班日期": "2026-01-19",
      "航班代码": "EU1970",
      "价格": "790"
    },
    {
      "出发地": "厦门",
      "目的地": "成都",
      "航班类型": "国内航班",
      "航班日期": "2026-01-22",
      "航班代码": "CA8228/CA8261",
      "价格": "399"
    },
    {
      "出发地": "厦门",
      "目的地": "成都",
      "航班类型": "国内航班",
      "航班日期": "2026-01-24",
      "航班代码": "SC8414/SC8831",
      "价格": "500"
    },
    {
      "出发地": "厦门",
      "目的地": "成都",
      "航班类型": "国内航班",
      "航班日期": "2026-01-25",
      "航班代码": "CA8228/CA8261",
      "价格": "399"
    },
    {
      "出发地": "厦门",
      "目的地": "成都",
      "航班类型": "国内航班",
      "航班日期": "2026-01-26",
      "航班代码": "SC4788/SC4851",
      "价格": "579"
    },
    {
      "出发地": "厦门",
      "目的地": "成都",
      "航班类型": "国内航班",
      "航班日期": "2026-01-27",
      "航班代码": "SC8402/SC8825",
      "价格": "500"
    },
    {
      "出发地": "厦门",
      "目的地": "成都",
      "航班类型": "国内航班",
      "航班日期": "2026-01-28",
      "航班代码": "SC4792/SC4851",
      "价格": "579"
    },
    {
      "出发地": "厦门",
      "目的地": "成都",
      "航班类型": "国内航班",
      "航班日期": "2026-01-30",
      "航班代码": "MU6192",
      "价格": "480"
    },
    {
      "出发地": "厦门",
      "目的地": "成都",
      "航班类型": "国内航班",
      "航班日期": "2026-01-31",
      "航班代码": "MU5664/MU5413",
      "价格": "590"
    },
    {
      "出发地": "厦门",
      "目的地": "成都",
      "航班类型": "国内航班",
      "航班日期": "2026-02-01",
      "航班代码": "MU6192",
      "价格": "707"
    },
    {
      "出发地": "厦门",
      "目的地": "成都",
      "航班类型": "国内航班",
      "航班日期": "2026-02-02",
      "航班代码": "9C8976/9C7179",
      "价格": "970"
    },
    {
      "出发地": "厦门",
      "目的地": "成都",
      "航班类型": "国内航班",
      "航班日期": "2026-02-03",
      "航班代码": "MU5642/MU9185",
      "价格": "1121"
    },
    {
      "出发地": "厦门",
      "目的地": "成都",
      "航班类型": "国内航班",
      "航班日期": "2026-02-04",
      "航班代码": "MU5642/MU9185",
      "价格": "1208"
    },
    {
      "出发地": "厦门",
      "目的地": "成都",
      "航班类型": "国内航班",
      "航班日期": "2026-02-05",
      "航班代码": "MU9806",
      "价格": "1424"
    },
    {
      "出发地": "厦门",
      "目的地": "成都",
      "航班类型": "国内航班",
      "航班日期": "2026-02-07",
      "航班代码": "CA3984",
      "价格": "820"
    },
    {
      "出发地": "厦门",
      "目的地": "成都",
      "航班类型": "国内航班",
      "航班日期": "2026-02-08",
      "航班代码": "9C8976/9C7179",
      "价格": "1330"
    },
    {
      "出发地": "厦门",
      "目的地": "成都",
      "航班类型": "国内航班",
      "航班日期": "2026-02-09",
      "航班代码": "MU9806",
      "价格": "1424"
    },
    {
      "出发地": "厦门",
      "目的地": "成都",
      "航班类型": "国内航班",
      "航班日期": "2026-02-10",
      "航班代码": "CA3984",
      "价格": "990"
    },
    {
      "出发地": "厦门",
      "目的地": "成都",
      "航班类型": "国内航班",
      "航班日期": "2026-02-11",
      "航班代码": "CA5358",
      "价格": "1150"
    },
    {
      "出发地": "厦门",
      "目的地": "成都",
      "航班类型": "国内航班",
      "航班日期": "2026-02-12",
      "航班代码": "MU9806",
      "价格": "1424"
    },
    {
      "出发地": "厦门",
      "目的地": "成都",
      "航班类型": "国内航班",
      "航班日期": "2026-02-13",
      "航班代码": "MU6192",
      "价格": "1006"
    },
    {
      "出发地": "厦门",
      "目的地": "成都",
      "航班类型": "国内航班",
      "航班日期": "2026-02-14",
      "航班代码": "MU6192",
      "价格": "1006"
    },
    {
      "出发地": "厦门",
      "目的地": "成都",
      "航班类型": "国内航班",
      "航班日期": "2026-02-15",
      "航班代码": "MU6932/3U6924",
      "价格": "1346"
    },
    {
      "出发地": "厦门",
      "目的地": "成都",
      "航班类型": "国内航班",
      "航班日期": "2026-02-16",
      "航班代码": "9C8804/3U8966",
      "价格": "1311"
    },
    {
      "出发地": "厦门",
      "目的地": "成都",
      "航班类型": "国内航班",
      "航班日期": "2026-02-17",
      "航班代码": "MU6192",
      "价格": "797"
    },
    {
      "出发地": "厦门",
      "目的地": "成都",
      "航班类型": "国内航班",
      "航班日期": "2026-02-18",
      "航班代码": "MF8579/MU2468",
      "价格": "2011"
    },
    {
      "出发地": "厦门",
      "目的地": "成都",
      "航班类型": "国内航班",
      "航班日期": "2026-02-19",
      "航班代码": "MU6391/CA4234",
      "价格": "1398"
    },
    {
      "出发地": "厦门",
      "目的地": "成都",
      "航班类型": "国内航班",
      "航班日期": "2026-02-20",
      "航班代码": "MU9806",
      "价格": "1424"
    },
    {
      "出发地": "厦门",
      "目的地": "成都",
      "航班类型": "国内航班",
      "航班日期": "2026-02-21",
      "航班代码": "CA3984",
      "价格": "1150"
    },
    {
      "出发地": "厦门",
      "目的地": "成都",
      "航班类型": "国内航班",
      "航班日期": "2026-02-22",
      "航班代码": "MU9806",
      "价格": "1424"
    },
    {
      "出发地": "厦门",
      "目的地": "成都",
      "航班类型": "国内航班",
      "航班日期": "2026-02-23",
      "航班代码": "CA5358",
      "价格": "1340"
    },
    {
      "出发地": "厦门",
      "目的地": "成都",
      "航班类型": "国内航班",
      "航班日期": "2026-02-24",
      "航班代码": "MU6192",
      "价格": "1006"
    },
    {
      "出发地": "厦门",
      "目的地": "成都",
      "航班类型": "国内航班",
      "航班日期": "2026-02-25",
      "航班代码": "MU6192",
      "价格": "797"
    },
    {
      "出发地": "厦门",
      "目的地": "成都",
      "航班类型": "国内航班",
      "航班日期": "2026-02-26",
      "航班代码": "MU6192",
      "价格": "797"
    },
    {
      "出发地": "厦门",
      "目的地": "成都",
      "航班类型": "国内航班",
      "航班日期": "2026-02-27",
      "航班代码": "MU9806",
      "价格": "1424"
    },
    {
      "出发地": "厦门",
      "目的地": "成都",
      "航班类型": "国内航班",
      "航班日期": "2026-02-28",
      "航班代码": "9C8804/9C8819",
      "价格": "1050"
    },
    {
      "出发地": "厦门",
      "目的地": "成都",
      "航班类型": "国内航班",
      "航班日期": "2026-03-05",
      "航班代码": "MU6192",
      "价格": "480"
    },
    {
      "出发地": "厦门",
      "目的地": "成都",
      "航班类型": "国内航班",
      "航班日期": "2026-03-10",
      "航班代码": "MU6192",
      "价格": "480"
    },
    {
      "出发地": "厦门",
      "目的地": "成都",
      "航班类型": "国内航班",
      "航班日期": "2026-06-02",
      "航班代码": "MU6192",
      "价格": "1424"
    }
  ]
}