{
  "查询条件": {
    "出发地": "厦门",
    "目的地": "三亚"
  },
  "航班数量": 19,
  "航班列表": [
    {
      "出发地": "厦门",
      "目的地": "三亚",
      "航班类型": "国内航班",
      "航班日期": "2025-12-16",
      "航班代码": "MF8333/CZ3943",
      "价格": "790"
    },
    {
      "出发地": "厦门",
      "目的地": "三亚",
      "航班类型": "国内航班",
      "航班日期": "2025-12-17",
      "航班代码": "SC2225/CZ3943",
      "价格": "730"
    },
    {
      "出发地": "厦门",
      "目的地": "三亚",
      "航班类型": "国内航班",
      "航班日期": "2025-12-18",
      "航班代码": "MF8307",
      "价格": "630"
    },
    {
      "出发地": "厦门",
      "目的地": "三亚",
      "航班类型": "国内航班",
      "航班日期": "2025-12-19",
      "航班代码": "MF8307",
      "价格": "630"
    },
    {
      "出发地": "厦门",
      "目的地": "三亚",
      "航班类型": "国内航班",
      "航班日期": "2025-12-20",
      "航班代码": "MF8307",
      "价格": "690"
    },
    {
      "出发地": "厦门",
      "目的地": "三亚",
      "航班类型": "国内航班",
      "航班日期": "2025-12-21",
      "航班代码": "CZ3724/AQ1113",
      "价格": "897"
    },
    {
      "出发地": "厦门",
      "目的地": "三亚",
      "航班类型": "国内航班",
      "航班日期": "2025-12-22",
      "航班代码": "MF8307",
      "价格": "550"
    },
    {
      "出发地": "厦门",
      "目的地": "三亚",
      "航班类型": "国内航班",
      "航班日期": "2025-12-23",
      "航班代码": "GT1018/GT1101",
      "价格": "779"
    },
    {
      "出发地": "厦门",
      "目的地": "三亚",
      "航班类型": "国内航班",
      "航班日期": "2025-12-24",
      "航班代码": "MF8307",
      "价格": "690"
    },
    {
      "出发地": "厦门",
      "目的地": "三亚",
      "航班类型": "国内航班",
      "航班日期": "2025-12-25",
      "航班代码": "SC2269/GT1101",
      "价格": "788"
    },
    {
      "出发地": "厦门",
      "目的地": "三亚",
      "航班类型": "国内航班",
      "航班日期": "2025-12-26",
      "航班代码": "MU5784/MU5771",
      "价格": "1062"
    },
    {
      "出发地": "厦门",
      "目的地": "三亚",
      "航班类型": "国内航班",
      "航班日期": "2025-12-28",
      "航班代码": "MF8307",
      "价格": "690"
    },
    {
      "出发地": "厦门",
      "目的地": "三亚",
      "航班类型": "国内航班",
      "航班日期": "2025-12-31",
      "航班代码": "3U2509",
      "价格": "1010"
    },
    {
      "出发地": "厦门",
      "目的地": "三亚",
      "航班类型": "国内航班",
      "航班日期": "2026-01-01",
      "航班代码": "MF8307",
      "价格": "950"
    },
    {
      "出发地": "厦门",
      "目的地": "三亚",
      "航班类型": "国内航班",
      "航班日期": "2026-01-19",
      "航班代码": "MF8301/CZ6732",
      "价格": "969"
    },
    {
      "出发地": "厦门",
      "目的地": "三亚",
      "航班类型": "国内航班",
      "航班日期": "2026-01-24",
      "航班代码": "MF8301/AQ1113",
      "价格": "1032"
    },
    {
      "出发地": "厦门",
      "目的地": "三亚",
      "航班类型": "国内航班",
      "航班日期": "2026-01-27",
      "航班代码": "GT1018/GT1101",
      "价格": "1032"
    },
    {
      "出发地": "厦门",
      "目的地": "三亚",
      "航班类型": "国内航班",
      "航班日期": "2026-01-28",
      "航班代码": "MF8307",
      "价格": "1270"
    },
    {
      "出发地": "厦门",
      "目的地": "三亚",
      "航班类型": "国内航班",
      "航班日期": "2026-01-29",
      "航班代码": "GT1018/GT1101",
      "价格": "1130"
    }
  ]
}