{
  "查询条件": {
    "出发地": "厦门",
    "目的地": "深圳"
  },
  "航班数量": 3,
  "航班列表": [
    {
      "出发地": "厦门",
      "目的地": "深圳",
      "航班类型": "国内航班",
      "航班日期": "2025-12-17",
      "航班代码": "HU7460/HU7398",
      "价格": "440"
    },
    {
      "出发地": "厦门",
      "目的地": "深圳",
      "航班类型": "国内航班",
      "航班日期": "2025-12-22",
      "航班代码": "9H8430/HU7774",
      "价格": "519"
    },
    {
      "出发地": "厦门",
      "目的地": "深圳",
      "航班类型": "国内航班",
      "航班日期": "2025-12-25",
      "航班代码": "9H8430/HU7774",
      "价格": "589"
    }
  ]
}