{
  "查询条件": {
    "出发地": "厦门",
    "目的地": "海口"
  },
  "航班数量": 31,
  "航班列表": [
    {
      "出发地": "厦门",
      "目的地": "海口",
      "航班类型": "国内航班",
      "航班日期": "2025-12-16",
      "航班代码": "CZ6710",
      "价格": "600"
    },
    {
      "出发地": "厦门",
      "目的地": "海口",
      "航班类型": "国内航班",
      "航班日期": "2025-12-17",
      "航班代码": "CZ6710",
      "价格": "500"
    },
    {
      "出发地": "厦门",
      "目的地": "海口",
      "航班类型": "国内航班",
      "航班日期": "2025-12-18",
      "航班代码": "HU7048",
      "价格": "450"
    },
    {
      "出发地": "厦门",
      "目的地": "海口",
      "航班类型": "国内航班",
      "航班日期": "2025-12-19",
      "航班代码": "GS6552",
      "价格": "440"
    },
    {
      "出发地": "厦门",
      "目的地": "海口",
      "航班类型": "国内航班",
      "航班日期": "2025-12-20",
      "航班代码": "CZ6710",
      "价格": "550"
    },
    {
      "出发地": "厦门",
      "目的地": "海口",
      "航班类型": "国内航班",
      "航班日期": "2025-12-22",
      "航班代码": "GS6552",
      "价格": "410"
    },
    {
      "出发地": "厦门",
      "目的地": "海口",
      "航班类型": "国内航班",
      "航班日期": "2025-12-23",
      "航班代码": "GJ3891",
      "价格": "470"
    },
    {
      "出发地": "厦门",
      "目的地": "海口",
      "航班类型": "国内航班",
      "航班日期": "2025-12-24",
      "航班代码": "CZ4272",
      "价格": "470"
    },
    {
      "出发地": "厦门",
      "目的地": "海口",
      "航班类型": "国内航班",
      "航班日期": "2025-12-25",
      "航班代码": "CZ4272",
      "价格": "470"
    },
    {
      "出发地": "厦门",
      "目的地": "海口",
      "航班类型": "国内航班",
      "航班日期": "2025-12-26",
      "航班代码": "GS6552",
      "价格": "634"
    },
    {
      "出发地": "厦门",
      "目的地": "海口",
      "航班类型": "国内航班",
      "航班日期": "2025-12-27",
      "航班代码": "CZ6710",
      "价格": "490"
    },
    {
      "出发地": "厦门",
      "目的地": "海口",
      "航班类型": "国内航班",
      "航班日期": "2025-12-28",
      "航班代码": "GS6552",
      "价格": "440"
    },
    {
      "出发地": "厦门",
      "目的地": "海口",
      "航班类型": "国内航班",
      "航班日期": "2025-12-30",
      "航班代码": "GJ3608",
      "价格": "500"
    },
    {
      "出发地": "厦门",
      "目的地": "海口",
      "航班类型": "国内航班",
      "航班日期": "2025-12-31",
      "航班代码": "GS6552",
      "价格": "534"
    },
    {
      "出发地": "厦门",
      "目的地": "海口",
      "航班类型": "国内航班",
      "航班日期": "2026-01-02",
      "航班代码": "GS6552",
      "价格": "400"
    },
    {
      "出发地": "厦门",
      "目的地": "海口",
      "航班类型": "国内航班",
      "航班日期": "2026-01-04",
      "航班代码": "GS6552",
      "价格": "400"
    },
    {
      "出发地": "厦门",
      "目的地": "海口",
      "航班类型": "国内航班",
      "航班日期": "2026-01-06",
      "航班代码": "GJ3608",
      "价格": "500"
    },
    {
      "出发地": "厦门",
      "目的地": "海口",
      "航班类型": "国内航班",
      "航班日期": "2026-01-07",
      "航班代码": "GS6552",
      "价格": "400"
    },
    {
      "出发地": "厦门",
      "目的地": "海口",
      "航班类型": "国内航班",
      "航班日期": "2026-01-12",
      "航班代码": "SC2269/SC8843",
      "价格": "850"
    },
    {
      "出发地": "厦门",
      "目的地": "海口",
      "航班类型": "国内航班",
      "航班日期": "2026-01-13",
      "航班代码": "GT1018/JD5224",
      "价格": "705"
    },
    {
      "出发地": "厦门",
      "目的地": "海口",
      "航班类型": "国内航班",
      "航班日期": "2026-01-14",
      "航班代码": "SC2269/SC8843",
      "价格": "679"
    },
    {
      "出发地": "厦门",
      "目的地": "海口",
      "航班类型": "国内航班",
      "航班日期": "2026-01-15",
      "航班代码": "GT1018/JD5224",
      "价格": "726"
    },
    {
      "出发地": "厦门",
      "目的地": "海口",
      "航班类型": "国内航班",
      "航班日期": "2026-01-18",
      "航班代码": "G59367",
      "价格": "861"
    },
    {
      "出发地": "厦门",
      "目的地": "海口",
      "航班类型": "国内航班",
      "航班日期": "2026-01-22",
      "航班代码": "GJ3891",
      "价格": "850"
    },
    {
      "出发地": "厦门",
      "目的地": "海口",
      "航班类型": "国内航班",
      "航班日期": "2026-01-24",
      "航班代码": "SC2269/GT1132",
      "价格": "768"
    },
    {
      "出发地": "厦门",
      "目的地": "海口",
      "航班类型": "国内航班",
      "航班日期": "2026-01-26",
      "航班代码": "GS6552",
      "价格": "634"
    },
    {
      "出发地": "厦门",
      "目的地": "海口",
      "航班类型": "国内航班",
      "航班日期": "2026-01-27",
      "航班代码": "CZ6710",
      "价格": "780"
    },
    {
      "出发地": "厦门",
      "目的地": "海口",
      "航班类型": "国内航班",
      "航班日期": "2026-01-30",
      "航班代码": "CZ6710",
      "价格": "1180"
    },
    {
      "出发地": "厦门",
      "目的地": "海口",
      "航班类型": "国内航班",
      "航班日期": "2026-02-14",
      "航班代码": "G55012",
      "价格": "1180"
    },
    {
      "出发地": "厦门",
      "目的地": "海口",
      "航班类型": "国内航班",
      "航班日期": "2026-02-15",
      "航班代码": "GS6552",
      "价格": "990"
    },
    {
      "出发地": "厦门",
      "目的地": "海口",
      "航班类型": "国内航班",
      "航班日期": "2026-02-22",
      "航班代码": "CZ6710",
      "价格": "780"
    }
  ]
}