{
  "查询条件": {
    "出发地": "哈尔滨",
    "目的地": "长沙"
  },
  "航班数量": 61,
  "航班列表": [
    {
      "出发地": "哈尔滨",
      "目的地": "长沙",
      "航班类型": "国内航班",
      "航班日期": "2025-12-16",
      "航班代码": "MU5618/MU5361",
      "价格": "444"
    },
    {
      "出发地": "哈尔滨",
      "目的地": "长沙",
      "航班类型": "国内航班",
      "航班日期": "2025-12-17",
      "航班代码": "A67150",
      "价格": "420"
    },
    {
      "出发地": "哈尔滨",
      "目的地": "长沙",
      "航班类型": "国内航班",
      "航班日期": "2025-12-18",
      "航班代码": "MU5612/MU8469",
      "价格": "450"
    },
    {
      "出发地": "哈尔滨",
      "目的地": "长沙",
      "航班类型": "国内航班",
      "航班日期": "2025-12-19",
      "航班代码": "CZ6123",
      "价格": "570"
    },
    {
      "出发地": "哈尔滨",
      "目的地": "长沙",
      "航班类型": "国内航班",
      "航班日期": "2025-12-20",
      "航班代码": "SC8436/SC8891",
      "价格": "629"
    },
    {
      "出发地": "哈尔滨",
      "目的地": "长沙",
      "航班类型": "国内航班",
      "航班日期": "2025-12-21",
      "航班代码": "CZ8963/CZ3148",
      "价格": "500"
    },
    {
      "出发地": "哈尔滨",
      "目的地": "长沙",
      "航班类型": "国内航班",
      "航班日期": "2025-12-22",
      "航班代码": "SC4853/SC4873",
      "价格": "599"
    },
    {
      "出发地": "哈尔滨",
      "目的地": "长沙",
      "航班类型": "国内航班",
      "航班日期": "2025-12-23",
      "航班代码": "MU5612/MU8469",
      "价格": "450"
    },
    {
      "出发地": "哈尔滨",
      "目的地": "长沙",
      "航班类型": "国内航班",
      "航班日期": "2025-12-24",
      "航班代码": "G53155R",
      "价格": "634"
    },
    {
      "出发地": "哈尔滨",
      "目的地": "长沙",
      "航班类型": "国内航班",
      "航班日期": "2025-12-25",
      "航班代码": "FM9066/MU5361",
      "价格": "751"
    },
    {
      "出发地": "哈尔滨",
      "目的地": "长沙",
      "航班类型": "国内航班",
      "航班日期": "2025-12-26",
      "航班代码": "G53155R",
      "价格": "829"
    },
    {
      "出发地": "哈尔滨",
      "目的地": "长沙",
      "航班类型": "国内航班",
      "航班日期": "2025-12-27",
      "航班代码": "HU7627/G54551",
      "价格": "927"
    },
    {
      "出发地": "哈尔滨",
      "目的地": "长沙",
      "航班类型": "国内航班",
      "航班日期": "2025-12-28",
      "航班代码": "GJ8187/GX8865",
      "价格": "1050"
    },
    {
      "出发地": "哈尔滨",
      "目的地": "长沙",
      "航班类型": "国内航班",
      "航班日期": "2025-12-29",
      "航班代码": "HU7130/HU7135",
      "价格": "1009"
    },
    {
      "出发地": "哈尔滨",
      "目的地": "长沙",
      "航班类型": "国内航班",
      "航班日期": "2025-12-30",
      "航班代码": "9H8456",
      "价格": "1050"
    },
    {
      "出发地": "哈尔滨",
      "目的地": "长沙",
      "航班类型": "国内航班",
      "航班日期": "2025-12-31",
      "航班代码": "CZ6123",
      "价格": "1040"
    },
    {
      "出发地": "哈尔滨",
      "目的地": "长沙",
      "航班类型": "国内航班",
      "航班日期": "2026-01-01",
      "航班代码": "CZ8760/NS8061",
      "价格": "1058"
    },
    {
      "出发地": "哈尔滨",
      "目的地": "长沙",
      "航班类型": "国内航班",
      "航班日期": "2026-01-02",
      "航班代码": "GJ8187/GX8865",
      "价格": "982"
    },
    {
      "出发地": "哈尔滨",
      "目的地": "长沙",
      "航班类型": "国内航班",
      "航班日期": "2026-01-03",
      "航班代码": "ZH9757/KY8276",
      "价格": "1146"
    },
    {
      "出发地": "哈尔滨",
      "目的地": "长沙",
      "航班类型": "国内航班",
      "航班日期": "2026-01-04",
      "航班代码": "SC7940/G54551",
      "价格": "1110"
    },
    {
      "出发地": "哈尔滨",
      "目的地": "长沙",
      "航班类型": "国内航班",
      "航班日期": "2026-01-05",
      "航班代码": "GJ8709/G54525",
      "价格": "869"
    },
    {
      "出发地": "哈尔滨",
      "目的地": "长沙",
      "航班类型": "国内航班",
      "航班日期": "2026-01-06",
      "航班代码": "ZH8596/ZH8575",
      "价格": "980"
    },
    {
      "出发地": "哈尔滨",
      "目的地": "长沙",
      "航班类型": "国内航班",
      "航班日期": "2026-01-07",
      "航班代码": "9H8456",
      "价格": "1035"
    },
    {
      "出发地": "哈尔滨",
      "目的地": "长沙",
      "航班类型": "国内航班",
      "航班日期": "2026-01-08",
      "航班代码": "DR5014/HU7690",
      "价格": "800"
    },
    {
      "出发地": "哈尔滨",
      "目的地": "长沙",
      "航班类型": "国内航班",
      "航班日期": "2026-01-09",
      "航班代码": "SC4746/SC4875",
      "价格": "659"
    },
    {
      "出发地": "哈尔滨",
      "目的地": "长沙",
      "航班类型": "国内航班",
      "航班日期": "2026-01-10",
      "航班代码": "CZ8963/CZ3148",
      "价格": "500"
    },
    {
      "出发地": "哈尔滨",
      "目的地": "长沙",
      "航班类型": "国内航班",
      "航班日期": "2026-01-11",
      "航班代码": "G53155R",
      "价格": "753"
    },
    {
      "出发地": "哈尔滨",
      "目的地": "长沙",
      "航班类型": "国内航班",
      "航班日期": "2026-01-12",
      "航班代码": "GJ8709/G54525",
      "价格": "969"
    },
    {
      "出发地": "哈尔滨",
      "目的地": "长沙",
      "航班类型": "国内航班",
      "航班日期": "2026-01-13",
      "航班代码": "GJ8709/G54525",
      "价格": "869"
    },
    {
      "出发地": "哈尔滨",
      "目的地": "长沙",
      "航班类型": "国内航班",
      "航班日期": "2026-01-14",
      "航班代码": "SC4746/SC4875",
      "价格": "659"
    },
    {
      "出发地": "哈尔滨",
      "目的地": "长沙",
      "航班类型": "国内航班",
      "航班日期": "2026-01-15",
      "航班代码": "MU5649/MU5284",
      "价格": "620"
    },
    {
      "出发地": "哈尔滨",
      "目的地": "长沙",
      "航班类型": "国内航班",
      "航班日期": "2026-01-16",
      "航班代码": "SC4746/SC4875",
      "价格": "659"
    },
    {
      "出发地": "哈尔滨",
      "目的地": "长沙",
      "航班类型": "国内航班",
      "航班日期": "2026-01-17",
      "航班代码": "SC4746/SC4875",
      "价格": "659"
    },
    {
      "出发地": "哈尔滨",
      "目的地": "长沙",
      "航班类型": "国内航班",
      "航班日期": "2026-01-18",
      "航班代码": "ZH8596/ZH8575",
      "价格": "820"
    },
    {
      "出发地": "哈尔滨",
      "目的地": "长沙",
      "航班类型": "国内航班",
      "航班日期": "2026-01-19",
      "航班代码": "SC4746/SC4875",
      "价格": "659"
    },
    {
      "出发地": "哈尔滨",
      "目的地": "长沙",
      "航班类型": "国内航班",
      "航班日期": "2026-01-20",
      "航班代码": "SC4853/SC4875",
      "价格": "659"
    },
    {
      "出发地": "哈尔滨",
      "目的地": "长沙",
      "航班类型": "国内航班",
      "航班日期": "2026-01-21",
      "航班代码": "9C8682/MU6347",
      "价格": "1475"
    },
    {
      "出发地": "哈尔滨",
      "目的地": "长沙",
      "航班类型": "国内航班",
      "航班日期": "2026-01-22",
      "航班代码": "SC8413/SC2225",
      "价格": "850"
    },
    {
      "出发地": "哈尔滨",
      "目的地": "长沙",
      "航班类型": "国内航班",
      "航班日期": "2026-01-23",
      "航班代码": "SC4853/SC4875",
      "价格": "659"
    },
    {
      "出发地": "哈尔滨",
      "目的地": "长沙",
      "航班类型": "国内航班",
      "航班日期": "2026-01-25",
      "航班代码": "MU5518/CZ5822",
      "价格": "1148"
    },
    {
      "出发地": "哈尔滨",
      "目的地": "长沙",
      "航班类型": "国内航班",
      "航班日期": "2026-01-26",
      "航班代码": "KN5508/KN5309",
      "价格": "1080"
    },
    {
      "出发地": "哈尔滨",
      "目的地": "长沙",
      "航班类型": "国内航班",
      "航班日期": "2026-01-27",
      "航班代码": "KN5508/KN5309",
      "价格": "1083"
    },
    {
      "出发地": "哈尔滨",
      "目的地": "长沙",
      "航班类型": "国内航班",
      "航班日期": "2026-01-28",
      "航班代码": "KN5020/FM9476",
      "价格": "1433"
    },
    {
      "出发地": "哈尔滨",
      "目的地": "长沙",
      "航班类型": "国内航班",
      "航班日期": "2026-01-29",
      "航班代码": "KN5508/KN5309",
      "价格": "1189"
    },
    {
      "出发地": "哈尔滨",
      "目的地": "长沙",
      "航班类型": "国内航班",
      "航班日期": "2026-01-30",
      "航班代码": "9C7656/MU6347",
      "价格": "1527"
    },
    {
      "出发地": "哈尔滨",
      "目的地": "长沙",
      "航班类型": "国内航班",
      "航班日期": "2026-01-31",
      "航班代码": "A67150",
      "价格": "1240"
    },
    {
      "出发地": "哈尔滨",
      "目的地": "长沙",
      "航班类型": "国内航班",
      "航班日期": "2026-02-01",
      "航班代码": "CA2998/CA2907",
      "价格": "999"
    },
    {
      "出发地": "哈尔滨",
      "目的地": "长沙",
      "航班类型": "国内航班",
      "航班日期": "2026-02-06",
      "航班代码": "CA1640/CA1373",
      "价格": "1000"
    },
    {
      "出发地": "哈尔滨",
      "目的地": "长沙",
      "航班类型": "国内航班",
      "航班日期": "2026-02-07",
      "航班代码": "CA1642/CA1389",
      "价格": "999"
    },
    {
      "出发地": "哈尔滨",
      "目的地": "长沙",
      "航班类型": "国内航班",
      "航班日期": "2026-02-08",
      "航班代码": "GJ8187/GX8865",
      "价格": "1292"
    },
    {
      "出发地": "哈尔滨",
      "目的地": "长沙",
      "航班类型": "国内航班",
      "航班日期": "2026-02-09",
      "航班代码": "3U3323/GX8865",
      "价格": "1338"
    },
    {
      "出发地": "哈尔滨",
      "目的地": "长沙",
      "航班类型": "国内航班",
      "航班日期": "2026-02-11",
      "航班代码": "3U3323/GX8865",
      "价格": "1339"
    },
    {
      "出发地": "哈尔滨",
      "目的地": "长沙",
      "航班类型": "国内航班",
      "航班日期": "2026-02-12",
      "航班代码": "GJ8709/G54525",
      "价格": "1489"
    },
    {
      "出发地": "哈尔滨",
      "目的地": "长沙",
      "航班类型": "国内航班",
      "航班日期": "2026-02-13",
      "航班代码": "3U3323/GX8865",
      "价格": "1488"
    },
    {
      "出发地": "哈尔滨",
      "目的地": "长沙",
      "航班类型": "国内航班",
      "航班日期": "2026-02-14",
      "航班代码": "HU7130/HU7535",
      "价格": "1470"
    },
    {
      "出发地": "哈尔滨",
      "目的地": "长沙",
      "航班类型": "国内航班",
      "航班日期": "2026-02-15",
      "航班代码": "HU7210/HU7790",
      "价格": "1309"
    },
    {
      "出发地": "哈尔滨",
      "目的地": "长沙",
      "航班类型": "国内航班",
      "航班日期": "2026-02-16",
      "航班代码": "GJ8709/G54525",
      "价格": "969"
    },
    {
      "出发地": "哈尔滨",
      "目的地": "长沙",
      "航班类型": "国内航班",
      "航班日期": "2026-02-17",
      "航班代码": "A67150",
      "价格": "1110"
    },
    {
      "出发地": "哈尔滨",
      "目的地": "长沙",
      "航班类型": "国内航班",
      "航班日期": "2026-02-19",
      "航班代码": "A67150",
      "价格": "1730"
    },
    {
      "出发地": "哈尔滨",
      "目的地": "长沙",
      "航班类型": "国内航班",
      "航班日期": "2026-02-23",
      "航班代码": "SC4853/CZ3938",
      "价格": "1776"
    },
    {
      "出发地": "哈尔滨",
      "目的地": "长沙",
      "航班类型": "国内航班",
      "航班日期": "2026-02-26",
      "航班代码": "A67150",
      "价格": "1730"
    }
  ]
}