{
  "查询条件": {
    "出发地": "哈尔滨",
    "目的地": "北京"
  },
  "航班数量": 63,
  "航班列表": [
    {
      "出发地": "哈尔滨",
      "目的地": "北京",
      "航班类型": "国内航班",
      "航班日期": "2025-12-16",
      "航班代码": "KN5508",
      "价格": "270"
    },
    {
      "出发地": "哈尔滨",
      "目的地": "北京",
      "航班类型": "国内航班",
      "航班日期": "2025-12-17",
      "航班代码": "KN5508",
      "价格": "270"
    },
    {
      "出发地": "哈尔滨",
      "目的地": "北京",
      "航班类型": "国内航班",
      "航班日期": "2025-12-18",
      "航班代码": "KN5508",
      "价格": "290"
    },
    {
      "出发地": "哈尔滨",
      "目的地": "北京",
      "航班类型": "国内航班",
      "航班日期": "2025-12-19",
      "航班代码": "SC4746/SC4657",
      "价格": "599"
    },
    {
      "出发地": "哈尔滨",
      "目的地": "北京",
      "航班类型": "国内航班",
      "航班日期": "2025-12-20",
      "航班代码": "CA1642",
      "价格": "310"
    },
    {
      "出发地": "哈尔滨",
      "目的地": "北京",
      "航班类型": "国内航班",
      "航班日期": "2025-12-21",
      "航班代码": "SC4746/SC4657",
      "价格": "539"
    },
    {
      "出发地": "哈尔滨",
      "目的地": "北京",
      "航班类型": "国内航班",
      "航班日期": "2025-12-22",
      "航班代码": "KN5508",
      "价格": "360"
    },
    {
      "出发地": "哈尔滨",
      "目的地": "北京",
      "航班类型": "国内航班",
      "航班日期": "2025-12-23",
      "航班代码": "CA1642",
      "价格": "480"
    },
    {
      "出发地": "哈尔滨",
      "目的地": "北京",
      "航班类型": "国内航班",
      "航班日期": "2025-12-24",
      "航班代码": "HU7130",
      "价格": "495"
    },
    {
      "出发地": "哈尔滨",
      "目的地": "北京",
      "航班类型": "国内航班",
      "航班日期": "2025-12-25",
      "航班代码": "MU5649/MU5179",
      "价格": "790"
    },
    {
      "出发地": "哈尔滨",
      "目的地": "北京",
      "航班类型": "国内航班",
      "航班日期": "2025-12-26",
      "航班代码": "HU7130",
      "价格": "632"
    },
    {
      "出发地": "哈尔滨",
      "目的地": "北京",
      "航班类型": "国内航班",
      "航班日期": "2025-12-27",
      "航班代码": "EU2847/CA8616",
      "价格": "749"
    },
    {
      "出发地": "哈尔滨",
      "目的地": "北京",
      "航班类型": "国内航班",
      "航班日期": "2025-12-28",
      "航班代码": "MU8124",
      "价格": "730"
    },
    {
      "出发地": "哈尔滨",
      "目的地": "北京",
      "航班类型": "国内航班",
      "航班日期": "2025-12-29",
      "航班代码": "EU2701/CN7886",
      "价格": "868"
    },
    {
      "出发地": "哈尔滨",
      "目的地": "北京",
      "航班类型": "国内航班",
      "航班日期": "2025-12-30",
      "航班代码": "CA1612",
      "价格": "680"
    },
    {
      "出发地": "哈尔滨",
      "目的地": "北京",
      "航班类型": "国内航班",
      "航班日期": "2025-12-31",
      "航班代码": "MU8124",
      "价格": "640"
    },
    {
      "出发地": "哈尔滨",
      "目的地": "北京",
      "航班类型": "国内航班",
      "航班日期": "2026-01-01",
      "航班代码": "MU8124",
      "价格": "730"
    },
    {
      "出发地": "哈尔滨",
      "目的地": "北京",
      "航班类型": "国内航班",
      "航班日期": "2026-01-02",
      "航班代码": "HU6009/CA1594",
      "价格": "947"
    },
    {
      "出发地": "哈尔滨",
      "目的地": "北京",
      "航班类型": "国内航班",
      "航班日期": "2026-01-03",
      "航班代码": "EU2701/NS8060",
      "价格": "1075"
    },
    {
      "出发地": "哈尔滨",
      "目的地": "北京",
      "航班类型": "国内航班",
      "航班日期": "2026-01-04",
      "航班代码": "CZ8963",
      "价格": "790"
    },
    {
      "出发地": "哈尔滨",
      "目的地": "北京",
      "航班类型": "国内航班",
      "航班日期": "2026-01-05",
      "航班代码": "HU6009/CA1594",
      "价格": "944"
    },
    {
      "出发地": "哈尔滨",
      "目的地": "北京",
      "航班类型": "国内航班",
      "航班日期": "2026-01-06",
      "航班代码": "3U1595",
      "价格": "646"
    },
    {
      "出发地": "哈尔滨",
      "目的地": "北京",
      "航班类型": "国内航班",
      "航班日期": "2026-01-07",
      "航班代码": "CZ6268",
      "价格": "550"
    },
    {
      "出发地": "哈尔滨",
      "目的地": "北京",
      "航班类型": "国内航班",
      "航班日期": "2026-01-08",
      "航班代码": "3U1595",
      "价格": "420"
    },
    {
      "出发地": "哈尔滨",
      "目的地": "北京",
      "航班类型": "国内航班",
      "航班日期": "2026-01-09",
      "航班代码": "3U1595",
      "价格": "560"
    },
    {
      "出发地": "哈尔滨",
      "目的地": "北京",
      "航班类型": "国内航班",
      "航班日期": "2026-01-10",
      "航班代码": "3U1595",
      "价格": "550"
    },
    {
      "出发地": "哈尔滨",
      "目的地": "北京",
      "航班类型": "国内航班",
      "航班日期": "2026-01-11",
      "航班代码": "SC4845/SC4657",
      "价格": "669"
    },
    {
      "出发地": "哈尔滨",
      "目的地": "北京",
      "航班类型": "国内航班",
      "航班日期": "2026-01-12",
      "航班代码": "SC4853/SC4655",
      "价格": "660"
    },
    {
      "出发地": "哈尔滨",
      "目的地": "北京",
      "航班类型": "国内航班",
      "航班日期": "2026-01-13",
      "航班代码": "KN5508",
      "价格": "550"
    },
    {
      "出发地": "哈尔滨",
      "目的地": "北京",
      "航班类型": "国内航班",
      "航班日期": "2026-01-14",
      "航班代码": "MU8124",
      "价格": "550"
    },
    {
      "出发地": "哈尔滨",
      "目的地": "北京",
      "航班类型": "国内航班",
      "航班日期": "2026-01-15",
      "航班代码": "SC7912/SC7601",
      "价格": "480"
    },
    {
      "出发地": "哈尔滨",
      "目的地": "北京",
      "航班类型": "国内航班",
      "航班日期": "2026-01-16",
      "航班代码": "HU7130",
      "价格": "434"
    },
    {
      "出发地": "哈尔滨",
      "目的地": "北京",
      "航班类型": "国内航班",
      "航班日期": "2026-01-17",
      "航班代码": "EU7002",
      "价格": "570"
    },
    {
      "出发地": "哈尔滨",
      "目的地": "北京",
      "航班类型": "国内航班",
      "航班日期": "2026-01-18",
      "航班代码": "SC4791/SC4657",
      "价格": "660"
    },
    {
      "出发地": "哈尔滨",
      "目的地": "北京",
      "航班类型": "国内航班",
      "航班日期": "2026-01-19",
      "航班代码": "QW6097/SC7611",
      "价格": "1230"
    },
    {
      "出发地": "哈尔滨",
      "目的地": "北京",
      "航班类型": "国内航班",
      "航班日期": "2026-01-20",
      "航班代码": "CZ8963",
      "价格": "550"
    },
    {
      "出发地": "哈尔滨",
      "目的地": "北京",
      "航班类型": "国内航班",
      "航班日期": "2026-01-21",
      "航班代码": "QW6097/SC7611",
      "价格": "1230"
    },
    {
      "出发地": "哈尔滨",
      "目的地": "北京",
      "航班类型": "国内航班",
      "航班日期": "2026-01-22",
      "航班代码": "KN5508",
      "价格": "565"
    },
    {
      "出发地": "哈尔滨",
      "目的地": "北京",
      "航班类型": "国内航班",
      "航班日期": "2026-01-23",
      "航班代码": "3U1595",
      "价格": "550"
    },
    {
      "出发地": "哈尔滨",
      "目的地": "北京",
      "航班类型": "国内航班",
      "航班日期": "2026-01-24",
      "航班代码": "EU7002",
      "价格": "570"
    },
    {
      "出发地": "哈尔滨",
      "目的地": "北京",
      "航班类型": "国内航班",
      "航班日期": "2026-01-25",
      "航班代码": "9C8870/MU5113",
      "价格": "1098"
    },
    {
      "出发地": "哈尔滨",
      "目的地": "北京",
      "航班类型": "国内航班",
      "航班日期": "2026-01-26",
      "航班代码": "MU8124",
      "价格": "550"
    },
    {
      "出发地": "哈尔滨",
      "目的地": "北京",
      "航班类型": "国内航班",
      "航班日期": "2026-01-27",
      "航班代码": "EU7002",
      "价格": "570"
    },
    {
      "出发地": "哈尔滨",
      "目的地": "北京",
      "航班类型": "国内航班",
      "航班日期": "2026-01-28",
      "航班代码": "KN5508",
      "价格": "550"
    },
    {
      "出发地": "哈尔滨",
      "目的地": "北京",
      "航班类型": "国内航班",
      "航班日期": "2026-01-29",
      "航班代码": "3U3106",
      "价格": "570"
    },
    {
      "出发地": "哈尔滨",
      "目的地": "北京",
      "航班类型": "国内航班",
      "航班日期": "2026-01-30",
      "航班代码": "HU7130",
      "价格": "500"
    },
    {
      "出发地": "哈尔滨",
      "目的地": "北京",
      "航班类型": "国内航班",
      "航班日期": "2026-01-31",
      "航班代码": "3U3106",
      "价格": "570"
    },
    {
      "出发地": "哈尔滨",
      "目的地": "北京",
      "航班类型": "国内航班",
      "航班日期": "2026-02-06",
      "航班代码": "HU7130",
      "价格": "420"
    },
    {
      "出发地": "哈尔滨",
      "目的地": "北京",
      "航班类型": "国内航班",
      "航班日期": "2026-02-10",
      "航班代码": "ZH1690",
      "价格": "920"
    },
    {
      "出发地": "哈尔滨",
      "目的地": "北京",
      "航班类型": "国内航班",
      "航班日期": "2026-02-13",
      "航班代码": "HU7130",
      "价格": "420"
    },
    {
      "出发地": "哈尔滨",
      "目的地": "北京",
      "航班类型": "国内航班",
      "航班日期": "2026-02-14",
      "航班代码": "HU7130",
      "价格": "420"
    },
    {
      "出发地": "哈尔滨",
      "目的地": "北京",
      "航班类型": "国内航班",
      "航班日期": "2026-02-15",
      "航班代码": "HU7130",
      "价格": "420"
    },
    {
      "出发地": "哈尔滨",
      "目的地": "北京",
      "航班类型": "国内航班",
      "航班日期": "2026-02-16",
      "航班代码": "3U1595",
      "价格": "460"
    },
    {
      "出发地": "哈尔滨",
      "目的地": "北京",
      "航班类型": "国内航班",
      "航班日期": "2026-02-20",
      "航班代码": "3U1601",
      "价格": "1210"
    },
    {
      "出发地": "哈尔滨",
      "目的地": "北京",
      "航班类型": "国内航班",
      "航班日期": "2026-02-21",
      "航班代码": "CZ4602",
      "价格": "1290"
    },
    {
      "出发地": "哈尔滨",
      "目的地": "北京",
      "航班类型": "国内航班",
      "航班日期": "2026-02-23",
      "航班代码": "FM9562/SC7611",
      "价格": "1656"
    },
    {
      "出发地": "哈尔滨",
      "目的地": "北京",
      "航班类型": "国内航班",
      "航班日期": "2026-02-24",
      "航班代码": "CZ4602",
      "价格": "1290"
    },
    {
      "出发地": "哈尔滨",
      "目的地": "北京",
      "航班类型": "国内航班",
      "航班日期": "2026-02-25",
      "航班代码": "MU5387/CA8684",
      "价格": "1493"
    },
    {
      "出发地": "哈尔滨",
      "目的地": "北京",
      "航班类型": "国内航班",
      "航班日期": "2026-02-27",
      "航班代码": "MU5387/CA1594",
      "价格": "1366"
    },
    {
      "出发地": "哈尔滨",
      "目的地": "北京",
      "航班类型": "国内航班",
      "航班日期": "2026-02-28",
      "航班代码": "CZ4602",
      "价格": "1290"
    },
    {
      "出发地": "哈尔滨",
      "目的地": "北京",
      "航班类型": "国内航班",
      "航班日期": "2026-03-01",
      "航班代码": "CZ8963",
      "价格": "870"
    },
    {
      "出发地": "哈尔滨",
      "目的地": "北京",
      "航班类型": "国内航班",
      "航班日期": "2026-03-02",
      "航班代码": "3U1595",
      "价格": "790"
    },
    {
      "出发地": "哈尔滨",
      "目的地": "北京",
      "航班类型": "国内航班",
      "航班日期": "2026-03-24",
      "航班代码": "KN5508",
      "价格": "360"
    }
  ]
}