{
  "查询条件": {
    "出发地": "哈尔滨",
    "目的地": "温州"
  },
  "航班数量": 47,
  "航班列表": [
    {
      "出发地": "哈尔滨",
      "目的地": "温州",
      "航班类型": "国内航班",
      "航班日期": "2025-12-16",
      "航班代码": "9C6190/CA8567",
      "价格": "466"
    },
    {
      "出发地": "哈尔滨",
      "目的地": "温州",
      "航班类型": "国内航班",
      "航班日期": "2025-12-17",
      "航班代码": "MF8094/MF8039",
      "价格": "430"
    },
    {
      "出发地": "哈尔滨",
      "目的地": "温州",
      "航班类型": "国内航班",
      "航班日期": "2025-12-18",
      "航班代码": "KN2326/KN2361",
      "价格": "419"
    },
    {
      "出发地": "哈尔滨",
      "目的地": "温州",
      "航班类型": "国内航班",
      "航班日期": "2025-12-19",
      "航班代码": "MU5612/MU5299",
      "价格": "426"
    },
    {
      "出发地": "哈尔滨",
      "目的地": "温州",
      "航班类型": "国内航班",
      "航班日期": "2025-12-20",
      "航班代码": "KN2326/KN2361",
      "价格": "420"
    },
    {
      "出发地": "哈尔滨",
      "目的地": "温州",
      "航班类型": "国内航班",
      "航班日期": "2025-12-21",
      "航班代码": "CZ8963/CZ8811",
      "价格": "450"
    },
    {
      "出发地": "哈尔滨",
      "目的地": "温州",
      "航班类型": "国内航班",
      "航班日期": "2025-12-22",
      "航班代码": "CZ8963/CZ8811",
      "价格": "450"
    },
    {
      "出发地": "哈尔滨",
      "目的地": "温州",
      "航班类型": "国内航班",
      "航班日期": "2025-12-23",
      "航班代码": "CZ6207/CZ8811",
      "价格": "450"
    },
    {
      "出发地": "哈尔滨",
      "目的地": "温州",
      "航班类型": "国内航班",
      "航班日期": "2025-12-24",
      "航班代码": "CZ6268/CZ8811",
      "价格": "450"
    },
    {
      "出发地": "哈尔滨",
      "目的地": "温州",
      "航班类型": "国内航班",
      "航班日期": "2025-12-25",
      "航班代码": "Y87508/CA8567",
      "价格": "604"
    },
    {
      "出发地": "哈尔滨",
      "目的地": "温州",
      "航班类型": "国内航班",
      "航班日期": "2025-12-26",
      "航班代码": "HU6009/FM9562",
      "价格": "798"
    },
    {
      "出发地": "哈尔滨",
      "目的地": "温州",
      "航班类型": "国内航班",
      "航班日期": "2025-12-27",
      "航班代码": "9C8762/KN2361",
      "价格": "980"
    },
    {
      "出发地": "哈尔滨",
      "目的地": "温州",
      "航班类型": "国内航班",
      "航班日期": "2025-12-28",
      "航班代码": "CZ8963/CZ8811",
      "价格": "700"
    },
    {
      "出发地": "哈尔滨",
      "目的地": "温州",
      "航班类型": "国内航班",
      "航班日期": "2025-12-29",
      "航班代码": "CZ8963/CZ8811",
      "价格": "850"
    },
    {
      "出发地": "哈尔滨",
      "目的地": "温州",
      "航班类型": "国内航班",
      "航班日期": "2025-12-30",
      "航班代码": "CZ8760/CZ8811",
      "价格": "700"
    },
    {
      "出发地": "哈尔滨",
      "目的地": "温州",
      "航班类型": "国内航班",
      "航班日期": "2025-12-31",
      "航班代码": "CZ8963/CZ8811",
      "价格": "700"
    },
    {
      "出发地": "哈尔滨",
      "目的地": "温州",
      "航班类型": "国内航班",
      "航班日期": "2026-01-01",
      "航班代码": "CN7140/HU7291",
      "价格": "940"
    },
    {
      "出发地": "哈尔滨",
      "目的地": "温州",
      "航班类型": "国内航班",
      "航班日期": "2026-01-03",
      "航班代码": "MU5387/FM9562",
      "价格": "1027"
    },
    {
      "出发地": "哈尔滨",
      "目的地": "温州",
      "航班类型": "国内航班",
      "航班日期": "2026-01-04",
      "航班代码": "MU8014/KN2361",
      "价格": "965"
    },
    {
      "出发地": "哈尔滨",
      "目的地": "温州",
      "航班类型": "国内航班",
      "航班日期": "2026-01-05",
      "航班代码": "CZ8963/CZ8811",
      "价格": "850"
    },
    {
      "出发地": "哈尔滨",
      "目的地": "温州",
      "航班类型": "国内航班",
      "航班日期": "2026-01-06",
      "航班代码": "CZ6170/HO2286",
      "价格": "956"
    },
    {
      "出发地": "哈尔滨",
      "目的地": "温州",
      "航班类型": "国内航班",
      "航班日期": "2026-01-07",
      "航班代码": "KN2326/KN2361",
      "价格": "419"
    },
    {
      "出发地": "哈尔滨",
      "目的地": "温州",
      "航班类型": "国内航班",
      "航班日期": "2026-01-08",
      "航班代码": "SC7912/FM9562",
      "价格": "863"
    },
    {
      "出发地": "哈尔滨",
      "目的地": "温州",
      "航班类型": "国内航班",
      "航班日期": "2026-01-10",
      "航班代码": "MU2702/MU6139",
      "价格": "882"
    },
    {
      "出发地": "哈尔滨",
      "目的地": "温州",
      "航班类型": "国内航班",
      "航班日期": "2026-01-12",
      "航班代码": "CZ6207/CZ8811",
      "价格": "550"
    },
    {
      "出发地": "哈尔滨",
      "目的地": "温州",
      "航班类型": "国内航班",
      "航班日期": "2026-01-14",
      "航班代码": "MU5518/MU6139",
      "价格": "774"
    },
    {
      "出发地": "哈尔滨",
      "目的地": "温州",
      "航班类型": "国内航班",
      "航班日期": "2026-01-15",
      "航班代码": "MU5518/MU6139",
      "价格": "774"
    },
    {
      "出发地": "哈尔滨",
      "目的地": "温州",
      "航班类型": "国内航班",
      "航班日期": "2026-01-16",
      "航班代码": "MU5518/MU6139",
      "价格": "774"
    },
    {
      "出发地": "哈尔滨",
      "目的地": "温州",
      "航班类型": "国内航班",
      "航班日期": "2026-01-17",
      "航班代码": "9C8762/KN2361",
      "价格": "747"
    },
    {
      "出发地": "哈尔滨",
      "目的地": "温州",
      "航班类型": "国内航班",
      "航班日期": "2026-01-18",
      "航班代码": "KN2326/KN2361",
      "价格": "809"
    },
    {
      "出发地": "哈尔滨",
      "目的地": "温州",
      "航班类型": "国内航班",
      "航班日期": "2026-01-20",
      "航班代码": "KN2326/KN2361",
      "价格": "818"
    },
    {
      "出发地": "哈尔滨",
      "目的地": "温州",
      "航班类型": "国内航班",
      "航班日期": "2026-01-23",
      "航班代码": "MU5518/MU6139",
      "价格": "675"
    },
    {
      "出发地": "哈尔滨",
      "目的地": "温州",
      "航班类型": "国内航班",
      "航班日期": "2026-01-25",
      "航班代码": "MU8014/KN2361",
      "价格": "867"
    },
    {
      "出发地": "哈尔滨",
      "目的地": "温州",
      "航班类型": "国内航班",
      "航班日期": "2026-01-26",
      "航班代码": "MU5518/MU6139",
      "价格": "675"
    },
    {
      "出发地": "哈尔滨",
      "目的地": "温州",
      "航班类型": "国内航班",
      "航班日期": "2026-01-27",
      "航班代码": "MU5518/MU6139",
      "价格": "889"
    },
    {
      "出发地": "哈尔滨",
      "目的地": "温州",
      "航班类型": "国内航班",
      "航班日期": "2026-01-28",
      "航班代码": "MU5518/MU6139",
      "价格": "675"
    },
    {
      "出发地": "哈尔滨",
      "目的地": "温州",
      "航班类型": "国内航班",
      "航班日期": "2026-01-29",
      "航班代码": "MU5518/MU6139",
      "价格": "675"
    },
    {
      "出发地": "哈尔滨",
      "目的地": "温州",
      "航班类型": "国内航班",
      "航班日期": "2026-01-30",
      "航班代码": "MU5518/MU6139",
      "价格": "774"
    },
    {
      "出发地": "哈尔滨",
      "目的地": "温州",
      "航班类型": "国内航班",
      "航班日期": "2026-01-31",
      "航班代码": "MU5518/MU6139",
      "价格": "889"
    },
    {
      "出发地": "哈尔滨",
      "目的地": "温州",
      "航班类型": "国内航班",
      "航班日期": "2026-02-13",
      "航班代码": "MU8052",
      "价格": "1633"
    },
    {
      "出发地": "哈尔滨",
      "目的地": "温州",
      "航班类型": "国内航班",
      "航班日期": "2026-02-15",
      "航班代码": "HU7130/KN5981",
      "价格": "1170"
    },
    {
      "出发地": "哈尔滨",
      "目的地": "温州",
      "航班类型": "国内航班",
      "航班日期": "2026-02-18",
      "航班代码": "9C8674/KN2361",
      "价格": "1076"
    },
    {
      "出发地": "哈尔滨",
      "目的地": "温州",
      "航班类型": "国内航班",
      "航班日期": "2026-02-19",
      "航班代码": "8L9616/KN2361",
      "价格": "1398"
    },
    {
      "出发地": "哈尔滨",
      "目的地": "温州",
      "航班类型": "国内航班",
      "航班日期": "2026-02-20",
      "航班代码": "8L9556/KN2361",
      "价格": "1776"
    },
    {
      "出发地": "哈尔滨",
      "目的地": "温州",
      "航班类型": "国内航班",
      "航班日期": "2026-02-21",
      "航班代码": "MU5387/GS7421",
      "价格": "2059"
    },
    {
      "出发地": "哈尔滨",
      "目的地": "温州",
      "航班类型": "国内航班",
      "航班日期": "2026-02-22",
      "航班代码": "FM9562",
      "价格": "2140"
    },
    {
      "出发地": "哈尔滨",
      "目的地": "温州",
      "航班类型": "国内航班",
      "航班日期": "2026-02-24",
      "航班代码": "MU5387/GS7421",
      "价格": "2050"
    }
  ]
}