{
  "查询条件": {
    "出发地": "哈尔滨",
    "目的地": "武汉"
  },
  "航班数量": 40,
  "航班列表": [
    {
      "出发地": "哈尔滨",
      "目的地": "武汉",
      "航班类型": "国内航班",
      "航班日期": "2025-12-16",
      "航班代码": "MU5612/MU2504",
      "价格": "382"
    },
    {
      "出发地": "哈尔滨",
      "目的地": "武汉",
      "航班类型": "国内航班",
      "航班日期": "2025-12-17",
      "航班代码": "CZ8963/CZ6606",
      "价格": "390"
    },
    {
      "出发地": "哈尔滨",
      "目的地": "武汉",
      "航班类型": "国内航班",
      "航班日期": "2025-12-18",
      "航班代码": "CZ8760/CZ6606",
      "价格": "390"
    },
    {
      "出发地": "哈尔滨",
      "目的地": "武汉",
      "航班类型": "国内航班",
      "航班日期": "2025-12-19",
      "航班代码": "CZ6207/CZ6606",
      "价格": "390"
    },
    {
      "出发地": "哈尔滨",
      "目的地": "武汉",
      "航班类型": "国内航班",
      "航班日期": "2025-12-20",
      "航班代码": "MU5612/MU2504",
      "价格": "471"
    },
    {
      "出发地": "哈尔滨",
      "目的地": "武汉",
      "航班类型": "国内航班",
      "航班日期": "2025-12-21",
      "航班代码": "SC4791/SC4863",
      "价格": "549"
    },
    {
      "出发地": "哈尔滨",
      "目的地": "武汉",
      "航班类型": "国内航班",
      "航班日期": "2025-12-22",
      "航班代码": "CZ6203/CZ6606",
      "价格": "390"
    },
    {
      "出发地": "哈尔滨",
      "目的地": "武汉",
      "航班类型": "国内航班",
      "航班日期": "2025-12-23",
      "航班代码": "MF5133",
      "价格": "510"
    },
    {
      "出发地": "哈尔滨",
      "目的地": "武汉",
      "航班类型": "国内航班",
      "航班日期": "2025-12-24",
      "航班代码": "MU5387/MU2586",
      "价格": "661"
    },
    {
      "出发地": "哈尔滨",
      "目的地": "武汉",
      "航班类型": "国内航班",
      "航班日期": "2025-12-25",
      "航班代码": "ZH9767",
      "价格": "570"
    },
    {
      "出发地": "哈尔滨",
      "目的地": "武汉",
      "航班类型": "国内航班",
      "航班日期": "2025-12-26",
      "航班代码": "MU5387/MU2586",
      "价格": "816"
    },
    {
      "出发地": "哈尔滨",
      "目的地": "武汉",
      "航班类型": "国内航班",
      "航班日期": "2025-12-27",
      "航班代码": "FU6641/JD5330",
      "价格": "919"
    },
    {
      "出发地": "哈尔滨",
      "目的地": "武汉",
      "航班类型": "国内航班",
      "航班日期": "2025-12-28",
      "航班代码": "MU5387/MU2586",
      "价格": "914"
    },
    {
      "出发地": "哈尔滨",
      "目的地": "武汉",
      "航班类型": "国内航班",
      "航班日期": "2025-12-29",
      "航班代码": "MU5387/MU2586",
      "价格": "924"
    },
    {
      "出发地": "哈尔滨",
      "目的地": "武汉",
      "航班类型": "国内航班",
      "航班日期": "2025-12-30",
      "航班代码": "DR5014/MU2496",
      "价格": "949"
    },
    {
      "出发地": "哈尔滨",
      "目的地": "武汉",
      "航班类型": "国内航班",
      "航班日期": "2025-12-31",
      "航班代码": "CZ8963/CZ8827",
      "价格": "790"
    },
    {
      "出发地": "哈尔滨",
      "目的地": "武汉",
      "航班类型": "国内航班",
      "航班日期": "2026-01-01",
      "航班代码": "SC7940/SC7948",
      "价格": "769"
    },
    {
      "出发地": "哈尔滨",
      "目的地": "武汉",
      "航班类型": "国内航班",
      "航班日期": "2026-01-02",
      "航班代码": "CA3867",
      "价格": "1030"
    },
    {
      "出发地": "哈尔滨",
      "目的地": "武汉",
      "航班类型": "国内航班",
      "航班日期": "2026-01-03",
      "航班代码": "DR5014/MU2496",
      "价格": "1140"
    },
    {
      "出发地": "哈尔滨",
      "目的地": "武汉",
      "航班类型": "国内航班",
      "航班日期": "2026-01-04",
      "航班代码": "SC8438/MU6313",
      "价格": "1049"
    },
    {
      "出发地": "哈尔滨",
      "目的地": "武汉",
      "航班类型": "国内航班",
      "航班日期": "2026-01-05",
      "航班代码": "SC8436/SC8881",
      "价格": "580"
    },
    {
      "出发地": "哈尔滨",
      "目的地": "武汉",
      "航班类型": "国内航班",
      "航班日期": "2026-01-06",
      "航班代码": "SC7940/SC7948",
      "价格": "769"
    },
    {
      "出发地": "哈尔滨",
      "目的地": "武汉",
      "航班类型": "国内航班",
      "航班日期": "2026-01-07",
      "航班代码": "3U3343",
      "价格": "800"
    },
    {
      "出发地": "哈尔滨",
      "目的地": "武汉",
      "航班类型": "国内航班",
      "航班日期": "2026-01-08",
      "航班代码": "SC7912/SC7925",
      "价格": "650"
    },
    {
      "出发地": "哈尔滨",
      "目的地": "武汉",
      "航班类型": "国内航班",
      "航班日期": "2026-01-09",
      "航班代码": "QW9882/CZ3826",
      "价格": "855"
    },
    {
      "出发地": "哈尔滨",
      "目的地": "武汉",
      "航班类型": "国内航班",
      "航班日期": "2026-01-10",
      "航班代码": "SC7940/SC7948",
      "价格": "769"
    },
    {
      "出发地": "哈尔滨",
      "目的地": "武汉",
      "航班类型": "国内航班",
      "航班日期": "2026-01-11",
      "航班代码": "SC4746/SC4863",
      "价格": "739"
    },
    {
      "出发地": "哈尔滨",
      "目的地": "武汉",
      "航班类型": "国内航班",
      "航班日期": "2026-01-14",
      "航班代码": "3U3329/MU6313",
      "价格": "966"
    },
    {
      "出发地": "哈尔滨",
      "目的地": "武汉",
      "航班类型": "国内航班",
      "航班日期": "2026-01-15",
      "航班代码": "SC7940/SC7948",
      "价格": "769"
    },
    {
      "出发地": "哈尔滨",
      "目的地": "武汉",
      "航班类型": "国内航班",
      "航班日期": "2026-01-16",
      "航班代码": "MU5518/MU2518",
      "价格": "773"
    },
    {
      "出发地": "哈尔滨",
      "目的地": "武汉",
      "航班类型": "国内航班",
      "航班日期": "2026-01-17",
      "航班代码": "SC8413/SC2219",
      "价格": "769"
    },
    {
      "出发地": "哈尔滨",
      "目的地": "武汉",
      "航班类型": "国内航班",
      "航班日期": "2026-01-18",
      "航班代码": "SC8413/SC2219",
      "价格": "769"
    },
    {
      "出发地": "哈尔滨",
      "目的地": "武汉",
      "航班类型": "国内航班",
      "航班日期": "2026-01-19",
      "航班代码": "SC4791/SC2221",
      "价格": "779"
    },
    {
      "出发地": "哈尔滨",
      "目的地": "武汉",
      "航班类型": "国内航班",
      "航班日期": "2026-01-21",
      "航班代码": "SC4845/SC4863",
      "价格": "739"
    },
    {
      "出发地": "哈尔滨",
      "目的地": "武汉",
      "航班类型": "国内航班",
      "航班日期": "2026-01-24",
      "航班代码": "CZ8650",
      "价格": "1150"
    },
    {
      "出发地": "哈尔滨",
      "目的地": "武汉",
      "航班类型": "国内航班",
      "航班日期": "2026-01-25",
      "航班代码": "SC8413/SC2219",
      "价格": "769"
    },
    {
      "出发地": "哈尔滨",
      "目的地": "武汉",
      "航班类型": "国内航班",
      "航班日期": "2026-01-27",
      "航班代码": "9C8682/MU6631",
      "价格": "1448"
    },
    {
      "出发地": "哈尔滨",
      "目的地": "武汉",
      "航班类型": "国内航班",
      "航班日期": "2026-01-29",
      "航班代码": "KN5508/CA8202",
      "价格": "939"
    },
    {
      "出发地": "哈尔滨",
      "目的地": "武汉",
      "航班类型": "国内航班",
      "航班日期": "2026-01-30",
      "航班代码": "QW6099/MU2630",
      "价格": "1567"
    },
    {
      "出发地": "哈尔滨",
      "目的地": "武汉",
      "航班类型": "国内航班",
      "航班日期": "2026-02-05",
      "航班代码": "CA1640/CA8208",
      "价格": "999"
    }
  ]
}