{
  "查询条件": {
    "出发地": "哈尔滨",
    "目的地": "大连"
  },
  "航班数量": 9,
  "航班列表": [
    {
      "出发地": "哈尔滨",
      "目的地": "大连",
      "航班类型": "国内航班",
      "航班日期": "2025-12-17",
      "航班代码": "MU5620/MU5661",
      "价格": "384"
    },
    {
      "出发地": "哈尔滨",
      "目的地": "大连",
      "航班类型": "国内航班",
      "航班日期": "2025-12-18",
      "航班代码": "9C8762/HU7686",
      "价格": "516"
    },
    {
      "出发地": "哈尔滨",
      "目的地": "大连",
      "航班类型": "国内航班",
      "航班日期": "2025-12-19",
      "航班代码": "MU5197/MU5696",
      "价格": "468"
    },
    {
      "出发地": "哈尔滨",
      "目的地": "大连",
      "航班类型": "国内航班",
      "航班日期": "2025-12-21",
      "航班代码": "HU6009/GS6432",
      "价格": "540"
    },
    {
      "出发地": "哈尔滨",
      "目的地": "大连",
      "航班类型": "国内航班",
      "航班日期": "2025-12-23",
      "航班代码": "MU5612/MU5667",
      "价格": "505"
    },
    {
      "出发地": "哈尔滨",
      "目的地": "大连",
      "航班类型": "国内航班",
      "航班日期": "2025-12-27",
      "航班代码": "MU5387/9C6756",
      "价格": "620"
    },
    {
      "出发地": "哈尔滨",
      "目的地": "大连",
      "航班类型": "国内航班",
      "航班日期": "2026-02-11",
      "航班代码": "HU7695/HU7626",
      "价格": "980"
    },
    {
      "出发地": "哈尔滨",
      "目的地": "大连",
      "航班类型": "国内航班",
      "航班日期": "2026-02-12",
      "航班代码": "HU7130/CA1617",
      "价格": "938"
    },
    {
      "出发地": "哈尔滨",
      "目的地": "大连",
      "航班类型": "国内航班",
      "航班日期": "2026-03-01",
      "航班代码": "CZ8963/CZ6132",
      "价格": "1163"
    }
  ]
}