{
  "查询条件": {
    "出发地": "哈尔滨",
    "目的地": "乌鲁木齐"
  },
  "航班数量": 38,
  "航班列表": [
    {
      "出发地": "哈尔滨",
      "目的地": "乌鲁木齐",
      "航班类型": "国内航班",
      "航班日期": "2025-12-16",
      "航班代码": "JD5532/HU7826",
      "价格": "549"
    },
    {
      "出发地": "哈尔滨",
      "目的地": "乌鲁木齐",
      "航班类型": "国内航班",
      "航班日期": "2025-12-17",
      "航班代码": "JD5532/HU7826",
      "价格": "519"
    },
    {
      "出发地": "哈尔滨",
      "目的地": "乌鲁木齐",
      "航班类型": "国内航班",
      "航班日期": "2025-12-18",
      "航班代码": "JD5532/HU7826",
      "价格": "619"
    },
    {
      "出发地": "哈尔滨",
      "目的地": "乌鲁木齐",
      "航班类型": "国内航班",
      "航班日期": "2025-12-19",
      "航班代码": "JD5532/HU7826",
      "价格": "539"
    },
    {
      "出发地": "哈尔滨",
      "目的地": "乌鲁木齐",
      "航班类型": "国内航班",
      "航班日期": "2025-12-20",
      "航班代码": "CZ6217/CZ6906",
      "价格": "550"
    },
    {
      "出发地": "哈尔滨",
      "目的地": "乌鲁木齐",
      "航班类型": "国内航班",
      "航班日期": "2025-12-21",
      "航班代码": "CZ8963/CZ6914",
      "价格": "550"
    },
    {
      "出发地": "哈尔滨",
      "目的地": "乌鲁木齐",
      "航班类型": "国内航班",
      "航班日期": "2025-12-22",
      "航班代码": "CZ6207/CZ8896",
      "价格": "550"
    },
    {
      "出发地": "哈尔滨",
      "目的地": "乌鲁木齐",
      "航班类型": "国内航班",
      "航班日期": "2025-12-23",
      "航班代码": "ZH8596/UQ2590",
      "价格": "809"
    },
    {
      "出发地": "哈尔滨",
      "目的地": "乌鲁木齐",
      "航班类型": "国内航班",
      "航班日期": "2025-12-24",
      "航班代码": "CZ8963/CZ6914",
      "价格": "750"
    },
    {
      "出发地": "哈尔滨",
      "目的地": "乌鲁木齐",
      "航班类型": "国内航班",
      "航班日期": "2025-12-25",
      "航班代码": "CZ6219/CZ6906",
      "价格": "750"
    },
    {
      "出发地": "哈尔滨",
      "目的地": "乌鲁木齐",
      "航班类型": "国内航班",
      "航班日期": "2025-12-26",
      "航班代码": "MU5489/MU6451",
      "价格": "977"
    },
    {
      "出发地": "哈尔滨",
      "目的地": "乌鲁木齐",
      "航班类型": "国内航班",
      "航班日期": "2025-12-27",
      "航班代码": "GS7642/HU7856",
      "价格": "1041"
    },
    {
      "出发地": "哈尔滨",
      "目的地": "乌鲁木齐",
      "航班类型": "国内航班",
      "航班日期": "2025-12-28",
      "航班代码": "CZ8963/CZ6914",
      "价格": "950"
    },
    {
      "出发地": "哈尔滨",
      "目的地": "乌鲁木齐",
      "航班类型": "国内航班",
      "航班日期": "2025-12-29",
      "航班代码": "CZ8963/CZ8896",
      "价格": "950"
    },
    {
      "出发地": "哈尔滨",
      "目的地": "乌鲁木齐",
      "航班类型": "国内航班",
      "航班日期": "2025-12-30",
      "航班代码": "MF8084/HU7822",
      "价格": "1239"
    },
    {
      "出发地": "哈尔滨",
      "目的地": "乌鲁木齐",
      "航班类型": "国内航班",
      "航班日期": "2025-12-31",
      "航班代码": "CZ8963/CZ6906",
      "价格": "950"
    },
    {
      "出发地": "哈尔滨",
      "目的地": "乌鲁木齐",
      "航班类型": "国内航班",
      "航班日期": "2026-01-01",
      "航班代码": "CZ8963/CZ6914",
      "价格": "950"
    },
    {
      "出发地": "哈尔滨",
      "目的地": "乌鲁木齐",
      "航班类型": "国内航班",
      "航班日期": "2026-01-02",
      "航班代码": "SC7940/GS7974",
      "价格": "1037"
    },
    {
      "出发地": "哈尔滨",
      "目的地": "乌鲁木齐",
      "航班类型": "国内航班",
      "航班日期": "2026-01-03",
      "航班代码": "LT6669/HU7856",
      "价格": "1280"
    },
    {
      "出发地": "哈尔滨",
      "目的地": "乌鲁木齐",
      "航班类型": "国内航班",
      "航班日期": "2026-01-04",
      "航班代码": "SC4746/SC4722",
      "价格": "1070"
    },
    {
      "出发地": "哈尔滨",
      "目的地": "乌鲁木齐",
      "航班类型": "国内航班",
      "航班日期": "2026-01-05",
      "航班代码": "HU7627/GS7835",
      "价格": "990"
    },
    {
      "出发地": "哈尔滨",
      "目的地": "乌鲁木齐",
      "航班类型": "国内航班",
      "航班日期": "2026-01-07",
      "航班代码": "GJ8187/GJ8652",
      "价格": "1310"
    },
    {
      "出发地": "哈尔滨",
      "目的地": "乌鲁木齐",
      "航班类型": "国内航班",
      "航班日期": "2026-01-10",
      "航班代码": "HU7560/HU7868",
      "价格": "1360"
    },
    {
      "出发地": "哈尔滨",
      "目的地": "乌鲁木齐",
      "航班类型": "国内航班",
      "航班日期": "2026-01-11",
      "航班代码": "CZ8963/CZ6910",
      "价格": "950"
    },
    {
      "出发地": "哈尔滨",
      "目的地": "乌鲁木齐",
      "航班类型": "国内航班",
      "航班日期": "2026-01-12",
      "航班代码": "KN2326/9C7005",
      "价格": "1300"
    },
    {
      "出发地": "哈尔滨",
      "目的地": "乌鲁木齐",
      "航班类型": "国内航班",
      "航班日期": "2026-01-13",
      "航班代码": "9H8360/9C8845",
      "价格": "1365"
    },
    {
      "出发地": "哈尔滨",
      "目的地": "乌鲁木齐",
      "航班类型": "国内航班",
      "航班日期": "2026-01-14",
      "航班代码": "CA2730/CA2529",
      "价格": "1100"
    },
    {
      "出发地": "哈尔滨",
      "目的地": "乌鲁木齐",
      "航班类型": "国内航班",
      "航班日期": "2026-01-15",
      "航班代码": "ZH4150/ZH4029",
      "价格": "1000"
    },
    {
      "出发地": "哈尔滨",
      "目的地": "乌鲁木齐",
      "航班类型": "国内航班",
      "航班日期": "2026-01-16",
      "航班代码": "MU2212/MU2251",
      "价格": "1017"
    },
    {
      "出发地": "哈尔滨",
      "目的地": "乌鲁木齐",
      "航班类型": "国内航班",
      "航班日期": "2026-01-21",
      "航班代码": "MU2212/MU2251",
      "价格": "1017"
    },
    {
      "出发地": "哈尔滨",
      "目的地": "乌鲁木齐",
      "航班类型": "国内航班",
      "航班日期": "2026-01-24",
      "航班代码": "FU6641/CZ6181",
      "价格": "1595"
    },
    {
      "出发地": "哈尔滨",
      "目的地": "乌鲁木齐",
      "航班类型": "国内航班",
      "航班日期": "2026-01-26",
      "航班代码": "9C8870/MU5633",
      "价格": "1864"
    },
    {
      "出发地": "哈尔滨",
      "目的地": "乌鲁木齐",
      "航班类型": "国内航班",
      "航班日期": "2026-01-28",
      "航班代码": "9C8674/9C7005",
      "价格": "1360"
    },
    {
      "出发地": "哈尔滨",
      "目的地": "乌鲁木齐",
      "航班类型": "国内航班",
      "航班日期": "2026-01-29",
      "航班代码": "9C6190/9C6927",
      "价格": "1710"
    },
    {
      "出发地": "哈尔滨",
      "目的地": "乌鲁木齐",
      "航班类型": "国内航班",
      "航班日期": "2026-02-18",
      "航班代码": "FU6641/CZ6934",
      "价格": "1249"
    },
    {
      "出发地": "哈尔滨",
      "目的地": "乌鲁木齐",
      "航班类型": "国内航班",
      "航班日期": "2026-02-23",
      "航班代码": "9C8674/9C7005",
      "价格": "2685"
    },
    {
      "出发地": "哈尔滨",
      "目的地": "乌鲁木齐",
      "航班类型": "国内航班",
      "航班日期": "2026-02-24",
      "航班代码": "9C8762/JD5279",
      "价格": "2616"
    },
    {
      "出发地": "哈尔滨",
      "目的地": "乌鲁木齐",
      "航班类型": "国内航班",
      "航班日期": "2026-06-02",
      "航班代码": "9C8674/9C7005",
      "价格": "1790"
    }
  ]
}