{
  "查询条件": {
    "出发地": "哈尔滨",
    "目的地": "贵阳"
  },
  "航班数量": 56,
  "航班列表": [
    {
      "出发地": "哈尔滨",
      "目的地": "贵阳",
      "航班类型": "国内航班",
      "航班日期": "2025-12-16",
      "航班代码": "MU5610/FM9459",
      "价格": "421"
    },
    {
      "出发地": "哈尔滨",
      "目的地": "贵阳",
      "航班类型": "国内航班",
      "航班日期": "2025-12-17",
      "航班代码": "G59569R",
      "价格": "730"
    },
    {
      "出发地": "哈尔滨",
      "目的地": "贵阳",
      "航班类型": "国内航班",
      "航班日期": "2025-12-18",
      "航班代码": "CZ6207/CZ3682",
      "价格": "450"
    },
    {
      "出发地": "哈尔滨",
      "目的地": "贵阳",
      "航班类型": "国内航班",
      "航班日期": "2025-12-19",
      "航班代码": "SC7940/SC5027",
      "价格": "700"
    },
    {
      "出发地": "哈尔滨",
      "目的地": "贵阳",
      "航班类型": "国内航班",
      "航班日期": "2025-12-20",
      "航班代码": "JD5532/HU7625",
      "价格": "609"
    },
    {
      "出发地": "哈尔滨",
      "目的地": "贵阳",
      "航班类型": "国内航班",
      "航班日期": "2025-12-21",
      "航班代码": "CZ6201/CZ6188",
      "价格": "450"
    },
    {
      "出发地": "哈尔滨",
      "目的地": "贵阳",
      "航班类型": "国内航班",
      "航班日期": "2025-12-22",
      "航班代码": "SC4791/SC4965",
      "价格": "609"
    },
    {
      "出发地": "哈尔滨",
      "目的地": "贵阳",
      "航班类型": "国内航班",
      "航班日期": "2025-12-23",
      "航班代码": "MU5612/FM9463",
      "价格": "574"
    },
    {
      "出发地": "哈尔滨",
      "目的地": "贵阳",
      "航班类型": "国内航班",
      "航班日期": "2025-12-24",
      "航班代码": "CZ8963/CZ3682",
      "价格": "550"
    },
    {
      "出发地": "哈尔滨",
      "目的地": "贵阳",
      "航班类型": "国内航班",
      "航班日期": "2025-12-25",
      "航班代码": "JD5532/HU7625",
      "价格": "809"
    },
    {
      "出发地": "哈尔滨",
      "目的地": "贵阳",
      "航班类型": "国内航班",
      "航班日期": "2025-12-26",
      "航班代码": "MU5489/MU9073",
      "价格": "890"
    },
    {
      "出发地": "哈尔滨",
      "目的地": "贵阳",
      "航班类型": "国内航班",
      "航班日期": "2025-12-27",
      "航班代码": "8L9616/NS3225",
      "价格": "1009"
    },
    {
      "出发地": "哈尔滨",
      "目的地": "贵阳",
      "航班类型": "国内航班",
      "航班日期": "2025-12-28",
      "航班代码": "CZ8963/CZ3682",
      "价格": "700"
    },
    {
      "出发地": "哈尔滨",
      "目的地": "贵阳",
      "航班类型": "国内航班",
      "航班日期": "2025-12-29",
      "航班代码": "HO1914/9H8496",
      "价格": "895"
    },
    {
      "出发地": "哈尔滨",
      "目的地": "贵阳",
      "航班类型": "国内航班",
      "航班日期": "2025-12-30",
      "航班代码": "CZ8760/CZ3682",
      "价格": "1150"
    },
    {
      "出发地": "哈尔滨",
      "目的地": "贵阳",
      "航班类型": "国内航班",
      "航班日期": "2025-12-31",
      "航班代码": "KN2326/9C7163",
      "价格": "1095"
    },
    {
      "出发地": "哈尔滨",
      "目的地": "贵阳",
      "航班类型": "国内航班",
      "航班日期": "2026-01-01",
      "航班代码": "9C7656/9C8701",
      "价格": "998"
    },
    {
      "出发地": "哈尔滨",
      "目的地": "贵阳",
      "航班类型": "国内航班",
      "航班日期": "2026-01-02",
      "航班代码": "SC7940/FU6581",
      "价格": "1102"
    },
    {
      "出发地": "哈尔滨",
      "目的地": "贵阳",
      "航班类型": "国内航班",
      "航班日期": "2026-01-03",
      "航班代码": "JD5532/9C7163",
      "价格": "1289"
    },
    {
      "出发地": "哈尔滨",
      "目的地": "贵阳",
      "航班类型": "国内航班",
      "航班日期": "2026-01-04",
      "航班代码": "JD5532/NS3225",
      "价格": "946"
    },
    {
      "出发地": "哈尔滨",
      "目的地": "贵阳",
      "航班类型": "国内航班",
      "航班日期": "2026-01-05",
      "航班代码": "JD5532/NS3225",
      "价格": "946"
    },
    {
      "出发地": "哈尔滨",
      "目的地": "贵阳",
      "航班类型": "国内航班",
      "航班日期": "2026-01-06",
      "航班代码": "HU7130/HU7189",
      "价格": "850"
    },
    {
      "出发地": "哈尔滨",
      "目的地": "贵阳",
      "航班类型": "国内航班",
      "航班日期": "2026-01-07",
      "航班代码": "CZ6207/CZ3682",
      "价格": "700"
    },
    {
      "出发地": "哈尔滨",
      "目的地": "贵阳",
      "航班类型": "国内航班",
      "航班日期": "2026-01-08",
      "航班代码": "KN2326/NS3225",
      "价格": "867"
    },
    {
      "出发地": "哈尔滨",
      "目的地": "贵阳",
      "航班类型": "国内航班",
      "航班日期": "2026-01-09",
      "航班代码": "KN2326/NS3225",
      "价格": "862"
    },
    {
      "出发地": "哈尔滨",
      "目的地": "贵阳",
      "航班类型": "国内航班",
      "航班日期": "2026-01-11",
      "航班代码": "MU8014/NS3225",
      "价格": "985"
    },
    {
      "出发地": "哈尔滨",
      "目的地": "贵阳",
      "航班类型": "国内航班",
      "航班日期": "2026-01-12",
      "航班代码": "KN2326/NS3225",
      "价格": "954"
    },
    {
      "出发地": "哈尔滨",
      "目的地": "贵阳",
      "航班类型": "国内航班",
      "航班日期": "2026-01-13",
      "航班代码": "9C8762/NS3225",
      "价格": "913"
    },
    {
      "出发地": "哈尔滨",
      "目的地": "贵阳",
      "航班类型": "国内航班",
      "航班日期": "2026-01-14",
      "航班代码": "KN2326/9C7163",
      "价格": "936"
    },
    {
      "出发地": "哈尔滨",
      "目的地": "贵阳",
      "航班类型": "国内航班",
      "航班日期": "2026-01-15",
      "航班代码": "CA1624/CA4166",
      "价格": "999"
    },
    {
      "出发地": "哈尔滨",
      "目的地": "贵阳",
      "航班类型": "国内航班",
      "航班日期": "2026-01-16",
      "航班代码": "KN2326/9C7163",
      "价格": "943"
    },
    {
      "出发地": "哈尔滨",
      "目的地": "贵阳",
      "航班类型": "国内航班",
      "航班日期": "2026-01-17",
      "航班代码": "SC8413/SC2107",
      "价格": "820"
    },
    {
      "出发地": "哈尔滨",
      "目的地": "贵阳",
      "航班类型": "国内航班",
      "航班日期": "2026-01-18",
      "航班代码": "9C8674/HU7625",
      "价格": "959"
    },
    {
      "出发地": "哈尔滨",
      "目的地": "贵阳",
      "航班类型": "国内航班",
      "航班日期": "2026-01-19",
      "航班代码": "SC4791/SC2105",
      "价格": "819"
    },
    {
      "出发地": "哈尔滨",
      "目的地": "贵阳",
      "航班类型": "国内航班",
      "航班日期": "2026-01-20",
      "航班代码": "CA8384/NS8077",
      "价格": "959"
    },
    {
      "出发地": "哈尔滨",
      "目的地": "贵阳",
      "航班类型": "国内航班",
      "航班日期": "2026-01-21",
      "航班代码": "SC8413/SC2105",
      "价格": "819"
    },
    {
      "出发地": "哈尔滨",
      "目的地": "贵阳",
      "航班类型": "国内航班",
      "航班日期": "2026-01-25",
      "航班代码": "SC8413/SC2107",
      "价格": "820"
    },
    {
      "出发地": "哈尔滨",
      "目的地": "贵阳",
      "航班类型": "国内航班",
      "航班日期": "2026-01-26",
      "航班代码": "SC4791/SC2107",
      "价格": "819"
    },
    {
      "出发地": "哈尔滨",
      "目的地": "贵阳",
      "航班类型": "国内航班",
      "航班日期": "2026-01-27",
      "航班代码": "ZH4150/ZH4047",
      "价格": "1000"
    },
    {
      "出发地": "哈尔滨",
      "目的地": "贵阳",
      "航班类型": "国内航班",
      "航班日期": "2026-01-28",
      "航班代码": "SC4746/SC4799",
      "价格": "680"
    },
    {
      "出发地": "哈尔滨",
      "目的地": "贵阳",
      "航班类型": "国内航班",
      "航班日期": "2026-01-29",
      "航班代码": "CA2998/CA2865",
      "价格": "999"
    },
    {
      "出发地": "哈尔滨",
      "目的地": "贵阳",
      "航班类型": "国内航班",
      "航班日期": "2026-01-30",
      "航班代码": "CA2998/CA2863",
      "价格": "999"
    },
    {
      "出发地": "哈尔滨",
      "目的地": "贵阳",
      "航班类型": "国内航班",
      "航班日期": "2026-01-31",
      "航班代码": "KN2326/HU7625",
      "价格": "1218"
    },
    {
      "出发地": "哈尔滨",
      "目的地": "贵阳",
      "航班类型": "国内航班",
      "航班日期": "2026-02-01",
      "航班代码": "9C8674/HU7625",
      "价格": "1286"
    },
    {
      "出发地": "哈尔滨",
      "目的地": "贵阳",
      "航班类型": "国内航班",
      "航班日期": "2026-02-03",
      "航班代码": "CA1640/CA1463",
      "价格": "999"
    },
    {
      "出发地": "哈尔滨",
      "目的地": "贵阳",
      "航班类型": "国内航班",
      "航班日期": "2026-02-04",
      "航班代码": "9C8674/9C7163",
      "价格": "1326"
    },
    {
      "出发地": "哈尔滨",
      "目的地": "贵阳",
      "航班类型": "国内航班",
      "航班日期": "2026-02-08",
      "航班代码": "9C8674/HU7625",
      "价格": "1429"
    },
    {
      "出发地": "哈尔滨",
      "目的地": "贵阳",
      "航班类型": "国内航班",
      "航班日期": "2026-02-10",
      "航班代码": "JD5532/9C7163",
      "价格": "1508"
    },
    {
      "出发地": "哈尔滨",
      "目的地": "贵阳",
      "航班类型": "国内航班",
      "航班日期": "2026-02-12",
      "航班代码": "9C8762/9C7163",
      "价格": "1756"
    },
    {
      "出发地": "哈尔滨",
      "目的地": "贵阳",
      "航班类型": "国内航班",
      "航班日期": "2026-02-13",
      "航班代码": "FU6641",
      "价格": "1640"
    },
    {
      "出发地": "哈尔滨",
      "目的地": "贵阳",
      "航班类型": "国内航班",
      "航班日期": "2026-02-14",
      "航班代码": "LT6669/G54890",
      "价格": "1735"
    },
    {
      "出发地": "哈尔滨",
      "目的地": "贵阳",
      "航班类型": "国内航班",
      "航班日期": "2026-02-15",
      "航班代码": "JD5532/HU7625",
      "价格": "1319"
    },
    {
      "出发地": "哈尔滨",
      "目的地": "贵阳",
      "航班类型": "国内航班",
      "航班日期": "2026-02-16",
      "航班代码": "HO2009/AQ1332",
      "价格": "1153"
    },
    {
      "出发地": "哈尔滨",
      "目的地": "贵阳",
      "航班类型": "国内航班",
      "航班日期": "2026-02-17",
      "航班代码": "9C8762/9C7163",
      "价格": "1056"
    },
    {
      "出发地": "哈尔滨",
      "目的地": "贵阳",
      "航班类型": "国内航班",
      "航班日期": "2026-02-22",
      "航班代码": "MU2764/HO1703",
      "价格": "2118"
    },
    {
      "出发地": "哈尔滨",
      "目的地": "贵阳",
      "航班类型": "国内航班",
      "航班日期": "2026-02-23",
      "航班代码": "9C8674/9C7163",
      "价格": "2027"
    }
  ]
}