{
  "查询条件": {
    "出发地": "哈尔滨",
    "目的地": "昆明"
  },
  "航班数量": 76,
  "航班列表": [
    {
      "出发地": "哈尔滨",
      "目的地": "昆明",
      "航班类型": "国内航班",
      "航班日期": "2025-12-16",
      "航班代码": "CZ6219/CZ3997",
      "价格": "550"
    },
    {
      "出发地": "哈尔滨",
      "目的地": "昆明",
      "航班类型": "国内航班",
      "航班日期": "2025-12-17",
      "航班代码": "CZ8963/CZ3997",
      "价格": "450"
    },
    {
      "出发地": "哈尔滨",
      "目的地": "昆明",
      "航班类型": "国内航班",
      "航班日期": "2025-12-18",
      "航班代码": "SC9533/SC4825",
      "价格": "600"
    },
    {
      "出发地": "哈尔滨",
      "目的地": "昆明",
      "航班类型": "国内航班",
      "航班日期": "2025-12-19",
      "航班代码": "HO1724/KY8226",
      "价格": "659"
    },
    {
      "出发地": "哈尔滨",
      "目的地": "昆明",
      "航班类型": "国内航班",
      "航班日期": "2025-12-20",
      "航班代码": "CZ6219/CZ3997",
      "价格": "450"
    },
    {
      "出发地": "哈尔滨",
      "目的地": "昆明",
      "航班类型": "国内航班",
      "航班日期": "2025-12-21",
      "航班代码": "CZ6201/CZ3997",
      "价格": "450"
    },
    {
      "出发地": "哈尔滨",
      "目的地": "昆明",
      "航班类型": "国内航班",
      "航班日期": "2025-12-22",
      "航班代码": "CZ8963/CZ3901",
      "价格": "550"
    },
    {
      "出发地": "哈尔滨",
      "目的地": "昆明",
      "航班类型": "国内航班",
      "航班日期": "2025-12-23",
      "航班代码": "CZ6207/CZ3997",
      "价格": "450"
    },
    {
      "出发地": "哈尔滨",
      "目的地": "昆明",
      "航班类型": "国内航班",
      "航班日期": "2025-12-24",
      "航班代码": "SC4746/SC4691",
      "价格": "693"
    },
    {
      "出发地": "哈尔滨",
      "目的地": "昆明",
      "航班类型": "国内航班",
      "航班日期": "2025-12-25",
      "航班代码": "MU5649/MU5453",
      "价格": "840"
    },
    {
      "出发地": "哈尔滨",
      "目的地": "昆明",
      "航班类型": "国内航班",
      "航班日期": "2025-12-26",
      "航班代码": "GJ8187/GJ8150",
      "价格": "870"
    },
    {
      "出发地": "哈尔滨",
      "目的地": "昆明",
      "航班类型": "国内航班",
      "航班日期": "2025-12-27",
      "航班代码": "9C8762/NS3311",
      "价格": "1088"
    },
    {
      "出发地": "哈尔滨",
      "目的地": "昆明",
      "航班类型": "国内航班",
      "航班日期": "2025-12-28",
      "航班代码": "3U6408/3U6619",
      "价格": "969"
    },
    {
      "出发地": "哈尔滨",
      "目的地": "昆明",
      "航班类型": "国内航班",
      "航班日期": "2025-12-29",
      "航班代码": "GJ8187/GJ8150",
      "价格": "1069"
    },
    {
      "出发地": "哈尔滨",
      "目的地": "昆明",
      "航班类型": "国内航班",
      "航班日期": "2025-12-30",
      "航班代码": "MU5387/MU5575",
      "价格": "1111"
    },
    {
      "出发地": "哈尔滨",
      "目的地": "昆明",
      "航班类型": "国内航班",
      "航班日期": "2025-12-31",
      "航班代码": "ZH9747/KY3084",
      "价格": "1140"
    },
    {
      "出发地": "哈尔滨",
      "目的地": "昆明",
      "航班类型": "国内航班",
      "航班日期": "2026-01-01",
      "航班代码": "HU7627/GS7855",
      "价格": "1140"
    },
    {
      "出发地": "哈尔滨",
      "目的地": "昆明",
      "航班类型": "国内航班",
      "航班日期": "2026-01-02",
      "航班代码": "3U3329/3U8248",
      "价格": "1030"
    },
    {
      "出发地": "哈尔滨",
      "目的地": "昆明",
      "航班类型": "国内航班",
      "航班日期": "2026-01-03",
      "航班代码": "ZH9747/KY3084",
      "价格": "1250"
    },
    {
      "出发地": "哈尔滨",
      "目的地": "昆明",
      "航班类型": "国内航班",
      "航班日期": "2026-01-04",
      "航班代码": "CZ6217/CZ6159",
      "价格": "1150"
    },
    {
      "出发地": "哈尔滨",
      "目的地": "昆明",
      "航班类型": "国内航班",
      "航班日期": "2026-01-05",
      "航班代码": "MU5649/MU5888",
      "价格": "1040"
    },
    {
      "出发地": "哈尔滨",
      "目的地": "昆明",
      "航班类型": "国内航班",
      "航班日期": "2026-01-06",
      "航班代码": "CZ8963/CA8647",
      "价格": "1038"
    },
    {
      "出发地": "哈尔滨",
      "目的地": "昆明",
      "航班类型": "国内航班",
      "航班日期": "2026-01-07",
      "航班代码": "CZ6207/CZ3997",
      "价格": "700"
    },
    {
      "出发地": "哈尔滨",
      "目的地": "昆明",
      "航班类型": "国内航班",
      "航班日期": "2026-01-08",
      "航班代码": "CZ8963/CZ6111",
      "价格": "718"
    },
    {
      "出发地": "哈尔滨",
      "目的地": "昆明",
      "航班类型": "国内航班",
      "航班日期": "2026-01-09",
      "航班代码": "MU8014/NS3311",
      "价格": "1064"
    },
    {
      "出发地": "哈尔滨",
      "目的地": "昆明",
      "航班类型": "国内航班",
      "航班日期": "2026-01-10",
      "航班代码": "CZ6207/CZ6111",
      "价格": "700"
    },
    {
      "出发地": "哈尔滨",
      "目的地": "昆明",
      "航班类型": "国内航班",
      "航班日期": "2026-01-11",
      "航班代码": "GS7642/GS7857",
      "价格": "969"
    },
    {
      "出发地": "哈尔滨",
      "目的地": "昆明",
      "航班类型": "国内航班",
      "航班日期": "2026-01-12",
      "航班代码": "GJ8187/GJ8150",
      "价格": "1070"
    },
    {
      "出发地": "哈尔滨",
      "目的地": "昆明",
      "航班类型": "国内航班",
      "航班日期": "2026-01-13",
      "航班代码": "CA2718/CA4413",
      "价格": "999"
    },
    {
      "出发地": "哈尔滨",
      "目的地": "昆明",
      "航班类型": "国内航班",
      "航班日期": "2026-01-14",
      "航班代码": "GJ8187/GJ8150",
      "价格": "870"
    },
    {
      "出发地": "哈尔滨",
      "目的地": "昆明",
      "航班类型": "国内航班",
      "航班日期": "2026-01-15",
      "航班代码": "JD5324/GX7885",
      "价格": "1010"
    },
    {
      "出发地": "哈尔滨",
      "目的地": "昆明",
      "航班类型": "国内航班",
      "航班日期": "2026-01-16",
      "航班代码": "MU9808/MU9758",
      "价格": "986"
    },
    {
      "出发地": "哈尔滨",
      "目的地": "昆明",
      "航班类型": "国内航班",
      "航班日期": "2026-01-17",
      "航班代码": "CA2718/CA4411",
      "价格": "999"
    },
    {
      "出发地": "哈尔滨",
      "目的地": "昆明",
      "航班类型": "国内航班",
      "航班日期": "2026-01-18",
      "航班代码": "3U3329/3U8248",
      "价格": "1050"
    },
    {
      "出发地": "哈尔滨",
      "目的地": "昆明",
      "航班类型": "国内航班",
      "航班日期": "2026-01-19",
      "航班代码": "HU7764/8L9870",
      "价格": "1069"
    },
    {
      "出发地": "哈尔滨",
      "目的地": "昆明",
      "航班类型": "国内航班",
      "航班日期": "2026-01-20",
      "航班代码": "MU9808/MU9758",
      "价格": "1012"
    },
    {
      "出发地": "哈尔滨",
      "目的地": "昆明",
      "航班类型": "国内航班",
      "航班日期": "2026-01-21",
      "航班代码": "MU2212/MU5724",
      "价格": "934"
    },
    {
      "出发地": "哈尔滨",
      "目的地": "昆明",
      "航班类型": "国内航班",
      "航班日期": "2026-01-22",
      "航班代码": "KN2326/KN2317",
      "价格": "1098"
    },
    {
      "出发地": "哈尔滨",
      "目的地": "昆明",
      "航班类型": "国内航班",
      "航班日期": "2026-01-23",
      "航班代码": "9C8870/9C6455",
      "价格": "1426"
    },
    {
      "出发地": "哈尔滨",
      "目的地": "昆明",
      "航班类型": "国内航班",
      "航班日期": "2026-01-24",
      "航班代码": "CA2730/CA4417",
      "价格": "899"
    },
    {
      "出发地": "哈尔滨",
      "目的地": "昆明",
      "航班类型": "国内航班",
      "航班日期": "2026-01-25",
      "航班代码": "MU2212/MU5728",
      "价格": "1093"
    },
    {
      "出发地": "哈尔滨",
      "目的地": "昆明",
      "航班类型": "国内航班",
      "航班日期": "2026-01-26",
      "航班代码": "CA2730/CA4417",
      "价格": "900"
    },
    {
      "出发地": "哈尔滨",
      "目的地": "昆明",
      "航班类型": "国内航班",
      "航班日期": "2026-01-27",
      "航班代码": "KN2326/9C6951",
      "价格": "1006"
    },
    {
      "出发地": "哈尔滨",
      "目的地": "昆明",
      "航班类型": "国内航班",
      "航班日期": "2026-01-28",
      "航班代码": "MU2212/MU5724",
      "价格": "1049"
    },
    {
      "出发地": "哈尔滨",
      "目的地": "昆明",
      "航班类型": "国内航班",
      "航班日期": "2026-01-29",
      "航班代码": "MU2212/MU5724",
      "价格": "986"
    },
    {
      "出发地": "哈尔滨",
      "目的地": "昆明",
      "航班类型": "国内航班",
      "航班日期": "2026-01-30",
      "航班代码": "MU2212/MU5724",
      "价格": "934"
    },
    {
      "出发地": "哈尔滨",
      "目的地": "昆明",
      "航班类型": "国内航班",
      "航班日期": "2026-01-31",
      "航班代码": "G54080/KN5501",
      "价格": "1208"
    },
    {
      "出发地": "哈尔滨",
      "目的地": "昆明",
      "航班类型": "国内航班",
      "航班日期": "2026-02-01",
      "航班代码": "GS7642/HU7549",
      "价格": "1440"
    },
    {
      "出发地": "哈尔滨",
      "目的地": "昆明",
      "航班类型": "国内航班",
      "航班日期": "2026-02-02",
      "航班代码": "9C8674/9C6951",
      "价格": "1551"
    },
    {
      "出发地": "哈尔滨",
      "目的地": "昆明",
      "航班类型": "国内航班",
      "航班日期": "2026-02-03",
      "航班代码": "ZH4150/ZH4025",
      "价格": "1016"
    },
    {
      "出发地": "哈尔滨",
      "目的地": "昆明",
      "航班类型": "国内航班",
      "航班日期": "2026-02-04",
      "航班代码": "9C8870/MU9714",
      "价格": "1588"
    },
    {
      "出发地": "哈尔滨",
      "目的地": "昆明",
      "航班类型": "国内航班",
      "航班日期": "2026-02-05",
      "航班代码": "GS7642/8L9886",
      "价格": "1557"
    },
    {
      "出发地": "哈尔滨",
      "目的地": "昆明",
      "航班类型": "国内航班",
      "航班日期": "2026-02-06",
      "航班代码": "GJ8540/8L9886",
      "价格": "1572"
    },
    {
      "出发地": "哈尔滨",
      "目的地": "昆明",
      "航班类型": "国内航班",
      "航班日期": "2026-02-07",
      "航班代码": "MU5776",
      "价格": "2440"
    },
    {
      "出发地": "哈尔滨",
      "目的地": "昆明",
      "航班类型": "国内航班",
      "航班日期": "2026-02-08",
      "航班代码": "3U6420/3U6615",
      "价格": "1620"
    },
    {
      "出发地": "哈尔滨",
      "目的地": "昆明",
      "航班类型": "国内航班",
      "航班日期": "2026-02-09",
      "航班代码": "HU7764/8L9870",
      "价格": "1632"
    },
    {
      "出发地": "哈尔滨",
      "目的地": "昆明",
      "航班类型": "国内航班",
      "航班日期": "2026-02-10",
      "航班代码": "9H8360/HU7549",
      "价格": "1740"
    },
    {
      "出发地": "哈尔滨",
      "目的地": "昆明",
      "航班类型": "国内航班",
      "航班日期": "2026-02-11",
      "航班代码": "GJ8540/8L9886",
      "价格": "1794"
    },
    {
      "出发地": "哈尔滨",
      "目的地": "昆明",
      "航班类型": "国内航班",
      "航班日期": "2026-02-12",
      "航班代码": "3U6408/TV9961",
      "价格": "1986"
    },
    {
      "出发地": "哈尔滨",
      "目的地": "昆明",
      "航班类型": "国内航班",
      "航班日期": "2026-02-13",
      "航班代码": "3U6408/3U6615",
      "价格": "1710"
    },
    {
      "出发地": "哈尔滨",
      "目的地": "昆明",
      "航班类型": "国内航班",
      "航班日期": "2026-02-14",
      "航班代码": "3U6408/8L9722",
      "价格": "1718"
    },
    {
      "出发地": "哈尔滨",
      "目的地": "昆明",
      "航班类型": "国内航班",
      "航班日期": "2026-02-15",
      "航班代码": "HU7764/DZ6344",
      "价格": "1569"
    },
    {
      "出发地": "哈尔滨",
      "目的地": "昆明",
      "航班类型": "国内航班",
      "航班日期": "2026-02-16",
      "航班代码": "HU7068/DR6536",
      "价格": "1360"
    },
    {
      "出发地": "哈尔滨",
      "目的地": "昆明",
      "航班类型": "国内航班",
      "航班日期": "2026-02-17",
      "航班代码": "9H8456/A67150",
      "价格": "1575"
    },
    {
      "出发地": "哈尔滨",
      "目的地": "昆明",
      "航班类型": "国内航班",
      "航班日期": "2026-02-18",
      "航班代码": "SC4845/A67108",
      "价格": "1610"
    },
    {
      "出发地": "哈尔滨",
      "目的地": "昆明",
      "航班类型": "国内航班",
      "航班日期": "2026-02-19",
      "航班代码": "9C8762/9C6951",
      "价格": "1944"
    },
    {
      "出发地": "哈尔滨",
      "目的地": "昆明",
      "航班类型": "国内航班",
      "航班日期": "2026-02-20",
      "航班代码": "SC4853/DZ6372",
      "价格": "2060"
    },
    {
      "出发地": "哈尔滨",
      "目的地": "昆明",
      "航班类型": "国内航班",
      "航班日期": "2026-02-21",
      "航班代码": "MU5387/GJ8376",
      "价格": "2181"
    },
    {
      "出发地": "哈尔滨",
      "目的地": "昆明",
      "航班类型": "国内航班",
      "航班日期": "2026-02-22",
      "航班代码": "MU9808/A67108",
      "价格": "2266"
    },
    {
      "出发地": "哈尔滨",
      "目的地": "昆明",
      "航班类型": "国内航班",
      "航班日期": "2026-02-23",
      "航班代码": "MU9808/DZ6372",
      "价格": "2219"
    },
    {
      "出发地": "哈尔滨",
      "目的地": "昆明",
      "航班类型": "国内航班",
      "航班日期": "2026-02-24",
      "航班代码": "9C8762/9C6951",
      "价格": "2017"
    },
    {
      "出发地": "哈尔滨",
      "目的地": "昆明",
      "航班类型": "国内航班",
      "航班日期": "2026-02-25",
      "航班代码": "MU5387/GJ8376",
      "价格": "1881"
    },
    {
      "出发地": "哈尔滨",
      "目的地": "昆明",
      "航班类型": "国内航班",
      "航班日期": "2026-02-26",
      "航班代码": "MU9808/DZ6344",
      "价格": "1796"
    },
    {
      "出发地": "哈尔滨",
      "目的地": "昆明",
      "航班类型": "国内航班",
      "航班日期": "2026-02-27",
      "航班代码": "MU9808/A67108",
      "价格": "1749"
    },
    {
      "出发地": "哈尔滨",
      "目的地": "昆明",
      "航班类型": "国内航班",
      "航班日期": "2026-02-28",
      "航班代码": "MU5776",
      "价格": "2450"
    },
    {
      "出发地": "哈尔滨",
      "目的地": "昆明",
      "航班类型": "国内航班",
      "航班日期": "2026-07-10",
      "航班代码": "9C8674/9C6951",
      "价格": "1280"
    }
  ]
}