{
  "查询条件": {
    "出发地": "哈尔滨",
    "目的地": "深圳"
  },
  "航班数量": 80,
  "航班列表": [
    {
      "出发地": "哈尔滨",
      "目的地": "深圳",
      "航班类型": "国内航班",
      "航班日期": "2025-12-16",
      "航班代码": "CZ6207/CZ3158",
      "价格": "480"
    },
    {
      "出发地": "哈尔滨",
      "目的地": "深圳",
      "航班类型": "国内航班",
      "航班日期": "2025-12-17",
      "航班代码": "CZ8963/CZ3156",
      "价格": "480"
    },
    {
      "出发地": "哈尔滨",
      "目的地": "深圳",
      "航班类型": "国内航班",
      "航班日期": "2025-12-18",
      "航班代码": "CZ8760/CZ3156",
      "价格": "480"
    },
    {
      "出发地": "哈尔滨",
      "目的地": "深圳",
      "航班类型": "国内航班",
      "航班日期": "2025-12-19",
      "航班代码": "CZ8963/CZ3156",
      "价格": "480"
    },
    {
      "出发地": "哈尔滨",
      "目的地": "深圳",
      "航班类型": "国内航班",
      "航班日期": "2025-12-20",
      "航班代码": "CZ8760/CZ3156",
      "价格": "480"
    },
    {
      "出发地": "哈尔滨",
      "目的地": "深圳",
      "航班类型": "国内航班",
      "航班日期": "2025-12-21",
      "航班代码": "CZ8963/CZ3156",
      "价格": "480"
    },
    {
      "出发地": "哈尔滨",
      "目的地": "深圳",
      "航班类型": "国内航班",
      "航班日期": "2025-12-22",
      "航班代码": "CZ8963/CZ3156",
      "价格": "480"
    },
    {
      "出发地": "哈尔滨",
      "目的地": "深圳",
      "航班类型": "国内航班",
      "航班日期": "2025-12-23",
      "航班代码": "CZ8760/CZ3156",
      "价格": "480"
    },
    {
      "出发地": "哈尔滨",
      "目的地": "深圳",
      "航班类型": "国内航班",
      "航班日期": "2025-12-24",
      "航班代码": "CZ6268/CZ3156",
      "价格": "550"
    },
    {
      "出发地": "哈尔滨",
      "目的地": "深圳",
      "航班类型": "国内航班",
      "航班日期": "2025-12-25",
      "航班代码": "FU6641/HU7746",
      "价格": "779"
    },
    {
      "出发地": "哈尔滨",
      "目的地": "深圳",
      "航班类型": "国内航班",
      "航班日期": "2025-12-26",
      "航班代码": "CA1640/CA1303",
      "价格": "822"
    },
    {
      "出发地": "哈尔滨",
      "目的地": "深圳",
      "航班类型": "国内航班",
      "航班日期": "2025-12-27",
      "航班代码": "9C7656/9C6874",
      "价格": "989"
    },
    {
      "出发地": "哈尔滨",
      "目的地": "深圳",
      "航班类型": "国内航班",
      "航班日期": "2025-12-28",
      "航班代码": "CZ8963/CZ3156",
      "价格": "700"
    },
    {
      "出发地": "哈尔滨",
      "目的地": "深圳",
      "航班类型": "国内航班",
      "航班日期": "2025-12-29",
      "航班代码": "CZ8963/CZ3156",
      "价格": "850"
    },
    {
      "出发地": "哈尔滨",
      "目的地": "深圳",
      "航班类型": "国内航班",
      "航班日期": "2025-12-30",
      "航班代码": "CZ8760/CZ3156",
      "价格": "1150"
    },
    {
      "出发地": "哈尔滨",
      "目的地": "深圳",
      "航班类型": "国内航班",
      "航班日期": "2025-12-31",
      "航班代码": "3U3160/MF8345",
      "价格": "1003"
    },
    {
      "出发地": "哈尔滨",
      "目的地": "深圳",
      "航班类型": "国内航班",
      "航班日期": "2026-01-01",
      "航班代码": "MF8816/HU7398",
      "价格": "1034"
    },
    {
      "出发地": "哈尔滨",
      "目的地": "深圳",
      "航班类型": "国内航班",
      "航班日期": "2026-01-02",
      "航班代码": "3U3335/ZH9946",
      "价格": "1142"
    },
    {
      "出发地": "哈尔滨",
      "目的地": "深圳",
      "航班类型": "国内航班",
      "航班日期": "2026-01-03",
      "航班代码": "ZH9747/ZH9142",
      "价格": "1520"
    },
    {
      "出发地": "哈尔滨",
      "目的地": "深圳",
      "航班类型": "国内航班",
      "航班日期": "2026-01-04",
      "航班代码": "HU7130/HU7701",
      "价格": "1149"
    },
    {
      "出发地": "哈尔滨",
      "目的地": "深圳",
      "航班类型": "国内航班",
      "航班日期": "2026-01-05",
      "航班代码": "CN7140/HU7701",
      "价格": "960"
    },
    {
      "出发地": "哈尔滨",
      "目的地": "深圳",
      "航班类型": "国内航班",
      "航班日期": "2026-01-06",
      "航班代码": "CZ8963/CZ3156",
      "价格": "700"
    },
    {
      "出发地": "哈尔滨",
      "目的地": "深圳",
      "航班类型": "国内航班",
      "航班日期": "2026-01-07",
      "航班代码": "MF8814/HU7398",
      "价格": "940"
    },
    {
      "出发地": "哈尔滨",
      "目的地": "深圳",
      "航班类型": "国内航班",
      "航班日期": "2026-01-08",
      "航班代码": "MF8814/HU7398",
      "价格": "1040"
    },
    {
      "出发地": "哈尔滨",
      "目的地": "深圳",
      "航班类型": "国内航班",
      "航班日期": "2026-01-09",
      "航班代码": "MF8814/HU7396",
      "价格": "911"
    },
    {
      "出发地": "哈尔滨",
      "目的地": "深圳",
      "航班类型": "国内航班",
      "航班日期": "2026-01-10",
      "航班代码": "CZ6207/CZ3156",
      "价格": "700"
    },
    {
      "出发地": "哈尔滨",
      "目的地": "深圳",
      "航班类型": "国内航班",
      "航班日期": "2026-01-11",
      "航班代码": "MU8014/9C6540",
      "价格": "962"
    },
    {
      "出发地": "哈尔滨",
      "目的地": "深圳",
      "航班类型": "国内航班",
      "航班日期": "2026-01-12",
      "航班代码": "AQ1576/9C6874",
      "价格": "956"
    },
    {
      "出发地": "哈尔滨",
      "目的地": "深圳",
      "航班类型": "国内航班",
      "航班日期": "2026-01-13",
      "航班代码": "9C7656/9C6874",
      "价格": "974"
    },
    {
      "出发地": "哈尔滨",
      "目的地": "深圳",
      "航班类型": "国内航班",
      "航班日期": "2026-01-14",
      "航班代码": "KN5020/KN5251",
      "价格": "899"
    },
    {
      "出发地": "哈尔滨",
      "目的地": "深圳",
      "航班类型": "国内航班",
      "航班日期": "2026-01-15",
      "航班代码": "JD5324/Y87526",
      "价格": "900"
    },
    {
      "出发地": "哈尔滨",
      "目的地": "深圳",
      "航班类型": "国内航班",
      "航班日期": "2026-01-16",
      "航班代码": "CA1642/CA1393",
      "价格": "999"
    },
    {
      "出发地": "哈尔滨",
      "目的地": "深圳",
      "航班类型": "国内航班",
      "航班日期": "2026-01-17",
      "航班代码": "CA1622/ZH9112",
      "价格": "978"
    },
    {
      "出发地": "哈尔滨",
      "目的地": "深圳",
      "航班类型": "国内航班",
      "航班日期": "2026-01-18",
      "航班代码": "KN2326/9C6540",
      "价格": "982"
    },
    {
      "出发地": "哈尔滨",
      "目的地": "深圳",
      "航班类型": "国内航班",
      "航班日期": "2026-01-19",
      "航班代码": "SC4746/SC4681",
      "价格": "829"
    },
    {
      "出发地": "哈尔滨",
      "目的地": "深圳",
      "航班类型": "国内航班",
      "航班日期": "2026-01-20",
      "航班代码": "9C6190/9C8917",
      "价格": "1137"
    },
    {
      "出发地": "哈尔滨",
      "目的地": "深圳",
      "航班类型": "国内航班",
      "航班日期": "2026-01-21",
      "航班代码": "9C8674/9C6540",
      "价格": "1014"
    },
    {
      "出发地": "哈尔滨",
      "目的地": "深圳",
      "航班类型": "国内航班",
      "航班日期": "2026-01-22",
      "航班代码": "MU5620/MU5343",
      "价格": "1120"
    },
    {
      "出发地": "哈尔滨",
      "目的地": "深圳",
      "航班类型": "国内航班",
      "航班日期": "2026-01-23",
      "航班代码": "SC4746/SC4681",
      "价格": "829"
    },
    {
      "出发地": "哈尔滨",
      "目的地": "深圳",
      "航班类型": "国内航班",
      "航班日期": "2026-01-24",
      "航班代码": "9C6190/MU5359",
      "价格": "1046"
    },
    {
      "出发地": "哈尔滨",
      "目的地": "深圳",
      "航班类型": "国内航班",
      "航班日期": "2026-01-25",
      "航班代码": "9C8674/9C6540",
      "价格": "1017"
    },
    {
      "出发地": "哈尔滨",
      "目的地": "深圳",
      "航班类型": "国内航班",
      "航班日期": "2026-01-26",
      "航班代码": "CA2730/CA4337",
      "价格": "910"
    },
    {
      "出发地": "哈尔滨",
      "目的地": "深圳",
      "航班类型": "国内航班",
      "航班日期": "2026-01-27",
      "航班代码": "KN5020/KN5251",
      "价格": "910"
    },
    {
      "出发地": "哈尔滨",
      "目的地": "深圳",
      "航班类型": "国内航班",
      "航班日期": "2026-01-28",
      "航班代码": "9C8870/9C8917",
      "价格": "1114"
    },
    {
      "出发地": "哈尔滨",
      "目的地": "深圳",
      "航班类型": "国内航班",
      "航班日期": "2026-01-29",
      "航班代码": "9C7656/9C6874",
      "价格": "1015"
    },
    {
      "出发地": "哈尔滨",
      "目的地": "深圳",
      "航班类型": "国内航班",
      "航班日期": "2026-01-30",
      "航班代码": "GJ8104/9C6874",
      "价格": "1001"
    },
    {
      "出发地": "哈尔滨",
      "目的地": "深圳",
      "航班类型": "国内航班",
      "航班日期": "2026-01-31",
      "航班代码": "CA2718/CA4337",
      "价格": "999"
    },
    {
      "出发地": "哈尔滨",
      "目的地": "深圳",
      "航班类型": "国内航班",
      "航班日期": "2026-02-01",
      "航班代码": "MU8014/9C6540",
      "价格": "993"
    },
    {
      "出发地": "哈尔滨",
      "目的地": "深圳",
      "航班类型": "国内航班",
      "航班日期": "2026-02-03",
      "航班代码": "ZH4150/ZH4425",
      "价格": "1000"
    },
    {
      "出发地": "哈尔滨",
      "目的地": "深圳",
      "航班类型": "国内航班",
      "航班日期": "2026-02-04",
      "航班代码": "GJ8104/9C6874",
      "价格": "1209"
    },
    {
      "出发地": "哈尔滨",
      "目的地": "深圳",
      "航班类型": "国内航班",
      "航班日期": "2026-02-05",
      "航班代码": "CA1640/CA1303",
      "价格": "999"
    },
    {
      "出发地": "哈尔滨",
      "目的地": "深圳",
      "航班类型": "国内航班",
      "航班日期": "2026-02-06",
      "航班代码": "9C7656/9C6874",
      "价格": "935"
    },
    {
      "出发地": "哈尔滨",
      "目的地": "深圳",
      "航班类型": "国内航班",
      "航班日期": "2026-02-07",
      "航班代码": "CA1640/CA1303",
      "价格": "999"
    },
    {
      "出发地": "哈尔滨",
      "目的地": "深圳",
      "航班类型": "国内航班",
      "航班日期": "2026-02-08",
      "航班代码": "3U3311/9C8955",
      "价格": "1457"
    },
    {
      "出发地": "哈尔滨",
      "目的地": "深圳",
      "航班类型": "国内航班",
      "航班日期": "2026-02-09",
      "航班代码": "9C8674/9C6540",
      "价格": "908"
    },
    {
      "出发地": "哈尔滨",
      "目的地": "深圳",
      "航班类型": "国内航班",
      "航班日期": "2026-02-10",
      "航班代码": "HO1948",
      "价格": "1260"
    },
    {
      "出发地": "哈尔滨",
      "目的地": "深圳",
      "航班类型": "国内航班",
      "航班日期": "2026-02-11",
      "航班代码": "9C8674/9C6540",
      "价格": "1296"
    },
    {
      "出发地": "哈尔滨",
      "目的地": "深圳",
      "航班类型": "国内航班",
      "航班日期": "2026-02-12",
      "航班代码": "MF8814/ZH9898",
      "价格": "1066"
    },
    {
      "出发地": "哈尔滨",
      "目的地": "深圳",
      "航班类型": "国内航班",
      "航班日期": "2026-02-13",
      "航班代码": "9C8674/9C6540",
      "价格": "1407"
    },
    {
      "出发地": "哈尔滨",
      "目的地": "深圳",
      "航班类型": "国内航班",
      "航班日期": "2026-02-14",
      "航班代码": "HU7130/CA1307",
      "价格": "1348"
    },
    {
      "出发地": "哈尔滨",
      "目的地": "深圳",
      "航班类型": "国内航班",
      "航班日期": "2026-02-15",
      "航班代码": "JD5324/9C6596",
      "价格": "1487"
    },
    {
      "出发地": "哈尔滨",
      "目的地": "深圳",
      "航班类型": "国内航班",
      "航班日期": "2026-02-16",
      "航班代码": "HO1948",
      "价格": "900"
    },
    {
      "出发地": "哈尔滨",
      "目的地": "深圳",
      "航班类型": "国内航班",
      "航班日期": "2026-02-17",
      "航班代码": "DZ6252",
      "价格": "1080"
    },
    {
      "出发地": "哈尔滨",
      "目的地": "深圳",
      "航班类型": "国内航班",
      "航班日期": "2026-02-18",
      "航班代码": "9C8674/9C6540",
      "价格": "1518"
    },
    {
      "出发地": "哈尔滨",
      "目的地": "深圳",
      "航班类型": "国内航班",
      "航班日期": "2026-02-19",
      "航班代码": "CN7140/CA1393",
      "价格": "1448"
    },
    {
      "出发地": "哈尔滨",
      "目的地": "深圳",
      "航班类型": "国内航班",
      "航班日期": "2026-02-20",
      "航班代码": "CZ6219/CA1307",
      "价格": "2127"
    },
    {
      "出发地": "哈尔滨",
      "目的地": "深圳",
      "航班类型": "国内航班",
      "航班日期": "2026-02-21",
      "航班代码": "3U3321/CZ3352",
      "价格": "2523"
    },
    {
      "出发地": "哈尔滨",
      "目的地": "深圳",
      "航班类型": "国内航班",
      "航班日期": "2026-02-22",
      "航班代码": "3U3315/9C8917",
      "价格": "2613"
    },
    {
      "出发地": "哈尔滨",
      "目的地": "深圳",
      "航班类型": "国内航班",
      "航班日期": "2026-02-23",
      "航班代码": "MF8094/CZ8588",
      "价格": "2307"
    },
    {
      "出发地": "哈尔滨",
      "目的地": "深圳",
      "航班类型": "国内航班",
      "航班日期": "2026-02-24",
      "航班代码": "FM9066/9C8881",
      "价格": "2356"
    },
    {
      "出发地": "哈尔滨",
      "目的地": "深圳",
      "航班类型": "国内航班",
      "航班日期": "2026-02-25",
      "航班代码": "FM9066/HO1881",
      "价格": "2420"
    },
    {
      "出发地": "哈尔滨",
      "目的地": "深圳",
      "航班类型": "国内航班",
      "航班日期": "2026-02-26",
      "航班代码": "HO1724/HU7356",
      "价格": "2249"
    },
    {
      "出发地": "哈尔滨",
      "目的地": "深圳",
      "航班类型": "国内航班",
      "航班日期": "2026-02-27",
      "航班代码": "FU6641/Y87528",
      "价格": "2116"
    },
    {
      "出发地": "哈尔滨",
      "目的地": "深圳",
      "航班类型": "国内航班",
      "航班日期": "2026-02-28",
      "航班代码": "9C8762/9C6540",
      "价格": "2170"
    },
    {
      "出发地": "哈尔滨",
      "目的地": "深圳",
      "航班类型": "国内航班",
      "航班日期": "2026-03-01",
      "航班代码": "CZ8963/DZ6210",
      "价格": "1662"
    },
    {
      "出发地": "哈尔滨",
      "目的地": "深圳",
      "航班类型": "国内航班",
      "航班日期": "2026-03-02",
      "航班代码": "MU5620/9C8955",
      "价格": "1369"
    },
    {
      "出发地": "哈尔滨",
      "目的地": "深圳",
      "航班类型": "国内航班",
      "航班日期": "2026-03-03",
      "航班代码": "9C6190/9C8917",
      "价格": "1297"
    },
    {
      "出发地": "哈尔滨",
      "目的地": "深圳",
      "航班类型": "国内航班",
      "航班日期": "2026-03-04",
      "航班代码": "LT6663",
      "价格": "1280"
    },
    {
      "出发地": "哈尔滨",
      "目的地": "深圳",
      "航班类型": "国内航班",
      "航班日期": "2026-03-05",
      "航班代码": "9C6190/9C7519",
      "价格": "1216"
    },
    {
      "出发地": "哈尔滨",
      "目的地": "深圳",
      "航班类型": "国内航班",
      "航班日期": "2026-03-12",
      "航班代码": "9C6190/9C8917",
      "价格": "901"
    }
  ]
}