{
  "查询条件": {
    "出发地": "哈尔滨",
    "目的地": "沈阳"
  },
  "航班数量": 11,
  "航班列表": [
    {
      "出发地": "哈尔滨",
      "目的地": "沈阳",
      "航班类型": "国内航班",
      "航班日期": "2025-12-17",
      "航班代码": "ZH9676/ZH9716",
      "价格": "409"
    },
    {
      "出发地": "哈尔滨",
      "目的地": "沈阳",
      "航班类型": "国内航班",
      "航班日期": "2025-12-21",
      "航班代码": "HU6009/ZH9716",
      "价格": "589"
    },
    {
      "出发地": "哈尔滨",
      "目的地": "沈阳",
      "航班类型": "国内航班",
      "航班日期": "2026-02-13",
      "航班代码": "GJ8980/9C7026",
      "价格": "1547"
    },
    {
      "出发地": "哈尔滨",
      "目的地": "沈阳",
      "航班类型": "国内航班",
      "航班日期": "2026-02-14",
      "航班代码": "FU6641/9C6782",
      "价格": "1458"
    },
    {
      "出发地": "哈尔滨",
      "目的地": "沈阳",
      "航班类型": "国内航班",
      "航班日期": "2026-02-15",
      "航班代码": "HU7130/CZ6102",
      "价格": "899"
    },
    {
      "出发地": "哈尔滨",
      "目的地": "沈阳",
      "航班类型": "国内航班",
      "航班日期": "2026-02-19",
      "航班代码": "9C6426/9C6782",
      "价格": "985"
    },
    {
      "出发地": "哈尔滨",
      "目的地": "沈阳",
      "航班类型": "国内航班",
      "航班日期": "2026-02-20",
      "航班代码": "FU6641/DR5065",
      "价格": "1239"
    },
    {
      "出发地": "哈尔滨",
      "目的地": "沈阳",
      "航班类型": "国内航班",
      "航班日期": "2026-02-21",
      "航班代码": "FU6641/9C6782",
      "价格": "1468"
    },
    {
      "出发地": "哈尔滨",
      "目的地": "沈阳",
      "航班类型": "国内航班",
      "航班日期": "2026-02-25",
      "航班代码": "MU5387/GJ8375",
      "价格": "1450"
    },
    {
      "出发地": "哈尔滨",
      "目的地": "沈阳",
      "航班类型": "国内航班",
      "航班日期": "2026-02-28",
      "航班代码": "FU6641/9C6782",
      "价格": "1328"
    },
    {
      "出发地": "哈尔滨",
      "目的地": "沈阳",
      "航班类型": "国内航班",
      "航班日期": "2026-03-01",
      "航班代码": "CZ8963/CZ6102",
      "价格": "1342"
    }
  ]
}