{
  "查询条件": {
    "出发地": "哈尔滨",
    "目的地": "郑州"
  },
  "航班数量": 42,
  "航班列表": [
    {
      "出发地": "哈尔滨",
      "目的地": "郑州",
      "航班类型": "国内航班",
      "航班日期": "2025-12-16",
      "航班代码": "PN6538",
      "价格": "500"
    },
    {
      "出发地": "哈尔滨",
      "目的地": "郑州",
      "航班类型": "国内航班",
      "航班日期": "2025-12-17",
      "航班代码": "CA1612/CA1913",
      "价格": "396"
    },
    {
      "出发地": "哈尔滨",
      "目的地": "郑州",
      "航班类型": "国内航班",
      "航班日期": "2025-12-18",
      "航班代码": "PN6538",
      "价格": "350"
    },
    {
      "出发地": "哈尔滨",
      "目的地": "郑州",
      "航班类型": "国内航班",
      "航班日期": "2025-12-19",
      "航班代码": "MF5137",
      "价格": "450"
    },
    {
      "出发地": "哈尔滨",
      "目的地": "郑州",
      "航班类型": "国内航班",
      "航班日期": "2025-12-20",
      "航班代码": "PN6538",
      "价格": "420"
    },
    {
      "出发地": "哈尔滨",
      "目的地": "郑州",
      "航班类型": "国内航班",
      "航班日期": "2025-12-21",
      "航班代码": "SC4746/SC4877",
      "价格": "499"
    },
    {
      "出发地": "哈尔滨",
      "目的地": "郑州",
      "航班类型": "国内航班",
      "航班日期": "2025-12-22",
      "航班代码": "MU5387/MU5575",
      "价格": "590"
    },
    {
      "出发地": "哈尔滨",
      "目的地": "郑州",
      "航班类型": "国内航班",
      "航班日期": "2025-12-23",
      "航班代码": "SC4746/SC4877",
      "价格": "495"
    },
    {
      "出发地": "哈尔滨",
      "目的地": "郑州",
      "航班类型": "国内航班",
      "航班日期": "2025-12-24",
      "航班代码": "QW9882/QW9823",
      "价格": "573"
    },
    {
      "出发地": "哈尔滨",
      "目的地": "郑州",
      "航班类型": "国内航班",
      "航班日期": "2025-12-25",
      "航班代码": "FM9066/MU5395",
      "价格": "605"
    },
    {
      "出发地": "哈尔滨",
      "目的地": "郑州",
      "航班类型": "国内航班",
      "航班日期": "2025-12-26",
      "航班代码": "CA1640/CA1913",
      "价格": "630"
    },
    {
      "出发地": "哈尔滨",
      "目的地": "郑州",
      "航班类型": "国内航班",
      "航班日期": "2025-12-27",
      "航班代码": "LT6669/EU2705",
      "价格": "829"
    },
    {
      "出发地": "哈尔滨",
      "目的地": "郑州",
      "航班类型": "国内航班",
      "航班日期": "2025-12-28",
      "航班代码": "KN5508/CA1915",
      "价格": "993"
    },
    {
      "出发地": "哈尔滨",
      "目的地": "郑州",
      "航班类型": "国内航班",
      "航班日期": "2025-12-29",
      "航班代码": "MU5387/MU5575",
      "价格": "877"
    },
    {
      "出发地": "哈尔滨",
      "目的地": "郑州",
      "航班类型": "国内航班",
      "航班日期": "2025-12-30",
      "航班代码": "MU5387/MU5575",
      "价格": "726"
    },
    {
      "出发地": "哈尔滨",
      "目的地": "郑州",
      "航班类型": "国内航班",
      "航班日期": "2025-12-31",
      "航班代码": "CA1642/CA1915",
      "价格": "989"
    },
    {
      "出发地": "哈尔滨",
      "目的地": "郑州",
      "航班类型": "国内航班",
      "航班日期": "2026-01-01",
      "航班代码": "MU5387/MU5575",
      "价格": "909"
    },
    {
      "出发地": "哈尔滨",
      "目的地": "郑州",
      "航班类型": "国内航班",
      "航班日期": "2026-01-02",
      "航班代码": "MU5387/MU5575",
      "价格": "796"
    },
    {
      "出发地": "哈尔滨",
      "目的地": "郑州",
      "航班类型": "国内航班",
      "航班日期": "2026-01-04",
      "航班代码": "CZ4717",
      "价格": "900"
    },
    {
      "出发地": "哈尔滨",
      "目的地": "郑州",
      "航班类型": "国内航班",
      "航班日期": "2026-01-05",
      "航班代码": "MU5387/MU5575",
      "价格": "720"
    },
    {
      "出发地": "哈尔滨",
      "目的地": "郑州",
      "航班类型": "国内航班",
      "航班日期": "2026-01-06",
      "航班代码": "MU5387/MU5575",
      "价格": "680"
    },
    {
      "出发地": "哈尔滨",
      "目的地": "郑州",
      "航班类型": "国内航班",
      "航班日期": "2026-01-07",
      "航班代码": "MU5387/MU5575",
      "价格": "688"
    },
    {
      "出发地": "哈尔滨",
      "目的地": "郑州",
      "航班类型": "国内航班",
      "航班日期": "2026-01-08",
      "航班代码": "MU5387/MU5575",
      "价格": "794"
    },
    {
      "出发地": "哈尔滨",
      "目的地": "郑州",
      "航班类型": "国内航班",
      "航班日期": "2026-01-09",
      "航班代码": "MU5387/MU5575",
      "价格": "794"
    },
    {
      "出发地": "哈尔滨",
      "目的地": "郑州",
      "航班类型": "国内航班",
      "航班日期": "2026-01-10",
      "航班代码": "CN7140/CA1915",
      "价格": "826"
    },
    {
      "出发地": "哈尔滨",
      "目的地": "郑州",
      "航班类型": "国内航班",
      "航班日期": "2026-01-11",
      "航班代码": "MU5387/MU5575",
      "价格": "705"
    },
    {
      "出发地": "哈尔滨",
      "目的地": "郑州",
      "航班类型": "国内航班",
      "航班日期": "2026-01-13",
      "航班代码": "MU5387/MU5575",
      "价格": "690"
    },
    {
      "出发地": "哈尔滨",
      "目的地": "郑州",
      "航班类型": "国内航班",
      "航班日期": "2026-01-15",
      "航班代码": "MU5649/MU6353",
      "价格": "740"
    },
    {
      "出发地": "哈尔滨",
      "目的地": "郑州",
      "航班类型": "国内航班",
      "航班日期": "2026-01-16",
      "航班代码": "SC4746/SC4877",
      "价格": "739"
    },
    {
      "出发地": "哈尔滨",
      "目的地": "郑州",
      "航班类型": "国内航班",
      "航班日期": "2026-01-17",
      "航班代码": "CA1622/CA1913",
      "价格": "800"
    },
    {
      "出发地": "哈尔滨",
      "目的地": "郑州",
      "航班类型": "国内航班",
      "航班日期": "2026-01-20",
      "航班代码": "MU5387/MU5575",
      "价格": "726"
    },
    {
      "出发地": "哈尔滨",
      "目的地": "郑州",
      "航班类型": "国内航班",
      "航班日期": "2026-01-24",
      "航班代码": "MU5387/MU5575",
      "价格": "788"
    },
    {
      "出发地": "哈尔滨",
      "目的地": "郑州",
      "航班类型": "国内航班",
      "航班日期": "2026-01-27",
      "航班代码": "MU5387/MU5575",
      "价格": "918"
    },
    {
      "出发地": "哈尔滨",
      "目的地": "郑州",
      "航班类型": "国内航班",
      "航班日期": "2026-02-06",
      "航班代码": "HO7562",
      "价格": "1190"
    },
    {
      "出发地": "哈尔滨",
      "目的地": "郑州",
      "航班类型": "国内航班",
      "航班日期": "2026-02-09",
      "航班代码": "3U3347",
      "价格": "1230"
    },
    {
      "出发地": "哈尔滨",
      "目的地": "郑州",
      "航班类型": "国内航班",
      "航班日期": "2026-02-10",
      "航班代码": "MF5137",
      "价格": "1230"
    },
    {
      "出发地": "哈尔滨",
      "目的地": "郑州",
      "航班类型": "国内航班",
      "航班日期": "2026-02-11",
      "航班代码": "MF5137",
      "价格": "1230"
    },
    {
      "出发地": "哈尔滨",
      "目的地": "郑州",
      "航班类型": "国内航班",
      "航班日期": "2026-02-12",
      "航班代码": "MF5137",
      "价格": "1390"
    },
    {
      "出发地": "哈尔滨",
      "目的地": "郑州",
      "航班类型": "国内航班",
      "航班日期": "2026-02-15",
      "航班代码": "FU6641/GS6653",
      "价格": "1392"
    },
    {
      "出发地": "哈尔滨",
      "目的地": "郑州",
      "航班类型": "国内航班",
      "航班日期": "2026-02-26",
      "航班代码": "FU6641/CZ8512",
      "价格": "1401"
    },
    {
      "出发地": "哈尔滨",
      "目的地": "郑州",
      "航班类型": "国内航班",
      "航班日期": "2026-03-01",
      "航班代码": "FU6641/GS6653",
      "价格": "1147"
    },
    {
      "出发地": "哈尔滨",
      "目的地": "郑州",
      "航班类型": "国内航班",
      "航班日期": "2026-03-13",
      "航班代码": "9C8870/FM9323",
      "价格": "755"
    }
  ]
}