{
  "查询条件": {
    "出发地": "哈尔滨",
    "目的地": "长春"
  },
  "航班数量": 12,
  "航班列表": [
    {
      "出发地": "哈尔滨",
      "目的地": "长春",
      "航班类型": "国内航班",
      "航班日期": "2025-12-16",
      "航班代码": "ZH9676/QW6032",
      "价格": "415"
    },
    {
      "出发地": "哈尔滨",
      "目的地": "长春",
      "航班类型": "国内航班",
      "航班日期": "2025-12-17",
      "航班代码": "QW9882/QW9789",
      "价格": "608"
    },
    {
      "出发地": "哈尔滨",
      "目的地": "长春",
      "航班类型": "国内航班",
      "航班日期": "2025-12-18",
      "航班代码": "ZH9676/QW6032",
      "价格": "460"
    },
    {
      "出发地": "哈尔滨",
      "目的地": "长春",
      "航班类型": "国内航班",
      "航班日期": "2025-12-21",
      "航班代码": "HU6009/SC7646",
      "价格": "688"
    },
    {
      "出发地": "哈尔滨",
      "目的地": "长春",
      "航班类型": "国内航班",
      "航班日期": "2025-12-23",
      "航班代码": "MU5387/QW6032",
      "价格": "702"
    },
    {
      "出发地": "哈尔滨",
      "目的地": "长春",
      "航班类型": "国内航班",
      "航班日期": "2025-12-25",
      "航班代码": "SC7912/QW6032",
      "价格": "656"
    },
    {
      "出发地": "哈尔滨",
      "目的地": "长春",
      "航班类型": "国内航班",
      "航班日期": "2025-12-26",
      "航班代码": "ZH9676/MU6555",
      "价格": "732"
    },
    {
      "出发地": "哈尔滨",
      "目的地": "长春",
      "航班类型": "国内航班",
      "航班日期": "2025-12-29",
      "航班代码": "GJ8111/GJ8105",
      "价格": "850"
    },
    {
      "出发地": "哈尔滨",
      "目的地": "长春",
      "航班类型": "国内航班",
      "航班日期": "2026-01-11",
      "航班代码": "FM9562/FM9434",
      "价格": "827"
    },
    {
      "出发地": "哈尔滨",
      "目的地": "长春",
      "航班类型": "国内航班",
      "航班日期": "2026-02-06",
      "航班代码": "FU6641/9C6378",
      "价格": "1370"
    },
    {
      "出发地": "哈尔滨",
      "目的地": "长春",
      "航班类型": "国内航班",
      "航班日期": "2026-02-07",
      "航班代码": "HU7764/JD5121",
      "价格": "1362"
    },
    {
      "出发地": "哈尔滨",
      "目的地": "长春",
      "航班类型": "国内航班",
      "航班日期": "2026-02-11",
      "航班代码": "FU6641/9C6378",
      "价格": "1446"
    }
  ]
}