{
  "查询条件": {
    "出发地": "哈尔滨",
    "目的地": "杭州"
  },
  "航班数量": 66,
  "航班列表": [
    {
      "出发地": "哈尔滨",
      "目的地": "杭州",
      "航班类型": "国内航班",
      "航班日期": "2025-12-16",
      "航班代码": "GJ8212",
      "价格": "307"
    },
    {
      "出发地": "哈尔滨",
      "目的地": "杭州",
      "航班类型": "国内航班",
      "航班日期": "2025-12-17",
      "航班代码": "CZ240",
      "价格": "350"
    },
    {
      "出发地": "哈尔滨",
      "目的地": "杭州",
      "航班类型": "国内航班",
      "航班日期": "2025-12-18",
      "航班代码": "CZ5589",
      "价格": "350"
    },
    {
      "出发地": "哈尔滨",
      "目的地": "杭州",
      "航班类型": "国内航班",
      "航班日期": "2025-12-19",
      "航班代码": "MU5612/MU6375",
      "价格": "423"
    },
    {
      "出发地": "哈尔滨",
      "目的地": "杭州",
      "航班类型": "国内航班",
      "航班日期": "2025-12-20",
      "航班代码": "HO1914",
      "价格": "380"
    },
    {
      "出发地": "哈尔滨",
      "目的地": "杭州",
      "航班类型": "国内航班",
      "航班日期": "2025-12-21",
      "航班代码": "MU5518/MU5537",
      "价格": "440"
    },
    {
      "出发地": "哈尔滨",
      "目的地": "杭州",
      "航班类型": "国内航班",
      "航班日期": "2025-12-22",
      "航班代码": "MU5518/MU5672",
      "价格": "440"
    },
    {
      "出发地": "哈尔滨",
      "目的地": "杭州",
      "航班类型": "国内航班",
      "航班日期": "2025-12-23",
      "航班代码": "MU5518/MU5672",
      "价格": "440"
    },
    {
      "出发地": "哈尔滨",
      "目的地": "杭州",
      "航班类型": "国内航班",
      "航班日期": "2025-12-24",
      "航班代码": "MU5518/MU5672",
      "价格": "440"
    },
    {
      "出发地": "哈尔滨",
      "目的地": "杭州",
      "航班类型": "国内航班",
      "航班日期": "2025-12-25",
      "航班代码": "G58592",
      "价格": "610"
    },
    {
      "出发地": "哈尔滨",
      "目的地": "杭州",
      "航班类型": "国内航班",
      "航班日期": "2025-12-26",
      "航班代码": "HU7130/HU7677",
      "价格": "839"
    },
    {
      "出发地": "哈尔滨",
      "目的地": "杭州",
      "航班类型": "国内航班",
      "航班日期": "2025-12-27",
      "航班代码": "9C8762/JD5280",
      "价格": "888"
    },
    {
      "出发地": "哈尔滨",
      "目的地": "杭州",
      "航班类型": "国内航班",
      "航班日期": "2025-12-28",
      "航班代码": "CZ8963/CZ8855",
      "价格": "850"
    },
    {
      "出发地": "哈尔滨",
      "目的地": "杭州",
      "航班类型": "国内航班",
      "航班日期": "2025-12-29",
      "航班代码": "CA1642/MU5193",
      "价格": "974"
    },
    {
      "出发地": "哈尔滨",
      "目的地": "杭州",
      "航班类型": "国内航班",
      "航班日期": "2025-12-30",
      "航班代码": "CA8384/MU5190",
      "价格": "1080"
    },
    {
      "出发地": "哈尔滨",
      "目的地": "杭州",
      "航班类型": "国内航班",
      "航班日期": "2025-12-31",
      "航班代码": "CZ6207/CZ8859",
      "价格": "850"
    },
    {
      "出发地": "哈尔滨",
      "目的地": "杭州",
      "航班类型": "国内航班",
      "航班日期": "2026-01-01",
      "航班代码": "3U2762",
      "价格": "780"
    },
    {
      "出发地": "哈尔滨",
      "目的地": "杭州",
      "航班类型": "国内航班",
      "航班日期": "2026-01-02",
      "航班代码": "SC7940/JD5902",
      "价格": "948"
    },
    {
      "出发地": "哈尔滨",
      "目的地": "杭州",
      "航班类型": "国内航班",
      "航班日期": "2026-01-03",
      "航班代码": "3U3331/MF8230",
      "价格": "1360"
    },
    {
      "出发地": "哈尔滨",
      "目的地": "杭州",
      "航班类型": "国内航班",
      "航班日期": "2026-01-04",
      "航班代码": "3U6408/3U6935",
      "价格": "949"
    },
    {
      "出发地": "哈尔滨",
      "目的地": "杭州",
      "航班类型": "国内航班",
      "航班日期": "2026-01-05",
      "航班代码": "CN7140/HU7377",
      "价格": "840"
    },
    {
      "出发地": "哈尔滨",
      "目的地": "杭州",
      "航班类型": "国内航班",
      "航班日期": "2026-01-06",
      "航班代码": "HO7335",
      "价格": "670"
    },
    {
      "出发地": "哈尔滨",
      "目的地": "杭州",
      "航班类型": "国内航班",
      "航班日期": "2026-01-07",
      "航班代码": "HO7335",
      "价格": "780"
    },
    {
      "出发地": "哈尔滨",
      "目的地": "杭州",
      "航班类型": "国内航班",
      "航班日期": "2026-01-08",
      "航班代码": "JD5532/JD5280",
      "价格": "842"
    },
    {
      "出发地": "哈尔滨",
      "目的地": "杭州",
      "航班类型": "国内航班",
      "航班日期": "2026-01-09",
      "航班代码": "MF8814",
      "价格": "670"
    },
    {
      "出发地": "哈尔滨",
      "目的地": "杭州",
      "航班类型": "国内航班",
      "航班日期": "2026-01-10",
      "航班代码": "HO7335",
      "价格": "670"
    },
    {
      "出发地": "哈尔滨",
      "目的地": "杭州",
      "航班类型": "国内航班",
      "航班日期": "2026-01-11",
      "航班代码": "SC8413/SC2111",
      "价格": "779"
    },
    {
      "出发地": "哈尔滨",
      "目的地": "杭州",
      "航班类型": "国内航班",
      "航班日期": "2026-01-12",
      "航班代码": "GJ3996",
      "价格": "670"
    },
    {
      "出发地": "哈尔滨",
      "目的地": "杭州",
      "航班类型": "国内航班",
      "航班日期": "2026-01-13",
      "航班代码": "9C8762/9C8555",
      "价格": "849"
    },
    {
      "出发地": "哈尔滨",
      "目的地": "杭州",
      "航班类型": "国内航班",
      "航班日期": "2026-01-14",
      "航班代码": "9C8674/9C8547",
      "价格": "890"
    },
    {
      "出发地": "哈尔滨",
      "目的地": "杭州",
      "航班类型": "国内航班",
      "航班日期": "2026-01-15",
      "航班代码": "HO1914",
      "价格": "910"
    },
    {
      "出发地": "哈尔滨",
      "目的地": "杭州",
      "航班类型": "国内航班",
      "航班日期": "2026-01-16",
      "航班代码": "SC4791/SC2111",
      "价格": "779"
    },
    {
      "出发地": "哈尔滨",
      "目的地": "杭州",
      "航班类型": "国内航班",
      "航班日期": "2026-01-17",
      "航班代码": "HO7335",
      "价格": "670"
    },
    {
      "出发地": "哈尔滨",
      "目的地": "杭州",
      "航班类型": "国内航班",
      "航班日期": "2026-01-18",
      "航班代码": "GJ3996",
      "价格": "670"
    },
    {
      "出发地": "哈尔滨",
      "目的地": "杭州",
      "航班类型": "国内航班",
      "航班日期": "2026-01-19",
      "航班代码": "MU8124/MU8241",
      "价格": "500"
    },
    {
      "出发地": "哈尔滨",
      "目的地": "杭州",
      "航班类型": "国内航班",
      "航班日期": "2026-01-20",
      "航班代码": "HO7335",
      "价格": "670"
    },
    {
      "出发地": "哈尔滨",
      "目的地": "杭州",
      "航班类型": "国内航班",
      "航班日期": "2026-01-21",
      "航班代码": "SC4791/SC2111",
      "价格": "779"
    },
    {
      "出发地": "哈尔滨",
      "目的地": "杭州",
      "航班类型": "国内航班",
      "航班日期": "2026-01-22",
      "航班代码": "SC8413/SC2111",
      "价格": "780"
    },
    {
      "出发地": "哈尔滨",
      "目的地": "杭州",
      "航班类型": "国内航班",
      "航班日期": "2026-01-23",
      "航班代码": "SC4853/SC4771",
      "价格": "763"
    },
    {
      "出发地": "哈尔滨",
      "目的地": "杭州",
      "航班类型": "国内航班",
      "航班日期": "2026-01-25",
      "航班代码": "SC4791/SC2111",
      "价格": "780"
    },
    {
      "出发地": "哈尔滨",
      "目的地": "杭州",
      "航班类型": "国内航班",
      "航班日期": "2026-01-26",
      "航班代码": "MU5518/MU5672",
      "价格": "809"
    },
    {
      "出发地": "哈尔滨",
      "目的地": "杭州",
      "航班类型": "国内航班",
      "航班日期": "2026-01-27",
      "航班代码": "9C8762/JD5280",
      "价格": "788"
    },
    {
      "出发地": "哈尔滨",
      "目的地": "杭州",
      "航班类型": "国内航班",
      "航班日期": "2026-01-28",
      "航班代码": "KN2326/JD5280",
      "价格": "809"
    },
    {
      "出发地": "哈尔滨",
      "目的地": "杭州",
      "航班类型": "国内航班",
      "航班日期": "2026-01-29",
      "航班代码": "MU8014/9C8547",
      "价格": "866"
    },
    {
      "出发地": "哈尔滨",
      "目的地": "杭州",
      "航班类型": "国内航班",
      "航班日期": "2026-01-30",
      "航班代码": "9C8870/MU6375",
      "价格": "830"
    },
    {
      "出发地": "哈尔滨",
      "目的地": "杭州",
      "航班类型": "国内航班",
      "航班日期": "2026-01-31",
      "航班代码": "QW6097/MU5382",
      "价格": "1506"
    },
    {
      "出发地": "哈尔滨",
      "目的地": "杭州",
      "航班类型": "国内航班",
      "航班日期": "2026-02-01",
      "航班代码": "KN2326/JD5280",
      "价格": "817"
    },
    {
      "出发地": "哈尔滨",
      "目的地": "杭州",
      "航班类型": "国内航班",
      "航班日期": "2026-02-09",
      "航班代码": "HO7335",
      "价格": "780"
    },
    {
      "出发地": "哈尔滨",
      "目的地": "杭州",
      "航班类型": "国内航班",
      "航班日期": "2026-02-11",
      "航班代码": "HO7335",
      "价格": "670"
    },
    {
      "出发地": "哈尔滨",
      "目的地": "杭州",
      "航班类型": "国内航班",
      "航班日期": "2026-02-12",
      "航班代码": "HO7335",
      "价格": "670"
    },
    {
      "出发地": "哈尔滨",
      "目的地": "杭州",
      "航班类型": "国内航班",
      "航班日期": "2026-02-13",
      "航班代码": "HO7335",
      "价格": "780"
    },
    {
      "出发地": "哈尔滨",
      "目的地": "杭州",
      "航班类型": "国内航班",
      "航班日期": "2026-02-14",
      "航班代码": "3U2760",
      "价格": "960"
    },
    {
      "出发地": "哈尔滨",
      "目的地": "杭州",
      "航班类型": "国内航班",
      "航班日期": "2026-02-15",
      "航班代码": "3U2760",
      "价格": "960"
    },
    {
      "出发地": "哈尔滨",
      "目的地": "杭州",
      "航班类型": "国内航班",
      "航班日期": "2026-02-16",
      "航班代码": "3U2762",
      "价格": "670"
    },
    {
      "出发地": "哈尔滨",
      "目的地": "杭州",
      "航班类型": "国内航班",
      "航班日期": "2026-02-17",
      "航班代码": "HO1914",
      "价格": "910"
    },
    {
      "出发地": "哈尔滨",
      "目的地": "杭州",
      "航班类型": "国内航班",
      "航班日期": "2026-02-19",
      "航班代码": "G58592",
      "价格": "1720"
    },
    {
      "出发地": "哈尔滨",
      "目的地": "杭州",
      "航班类型": "国内航班",
      "航班日期": "2026-02-20",
      "航班代码": "CZ240",
      "价格": "1822"
    },
    {
      "出发地": "哈尔滨",
      "目的地": "杭州",
      "航班类型": "国内航班",
      "航班日期": "2026-02-21",
      "航班代码": "MU5387/MU5382",
      "价格": "2020"
    },
    {
      "出发地": "哈尔滨",
      "目的地": "杭州",
      "航班类型": "国内航班",
      "航班日期": "2026-02-22",
      "航班代码": "ZH4114",
      "价格": "2030"
    },
    {
      "出发地": "哈尔滨",
      "目的地": "杭州",
      "航班类型": "国内航班",
      "航班日期": "2026-02-23",
      "航班代码": "CZ6259",
      "价格": "2030"
    },
    {
      "出发地": "哈尔滨",
      "目的地": "杭州",
      "航班类型": "国内航班",
      "航班日期": "2026-02-24",
      "航班代码": "CZ6259",
      "价格": "2030"
    },
    {
      "出发地": "哈尔滨",
      "目的地": "杭州",
      "航班类型": "国内航班",
      "航班日期": "2026-02-25",
      "航班代码": "MF1557",
      "价格": "2030"
    },
    {
      "出发地": "哈尔滨",
      "目的地": "杭州",
      "航班类型": "国内航班",
      "航班日期": "2026-02-26",
      "航班代码": "CA2718/GJ8760",
      "价格": "1860"
    },
    {
      "出发地": "哈尔滨",
      "目的地": "杭州",
      "航班类型": "国内航班",
      "航班日期": "2026-02-28",
      "航班代码": "9C8762/9C8547",
      "价格": "1549"
    },
    {
      "出发地": "哈尔滨",
      "目的地": "杭州",
      "航班类型": "国内航班",
      "航班日期": "2026-03-01",
      "航班代码": "8L9556/9C8555",
      "价格": "1499"
    },
    {
      "出发地": "哈尔滨",
      "目的地": "杭州",
      "航班类型": "国内航班",
      "航班日期": "2026-03-02",
      "航班代码": "8L9556/9C8555",
      "价格": "1291"
    }
  ]
}