{
  "查询条件": {
    "出发地": "哈尔滨",
    "目的地": "重庆"
  },
  "航班数量": 62,
  "航班列表": [
    {
      "出发地": "哈尔滨",
      "目的地": "重庆",
      "航班类型": "国内航班",
      "航班日期": "2025-12-16",
      "航班代码": "G51074V",
      "价格": "450"
    },
    {
      "出发地": "哈尔滨",
      "目的地": "重庆",
      "航班类型": "国内航班",
      "航班日期": "2025-12-17",
      "航班代码": "MU5620/MU5439",
      "价格": "390"
    },
    {
      "出发地": "哈尔滨",
      "目的地": "重庆",
      "航班类型": "国内航班",
      "航班日期": "2025-12-18",
      "航班代码": "G51074V",
      "价格": "450"
    },
    {
      "出发地": "哈尔滨",
      "目的地": "重庆",
      "航班类型": "国内航班",
      "航班日期": "2025-12-19",
      "航班代码": "CZ6268/CZ8917",
      "价格": "550"
    },
    {
      "出发地": "哈尔滨",
      "目的地": "重庆",
      "航班类型": "国内航班",
      "航班日期": "2025-12-20",
      "航班代码": "MU5620/MU5439",
      "价格": "405"
    },
    {
      "出发地": "哈尔滨",
      "目的地": "重庆",
      "航班类型": "国内航班",
      "航班日期": "2025-12-21",
      "航班代码": "CZ8963/CZ8917",
      "价格": "450"
    },
    {
      "出发地": "哈尔滨",
      "目的地": "重庆",
      "航班类型": "国内航班",
      "航班日期": "2025-12-22",
      "航班代码": "MU2702/MU6470",
      "价格": "677"
    },
    {
      "出发地": "哈尔滨",
      "目的地": "重庆",
      "航班类型": "国内航班",
      "航班日期": "2025-12-23",
      "航班代码": "G543D5G",
      "价格": "620"
    },
    {
      "出发地": "哈尔滨",
      "目的地": "重庆",
      "航班类型": "国内航班",
      "航班日期": "2025-12-24",
      "航班代码": "HO1914/JD5691",
      "价格": "680"
    },
    {
      "出发地": "哈尔滨",
      "目的地": "重庆",
      "航班类型": "国内航班",
      "航班日期": "2025-12-25",
      "航班代码": "CZ6219/CZ3259",
      "价格": "700"
    },
    {
      "出发地": "哈尔滨",
      "目的地": "重庆",
      "航班类型": "国内航班",
      "航班日期": "2025-12-26",
      "航班代码": "G547U6G",
      "价格": "840"
    },
    {
      "出发地": "哈尔滨",
      "目的地": "重庆",
      "航班类型": "国内航班",
      "航班日期": "2025-12-27",
      "航班代码": "G52622R",
      "价格": "840"
    },
    {
      "出发地": "哈尔滨",
      "目的地": "重庆",
      "航班类型": "国内航班",
      "航班日期": "2025-12-28",
      "航班代码": "CZ8963/CZ8917",
      "价格": "866"
    },
    {
      "出发地": "哈尔滨",
      "目的地": "重庆",
      "航班类型": "国内航班",
      "航班日期": "2025-12-29",
      "航班代码": "CZ6207/CZ8917",
      "价格": "850"
    },
    {
      "出发地": "哈尔滨",
      "目的地": "重庆",
      "航班类型": "国内航班",
      "航班日期": "2025-12-30",
      "航班代码": "G543D5G",
      "价格": "960"
    },
    {
      "出发地": "哈尔滨",
      "目的地": "重庆",
      "航班类型": "国内航班",
      "航班日期": "2025-12-31",
      "航班代码": "CZ8963/CZ5643",
      "价格": "700"
    },
    {
      "出发地": "哈尔滨",
      "目的地": "重庆",
      "航班类型": "国内航班",
      "航班日期": "2026-01-01",
      "航班代码": "CZ8963/CZ2002",
      "价格": "850"
    },
    {
      "出发地": "哈尔滨",
      "目的地": "重庆",
      "航班类型": "国内航班",
      "航班日期": "2026-01-02",
      "航班代码": "SC7940/G54010",
      "价格": "899"
    },
    {
      "出发地": "哈尔滨",
      "目的地": "重庆",
      "航班类型": "国内航班",
      "航班日期": "2026-01-03",
      "航班代码": "G51074V",
      "价格": "1100"
    },
    {
      "出发地": "哈尔滨",
      "目的地": "重庆",
      "航班类型": "国内航班",
      "航班日期": "2026-01-04",
      "航班代码": "G51317E",
      "价格": "980"
    },
    {
      "出发地": "哈尔滨",
      "目的地": "重庆",
      "航班类型": "国内航班",
      "航班日期": "2026-01-05",
      "航班代码": "HU7130/HU7367",
      "价格": "859"
    },
    {
      "出发地": "哈尔滨",
      "目的地": "重庆",
      "航班类型": "国内航班",
      "航班日期": "2026-01-06",
      "航班代码": "KN2326/G52658",
      "价格": "957"
    },
    {
      "出发地": "哈尔滨",
      "目的地": "重庆",
      "航班类型": "国内航班",
      "航班日期": "2026-01-07",
      "航班代码": "KN2326/NS3242",
      "价格": "938"
    },
    {
      "出发地": "哈尔滨",
      "目的地": "重庆",
      "航班类型": "国内航班",
      "航班日期": "2026-01-08",
      "航班代码": "KN5020/KN5297",
      "价格": "740"
    },
    {
      "出发地": "哈尔滨",
      "目的地": "重庆",
      "航班类型": "国内航班",
      "航班日期": "2026-01-09",
      "航班代码": "KN2326/NS3242",
      "价格": "866"
    },
    {
      "出发地": "哈尔滨",
      "目的地": "重庆",
      "航班类型": "国内航班",
      "航班日期": "2026-01-11",
      "航班代码": "MU8014/PN6336",
      "价格": "897"
    },
    {
      "出发地": "哈尔滨",
      "目的地": "重庆",
      "航班类型": "国内航班",
      "航班日期": "2026-01-12",
      "航班代码": "HU7130/HU7567",
      "价格": "889"
    },
    {
      "出发地": "哈尔滨",
      "目的地": "重庆",
      "航班类型": "国内航班",
      "航班日期": "2026-01-13",
      "航班代码": "SC4853/SC4835",
      "价格": "829"
    },
    {
      "出发地": "哈尔滨",
      "目的地": "重庆",
      "航班类型": "国内航班",
      "航班日期": "2026-01-14",
      "航班代码": "9C8674/PN6336",
      "价格": "868"
    },
    {
      "出发地": "哈尔滨",
      "目的地": "重庆",
      "航班类型": "国内航班",
      "航班日期": "2026-01-15",
      "航班代码": "SC4746/SC4831",
      "价格": "829"
    },
    {
      "出发地": "哈尔滨",
      "目的地": "重庆",
      "航班类型": "国内航班",
      "航班日期": "2026-01-16",
      "航班代码": "MU5518/MU5253",
      "价格": "844"
    },
    {
      "出发地": "哈尔滨",
      "目的地": "重庆",
      "航班类型": "国内航班",
      "航班日期": "2026-01-17",
      "航班代码": "SC8413/SC2135",
      "价格": "839"
    },
    {
      "出发地": "哈尔滨",
      "目的地": "重庆",
      "航班类型": "国内航班",
      "航班日期": "2026-01-18",
      "航班代码": "SC8413/SC2135",
      "价格": "839"
    },
    {
      "出发地": "哈尔滨",
      "目的地": "重庆",
      "航班类型": "国内航班",
      "航班日期": "2026-01-19",
      "航班代码": "MU5518/MU5253",
      "价格": "880"
    },
    {
      "出发地": "哈尔滨",
      "目的地": "重庆",
      "航班类型": "国内航班",
      "航班日期": "2026-01-20",
      "航班代码": "SC8413/SC2135",
      "价格": "839"
    },
    {
      "出发地": "哈尔滨",
      "目的地": "重庆",
      "航班类型": "国内航班",
      "航班日期": "2026-01-22",
      "航班代码": "SC4845",
      "价格": "1380"
    },
    {
      "出发地": "哈尔滨",
      "目的地": "重庆",
      "航班类型": "国内航班",
      "航班日期": "2026-01-23",
      "航班代码": "9C8674/9C8993",
      "价格": "956"
    },
    {
      "出发地": "哈尔滨",
      "目的地": "重庆",
      "航班类型": "国内航班",
      "航班日期": "2026-01-24",
      "航班代码": "SC8434/SC8807",
      "价格": "630"
    },
    {
      "出发地": "哈尔滨",
      "目的地": "重庆",
      "航班类型": "国内航班",
      "航班日期": "2026-01-25",
      "航班代码": "SC4791/SC2135",
      "价格": "830"
    },
    {
      "出发地": "哈尔滨",
      "目的地": "重庆",
      "航班类型": "国内航班",
      "航班日期": "2026-01-26",
      "航班代码": "SC4791/SC2135",
      "价格": "829"
    },
    {
      "出发地": "哈尔滨",
      "目的地": "重庆",
      "航班类型": "国内航班",
      "航班日期": "2026-01-27",
      "航班代码": "SC8436/SC8809",
      "价格": "630"
    },
    {
      "出发地": "哈尔滨",
      "目的地": "重庆",
      "航班类型": "国内航班",
      "航班日期": "2026-01-28",
      "航班代码": "SC8413/SC2141",
      "价格": "850"
    },
    {
      "出发地": "哈尔滨",
      "目的地": "重庆",
      "航班类型": "国内航班",
      "航班日期": "2026-01-29",
      "航班代码": "9C8762/9C8993",
      "价格": "1260"
    },
    {
      "出发地": "哈尔滨",
      "目的地": "重庆",
      "航班类型": "国内航班",
      "航班日期": "2026-01-30",
      "航班代码": "KN2326/9C8993",
      "价格": "1162"
    },
    {
      "出发地": "哈尔滨",
      "目的地": "重庆",
      "航班类型": "国内航班",
      "航班日期": "2026-01-31",
      "航班代码": "9C8762/9C8993",
      "价格": "1260"
    },
    {
      "出发地": "哈尔滨",
      "目的地": "重庆",
      "航班类型": "国内航班",
      "航班日期": "2026-02-02",
      "航班代码": "CA1640/CA4138",
      "价格": "1000"
    },
    {
      "出发地": "哈尔滨",
      "目的地": "重庆",
      "航班类型": "国内航班",
      "航班日期": "2026-02-03",
      "航班代码": "CA1640/CA4142",
      "价格": "1000"
    },
    {
      "出发地": "哈尔滨",
      "目的地": "重庆",
      "航班类型": "国内航班",
      "航班日期": "2026-02-05",
      "航班代码": "CA1642/CA1429",
      "价格": "1000"
    },
    {
      "出发地": "哈尔滨",
      "目的地": "重庆",
      "航班类型": "国内航班",
      "航班日期": "2026-02-06",
      "航班代码": "9C8674/9C8993",
      "价格": "1266"
    },
    {
      "出发地": "哈尔滨",
      "目的地": "重庆",
      "航班类型": "国内航班",
      "航班日期": "2026-02-09",
      "航班代码": "9C8674/9C8993",
      "价格": "1187"
    },
    {
      "出发地": "哈尔滨",
      "目的地": "重庆",
      "航班类型": "国内航班",
      "航班日期": "2026-02-10",
      "航班代码": "HU7695/NS3239",
      "价格": "1312"
    },
    {
      "出发地": "哈尔滨",
      "目的地": "重庆",
      "航班类型": "国内航班",
      "航班日期": "2026-02-11",
      "航班代码": "FU6641/CA4953",
      "价格": "1359"
    },
    {
      "出发地": "哈尔滨",
      "目的地": "重庆",
      "航班类型": "国内航班",
      "航班日期": "2026-02-12",
      "航班代码": "FU6641/CA4953",
      "价格": "1359"
    },
    {
      "出发地": "哈尔滨",
      "目的地": "重庆",
      "航班类型": "国内航班",
      "航班日期": "2026-02-13",
      "航班代码": "CZ6201/CA8674",
      "价格": "1260"
    },
    {
      "出发地": "哈尔滨",
      "目的地": "重庆",
      "航班类型": "国内航班",
      "航班日期": "2026-02-14",
      "航班代码": "FU6641/CA4953",
      "价格": "1359"
    },
    {
      "出发地": "哈尔滨",
      "目的地": "重庆",
      "航班类型": "国内航班",
      "航班日期": "2026-02-15",
      "航班代码": "HU7130/HU7367",
      "价格": "1130"
    },
    {
      "出发地": "哈尔滨",
      "目的地": "重庆",
      "航班类型": "国内航班",
      "航班日期": "2026-02-18",
      "航班代码": "8L9556/9C8993",
      "价格": "1278"
    },
    {
      "出发地": "哈尔滨",
      "目的地": "重庆",
      "航班类型": "国内航班",
      "航班日期": "2026-02-19",
      "航班代码": "FU6641/CA4953",
      "价格": "1509"
    },
    {
      "出发地": "哈尔滨",
      "目的地": "重庆",
      "航班类型": "国内航班",
      "航班日期": "2026-02-21",
      "航班代码": "FU6641/CA4953",
      "价格": "1719"
    },
    {
      "出发地": "哈尔滨",
      "目的地": "重庆",
      "航班类型": "国内航班",
      "航班日期": "2026-02-23",
      "航班代码": "MU9808/SC4831",
      "价格": "1925"
    },
    {
      "出发地": "哈尔滨",
      "目的地": "重庆",
      "航班类型": "国内航班",
      "航班日期": "2026-02-24",
      "航班代码": "9C8762/9C8993",
      "价格": "1855"
    },
    {
      "出发地": "哈尔滨",
      "目的地": "重庆",
      "航班类型": "国内航班",
      "航班日期": "2026-02-25",
      "航班代码": "FU6641/CA4953",
      "价格": "1769"
    }
  ]
}