{
  "查询条件": {
    "出发地": "哈尔滨",
    "目的地": "成都"
  },
  "航班数量": 75,
  "航班列表": [
    {
      "出发地": "哈尔滨",
      "目的地": "成都",
      "航班类型": "国内航班",
      "航班日期": "2025-12-16",
      "航班代码": "CZ8760/CZ6161",
      "价格": "450"
    },
    {
      "出发地": "哈尔滨",
      "目的地": "成都",
      "航班类型": "国内航班",
      "航班日期": "2025-12-17",
      "航班代码": "MU5632/MU9185",
      "价格": "394"
    },
    {
      "出发地": "哈尔滨",
      "目的地": "成都",
      "航班类型": "国内航班",
      "航班日期": "2025-12-18",
      "航班代码": "CZ6207/CZ6161",
      "价格": "450"
    },
    {
      "出发地": "哈尔滨",
      "目的地": "成都",
      "航班类型": "国内航班",
      "航班日期": "2025-12-19",
      "航班代码": "KN2326/KN5122",
      "价格": "440"
    },
    {
      "出发地": "哈尔滨",
      "目的地": "成都",
      "航班类型": "国内航班",
      "航班日期": "2025-12-20",
      "航班代码": "CZ8760/CZ8913",
      "价格": "450"
    },
    {
      "出发地": "哈尔滨",
      "目的地": "成都",
      "航班类型": "国内航班",
      "航班日期": "2025-12-21",
      "航班代码": "CZ8963/CZ6161",
      "价格": "450"
    },
    {
      "出发地": "哈尔滨",
      "目的地": "成都",
      "航班类型": "国内航班",
      "航班日期": "2025-12-22",
      "航班代码": "CZ6203/CZ6161",
      "价格": "445"
    },
    {
      "出发地": "哈尔滨",
      "目的地": "成都",
      "航班类型": "国内航班",
      "航班日期": "2025-12-23",
      "航班代码": "CZ6207/CZ6161",
      "价格": "450"
    },
    {
      "出发地": "哈尔滨",
      "目的地": "成都",
      "航班类型": "国内航班",
      "航班日期": "2025-12-24",
      "航班代码": "CZ6268/CZ6161",
      "价格": "450"
    },
    {
      "出发地": "哈尔滨",
      "目的地": "成都",
      "航班类型": "国内航班",
      "航班日期": "2025-12-25",
      "航班代码": "GJ8709/G52802",
      "价格": "710"
    },
    {
      "出发地": "哈尔滨",
      "目的地": "成都",
      "航班类型": "国内航班",
      "航班日期": "2025-12-26",
      "航班代码": "G56532T",
      "价格": "840"
    },
    {
      "出发地": "哈尔滨",
      "目的地": "成都",
      "航班类型": "国内航班",
      "航班日期": "2025-12-27",
      "航班代码": "G56532T",
      "价格": "760"
    },
    {
      "出发地": "哈尔滨",
      "目的地": "成都",
      "航班类型": "国内航班",
      "航班日期": "2025-12-28",
      "航班代码": "CZ8963/CZ6161",
      "价格": "700"
    },
    {
      "出发地": "哈尔滨",
      "目的地": "成都",
      "航班类型": "国内航班",
      "航班日期": "2025-12-29",
      "航班代码": "G56532T",
      "价格": "900"
    },
    {
      "出发地": "哈尔滨",
      "目的地": "成都",
      "航班类型": "国内航班",
      "航班日期": "2025-12-30",
      "航班代码": "9C6426/G52792",
      "价格": "967"
    },
    {
      "出发地": "哈尔滨",
      "目的地": "成都",
      "航班类型": "国内航班",
      "航班日期": "2025-12-31",
      "航班代码": "CZ6207/CZ8849",
      "价格": "850"
    },
    {
      "出发地": "哈尔滨",
      "目的地": "成都",
      "航班类型": "国内航班",
      "航班日期": "2026-01-01",
      "航班代码": "CZ8963/CZ6161",
      "价格": "850"
    },
    {
      "出发地": "哈尔滨",
      "目的地": "成都",
      "航班类型": "国内航班",
      "航班日期": "2026-01-02",
      "航班代码": "MU5387/MU2620",
      "价格": "690"
    },
    {
      "出发地": "哈尔滨",
      "目的地": "成都",
      "航班类型": "国内航班",
      "航班日期": "2026-01-03",
      "航班代码": "DR5014",
      "价格": "1170"
    },
    {
      "出发地": "哈尔滨",
      "目的地": "成都",
      "航班类型": "国内航班",
      "航班日期": "2026-01-04",
      "航班代码": "CZ8963/CZ6161",
      "价格": "850"
    },
    {
      "出发地": "哈尔滨",
      "目的地": "成都",
      "航班类型": "国内航班",
      "航班日期": "2026-01-05",
      "航班代码": "CZ8963/CZ6161",
      "价格": "700"
    },
    {
      "出发地": "哈尔滨",
      "目的地": "成都",
      "航班类型": "国内航班",
      "航班日期": "2026-01-06",
      "航班代码": "GJ8709/G52802",
      "价格": "890"
    },
    {
      "出发地": "哈尔滨",
      "目的地": "成都",
      "航班类型": "国内航班",
      "航班日期": "2026-01-07",
      "航班代码": "CZ8963/CA1417",
      "价格": "890"
    },
    {
      "出发地": "哈尔滨",
      "目的地": "成都",
      "航班类型": "国内航班",
      "航班日期": "2026-01-08",
      "航班代码": "G56532T",
      "价格": "740"
    },
    {
      "出发地": "哈尔滨",
      "目的地": "成都",
      "航班类型": "国内航班",
      "航班日期": "2026-01-09",
      "航班代码": "KN2326/NS3661",
      "价格": "902"
    },
    {
      "出发地": "哈尔滨",
      "目的地": "成都",
      "航班类型": "国内航班",
      "航班日期": "2026-01-10",
      "航班代码": "MU8124/MU6641",
      "价格": "780"
    },
    {
      "出发地": "哈尔滨",
      "目的地": "成都",
      "航班类型": "国内航班",
      "航班日期": "2026-01-11",
      "航班代码": "CZ8963/CZ8847",
      "价格": "550"
    },
    {
      "出发地": "哈尔滨",
      "目的地": "成都",
      "航班类型": "国内航班",
      "航班日期": "2026-01-12",
      "航班代码": "KN2326/NS3661",
      "价格": "948"
    },
    {
      "出发地": "哈尔滨",
      "目的地": "成都",
      "航班类型": "国内航班",
      "航班日期": "2026-01-13",
      "航班代码": "G56532T",
      "价格": "740"
    },
    {
      "出发地": "哈尔滨",
      "目的地": "成都",
      "航班类型": "国内航班",
      "航班日期": "2026-01-14",
      "航班代码": "G56532T",
      "价格": "740"
    },
    {
      "出发地": "哈尔滨",
      "目的地": "成都",
      "航班类型": "国内航班",
      "航班日期": "2026-01-15",
      "航班代码": "G56532T",
      "价格": "890"
    },
    {
      "出发地": "哈尔滨",
      "目的地": "成都",
      "航班类型": "国内航班",
      "航班日期": "2026-01-16",
      "航班代码": "HU7764/8L9710",
      "价格": "900"
    },
    {
      "出发地": "哈尔滨",
      "目的地": "成都",
      "航班类型": "国内航班",
      "航班日期": "2026-01-17",
      "航班代码": "9C8762/EU2834",
      "价格": "897"
    },
    {
      "出发地": "哈尔滨",
      "目的地": "成都",
      "航班类型": "国内航班",
      "航班日期": "2026-01-18",
      "航班代码": "KN2326/EU2834",
      "价格": "958"
    },
    {
      "出发地": "哈尔滨",
      "目的地": "成都",
      "航班类型": "国内航班",
      "航班日期": "2026-01-19",
      "航班代码": "MU5649/MU9804",
      "价格": "990"
    },
    {
      "出发地": "哈尔滨",
      "目的地": "成都",
      "航班类型": "国内航班",
      "航班日期": "2026-01-20",
      "航班代码": "MU8124/MU6641",
      "价格": "962"
    },
    {
      "出发地": "哈尔滨",
      "目的地": "成都",
      "航班类型": "国内航班",
      "航班日期": "2026-01-21",
      "航班代码": "KN2326/KN5122",
      "价格": "1003"
    },
    {
      "出发地": "哈尔滨",
      "目的地": "成都",
      "航班类型": "国内航班",
      "航班日期": "2026-01-22",
      "航班代码": "G595N7N",
      "价格": "900"
    },
    {
      "出发地": "哈尔滨",
      "目的地": "成都",
      "航班类型": "国内航班",
      "航班日期": "2026-01-23",
      "航班代码": "SC4791/SC2155",
      "价格": "849"
    },
    {
      "出发地": "哈尔滨",
      "目的地": "成都",
      "航班类型": "国内航班",
      "航班日期": "2026-01-24",
      "航班代码": "G595N7N",
      "价格": "900"
    },
    {
      "出发地": "哈尔滨",
      "目的地": "成都",
      "航班类型": "国内航班",
      "航班日期": "2026-01-25",
      "航班代码": "MU5518/MU9808",
      "价格": "825"
    },
    {
      "出发地": "哈尔滨",
      "目的地": "成都",
      "航班类型": "国内航班",
      "航班日期": "2026-01-26",
      "航班代码": "9C8674/9C7179",
      "价格": "1136"
    },
    {
      "出发地": "哈尔滨",
      "目的地": "成都",
      "航班类型": "国内航班",
      "航班日期": "2026-01-27",
      "航班代码": "G595N7N",
      "价格": "900"
    },
    {
      "出发地": "哈尔滨",
      "目的地": "成都",
      "航班类型": "国内航班",
      "航班日期": "2026-01-28",
      "航班代码": "KN2326/KN5122",
      "价格": "1005"
    },
    {
      "出发地": "哈尔滨",
      "目的地": "成都",
      "航班类型": "国内航班",
      "航班日期": "2026-01-29",
      "航班代码": "QW9882/9C7330",
      "价格": "1449"
    },
    {
      "出发地": "哈尔滨",
      "目的地": "成都",
      "航班类型": "国内航班",
      "航班日期": "2026-01-30",
      "航班代码": "KN2326/KN5122",
      "价格": "1004"
    },
    {
      "出发地": "哈尔滨",
      "目的地": "成都",
      "航班类型": "国内航班",
      "航班日期": "2026-01-31",
      "航班代码": "DR5014",
      "价格": "1025"
    },
    {
      "出发地": "哈尔滨",
      "目的地": "成都",
      "航班类型": "国内航班",
      "航班日期": "2026-02-01",
      "航班代码": "MU5518/9C7330",
      "价格": "1716"
    },
    {
      "出发地": "哈尔滨",
      "目的地": "成都",
      "航班类型": "国内航班",
      "航班日期": "2026-02-02",
      "航班代码": "9C8674/9C7179",
      "价格": "1240"
    },
    {
      "出发地": "哈尔滨",
      "目的地": "成都",
      "航班类型": "国内航班",
      "航班日期": "2026-02-03",
      "航班代码": "CA1642/CA4182",
      "价格": "999"
    },
    {
      "出发地": "哈尔滨",
      "目的地": "成都",
      "航班类型": "国内航班",
      "航班日期": "2026-02-04",
      "航班代码": "3U6408",
      "价格": "1080"
    },
    {
      "出发地": "哈尔滨",
      "目的地": "成都",
      "航班类型": "国内航班",
      "航班日期": "2026-02-05",
      "航班代码": "8L9648",
      "价格": "1100"
    },
    {
      "出发地": "哈尔滨",
      "目的地": "成都",
      "航班类型": "国内航班",
      "航班日期": "2026-02-06",
      "航班代码": "8L9648",
      "价格": "1100"
    },
    {
      "出发地": "哈尔滨",
      "目的地": "成都",
      "航班类型": "国内航班",
      "航班日期": "2026-02-07",
      "航班代码": "8L9648",
      "价格": "1100"
    },
    {
      "出发地": "哈尔滨",
      "目的地": "成都",
      "航班类型": "国内航班",
      "航班日期": "2026-02-08",
      "航班代码": "CA2998/CA2969",
      "价格": "1014"
    },
    {
      "出发地": "哈尔滨",
      "目的地": "成都",
      "航班类型": "国内航班",
      "航班日期": "2026-02-09",
      "航班代码": "MU9808/9C7330",
      "价格": "1706"
    },
    {
      "出发地": "哈尔滨",
      "目的地": "成都",
      "航班类型": "国内航班",
      "航班日期": "2026-02-10",
      "航班代码": "3U6408",
      "价格": "1080"
    },
    {
      "出发地": "哈尔滨",
      "目的地": "成都",
      "航班类型": "国内航班",
      "航班日期": "2026-02-11",
      "航班代码": "3U6408",
      "价格": "1080"
    },
    {
      "出发地": "哈尔滨",
      "目的地": "成都",
      "航班类型": "国内航班",
      "航班日期": "2026-02-12",
      "航班代码": "3U6408",
      "价格": "1080"
    },
    {
      "出发地": "哈尔滨",
      "目的地": "成都",
      "航班类型": "国内航班",
      "航班日期": "2026-02-13",
      "航班代码": "3U6408",
      "价格": "1080"
    },
    {
      "出发地": "哈尔滨",
      "目的地": "成都",
      "航班类型": "国内航班",
      "航班日期": "2026-02-14",
      "航班代码": "3U6408",
      "价格": "1080"
    },
    {
      "出发地": "哈尔滨",
      "目的地": "成都",
      "航班类型": "国内航班",
      "航班日期": "2026-02-15",
      "航班代码": "3U6408",
      "价格": "1220"
    },
    {
      "出发地": "哈尔滨",
      "目的地": "成都",
      "航班类型": "国内航班",
      "航班日期": "2026-02-16",
      "航班代码": "MF5194",
      "价格": "1080"
    },
    {
      "出发地": "哈尔滨",
      "目的地": "成都",
      "航班类型": "国内航班",
      "航班日期": "2026-02-17",
      "航班代码": "3U6408",
      "价格": "950"
    },
    {
      "出发地": "哈尔滨",
      "目的地": "成都",
      "航班类型": "国内航班",
      "航班日期": "2026-02-18",
      "航班代码": "CZ8963/KN5157",
      "价格": "1199"
    },
    {
      "出发地": "哈尔滨",
      "目的地": "成都",
      "航班类型": "国内航班",
      "航班日期": "2026-02-19",
      "航班代码": "MU2702/3U8936",
      "价格": "2259"
    },
    {
      "出发地": "哈尔滨",
      "目的地": "成都",
      "航班类型": "国内航班",
      "航班日期": "2026-02-20",
      "航班代码": "MU5489/3U6924",
      "价格": "2330"
    },
    {
      "出发地": "哈尔滨",
      "目的地": "成都",
      "航班类型": "国内航班",
      "航班日期": "2026-02-21",
      "航班代码": "SC8438/9C7535",
      "价格": "2359"
    },
    {
      "出发地": "哈尔滨",
      "目的地": "成都",
      "航班类型": "国内航班",
      "航班日期": "2026-02-22",
      "航班代码": "CA2730",
      "价格": "2200"
    },
    {
      "出发地": "哈尔滨",
      "目的地": "成都",
      "航班类型": "国内航班",
      "航班日期": "2026-02-23",
      "航班代码": "MU9808/SC4853",
      "价格": "2133"
    },
    {
      "出发地": "哈尔滨",
      "目的地": "成都",
      "航班类型": "国内航班",
      "航班日期": "2026-02-24",
      "航班代码": "8L9648",
      "价格": "1990"
    },
    {
      "出发地": "哈尔滨",
      "目的地": "成都",
      "航班类型": "国内航班",
      "航班日期": "2026-02-25",
      "航班代码": "MU9808/9C7330",
      "价格": "1971"
    },
    {
      "出发地": "哈尔滨",
      "目的地": "成都",
      "航班类型": "国内航班",
      "航班日期": "2026-02-26",
      "航班代码": "MU9808/9C7330",
      "价格": "1876"
    },
    {
      "出发地": "哈尔滨",
      "目的地": "成都",
      "航班类型": "国内航班",
      "航班日期": "2026-02-27",
      "航班代码": "8L9556/9C7179",
      "价格": "1768"
    },
    {
      "出发地": "哈尔滨",
      "目的地": "成都",
      "航班类型": "国内航班",
      "航班日期": "2026-02-28",
      "航班代码": "CA2730",
      "价格": "1500"
    }
  ]
}