{
  "查询条件": {
    "出发地": "哈尔滨",
    "目的地": "太原"
  },
  "航班数量": 20,
  "航班列表": [
    {
      "出发地": "哈尔滨",
      "目的地": "太原",
      "航班类型": "国内航班",
      "航班日期": "2025-12-16",
      "航班代码": "CA1644/CA1145",
      "价格": "499"
    },
    {
      "出发地": "哈尔滨",
      "目的地": "太原",
      "航班类型": "国内航班",
      "航班日期": "2025-12-17",
      "航班代码": "HU7130/CA1145",
      "价格": "477"
    },
    {
      "出发地": "哈尔滨",
      "目的地": "太原",
      "航班类型": "国内航班",
      "航班日期": "2025-12-18",
      "航班代码": "MU2764/MU2703",
      "价格": "410"
    },
    {
      "出发地": "哈尔滨",
      "目的地": "太原",
      "航班类型": "国内航班",
      "航班日期": "2025-12-19",
      "航班代码": "FM9066/FM9139",
      "价格": "413"
    },
    {
      "出发地": "哈尔滨",
      "目的地": "太原",
      "航班类型": "国内航班",
      "航班日期": "2025-12-20",
      "航班代码": "MU2764/MU2703",
      "价格": "459"
    },
    {
      "出发地": "哈尔滨",
      "目的地": "太原",
      "航班类型": "国内航班",
      "航班日期": "2025-12-21",
      "航班代码": "HU7627/GS7803",
      "价格": "589"
    },
    {
      "出发地": "哈尔滨",
      "目的地": "太原",
      "航班类型": "国内航班",
      "航班日期": "2025-12-22",
      "航班代码": "9C8870/9C8749",
      "价格": "558"
    },
    {
      "出发地": "哈尔滨",
      "目的地": "太原",
      "航班类型": "国内航班",
      "航班日期": "2025-12-23",
      "航班代码": "MU5612/FM9139",
      "价格": "530"
    },
    {
      "出发地": "哈尔滨",
      "目的地": "太原",
      "航班类型": "国内航班",
      "航班日期": "2025-12-24",
      "航班代码": "FM9066/FM9139",
      "价格": "574"
    },
    {
      "出发地": "哈尔滨",
      "目的地": "太原",
      "航班类型": "国内航班",
      "航班日期": "2025-12-25",
      "航班代码": "MU5612/FM9139",
      "价格": "595"
    },
    {
      "出发地": "哈尔滨",
      "目的地": "太原",
      "航班类型": "国内航班",
      "航班日期": "2025-12-26",
      "航班代码": "9C8870/9C8733",
      "价格": "874"
    },
    {
      "出发地": "哈尔滨",
      "目的地": "太原",
      "航班类型": "国内航班",
      "航班日期": "2025-12-27",
      "航班代码": "MU2764/MU2703",
      "价格": "889"
    },
    {
      "出发地": "哈尔滨",
      "目的地": "太原",
      "航班类型": "国内航班",
      "航班日期": "2025-12-28",
      "航班代码": "LT6663/MU5274",
      "价格": "1047"
    },
    {
      "出发地": "哈尔滨",
      "目的地": "太原",
      "航班类型": "国内航班",
      "航班日期": "2025-12-29",
      "航班代码": "GS7920/GS7803",
      "价格": "920"
    },
    {
      "出发地": "哈尔滨",
      "目的地": "太原",
      "航班类型": "国内航班",
      "航班日期": "2025-12-30",
      "航班代码": "MU2764/MU2703",
      "价格": "971"
    },
    {
      "出发地": "哈尔滨",
      "目的地": "太原",
      "航班类型": "国内航班",
      "航班日期": "2025-12-31",
      "航班代码": "LT6663/MU5274",
      "价格": "997"
    },
    {
      "出发地": "哈尔滨",
      "目的地": "太原",
      "航班类型": "国内航班",
      "航班日期": "2026-01-01",
      "航班代码": "3U3331/GS7803",
      "价格": "854"
    },
    {
      "出发地": "哈尔滨",
      "目的地": "太原",
      "航班类型": "国内航班",
      "航班日期": "2026-01-02",
      "航班代码": "SC7940/CA2925",
      "价格": "958"
    },
    {
      "出发地": "哈尔滨",
      "目的地": "太原",
      "航班类型": "国内航班",
      "航班日期": "2026-01-03",
      "航班代码": "3U3331/GS7803",
      "价格": "1051"
    },
    {
      "出发地": "哈尔滨",
      "目的地": "太原",
      "航班类型": "国内航班",
      "航班日期": "2026-01-14",
      "航班代码": "HU7764/SC4923",
      "价格": "804"
    }
  ]
}