{
  "查询条件": {
    "出发地": "哈尔滨",
    "目的地": "济南"
  },
  "航班数量": 29,
  "航班列表": [
    {
      "出发地": "哈尔滨",
      "目的地": "济南",
      "航班类型": "国内航班",
      "航班日期": "2025-12-16",
      "航班代码": "JD5324",
      "价格": "460"
    },
    {
      "出发地": "哈尔滨",
      "目的地": "济南",
      "航班类型": "国内航班",
      "航班日期": "2025-12-17",
      "航班代码": "G58673",
      "价格": "300"
    },
    {
      "出发地": "哈尔滨",
      "目的地": "济南",
      "航班类型": "国内航班",
      "航班日期": "2025-12-18",
      "航班代码": "JD5324",
      "价格": "299"
    },
    {
      "出发地": "哈尔滨",
      "目的地": "济南",
      "航班类型": "国内航班",
      "航班日期": "2025-12-19",
      "航班代码": "MU5612/MU5571",
      "价格": "423"
    },
    {
      "出发地": "哈尔滨",
      "目的地": "济南",
      "航班类型": "国内航班",
      "航班日期": "2025-12-20",
      "航班代码": "JD5324",
      "价格": "379"
    },
    {
      "出发地": "哈尔滨",
      "目的地": "济南",
      "航班类型": "国内航班",
      "航班日期": "2025-12-21",
      "航班代码": "CZ4703",
      "价格": "300"
    },
    {
      "出发地": "哈尔滨",
      "目的地": "济南",
      "航班类型": "国内航班",
      "航班日期": "2025-12-22",
      "航班代码": "JD5324",
      "价格": "460"
    },
    {
      "出发地": "哈尔滨",
      "目的地": "济南",
      "航班类型": "国内航班",
      "航班日期": "2025-12-23",
      "航班代码": "JD5324",
      "价格": "540"
    },
    {
      "出发地": "哈尔滨",
      "目的地": "济南",
      "航班类型": "国内航班",
      "航班日期": "2025-12-24",
      "航班代码": "CZ4703",
      "价格": "350"
    },
    {
      "出发地": "哈尔滨",
      "目的地": "济南",
      "航班类型": "国内航班",
      "航班日期": "2025-12-25",
      "航班代码": "G58673",
      "价格": "540"
    },
    {
      "出发地": "哈尔滨",
      "目的地": "济南",
      "航班类型": "国内航班",
      "航班日期": "2025-12-26",
      "航班代码": "BK3060",
      "价格": "689"
    },
    {
      "出发地": "哈尔滨",
      "目的地": "济南",
      "航班类型": "国内航班",
      "航班日期": "2025-12-27",
      "航班代码": "G58673",
      "价格": "700"
    },
    {
      "出发地": "哈尔滨",
      "目的地": "济南",
      "航班类型": "国内航班",
      "航班日期": "2025-12-28",
      "航班代码": "BK3060",
      "价格": "760"
    },
    {
      "出发地": "哈尔滨",
      "目的地": "济南",
      "航班类型": "国内航班",
      "航班日期": "2025-12-30",
      "航班代码": "HU7210",
      "价格": "780"
    },
    {
      "出发地": "哈尔滨",
      "目的地": "济南",
      "航班类型": "国内航班",
      "航班日期": "2025-12-31",
      "航班代码": "G59066",
      "价格": "808"
    },
    {
      "出发地": "哈尔滨",
      "目的地": "济南",
      "航班类型": "国内航班",
      "航班日期": "2026-01-01",
      "航班代码": "LT4391/EU2742",
      "价格": "665"
    },
    {
      "出发地": "哈尔滨",
      "目的地": "济南",
      "航班类型": "国内航班",
      "航班日期": "2026-01-02",
      "航班代码": "CZ4703",
      "价格": "700"
    },
    {
      "出发地": "哈尔滨",
      "目的地": "济南",
      "航班类型": "国内航班",
      "航班日期": "2026-01-03",
      "航班代码": "G59066",
      "价格": "790"
    },
    {
      "出发地": "哈尔滨",
      "目的地": "济南",
      "航班类型": "国内航班",
      "航班日期": "2026-01-05",
      "航班代码": "CZ4703",
      "价格": "635"
    },
    {
      "出发地": "哈尔滨",
      "目的地": "济南",
      "航班类型": "国内航班",
      "航班日期": "2026-01-06",
      "航班代码": "TV3330",
      "价格": "690"
    },
    {
      "出发地": "哈尔滨",
      "目的地": "济南",
      "航班类型": "国内航班",
      "航班日期": "2026-01-08",
      "航班代码": "HU7210",
      "价格": "670"
    },
    {
      "出发地": "哈尔滨",
      "目的地": "济南",
      "航班类型": "国内航班",
      "航班日期": "2026-01-12",
      "航班代码": "TV3330",
      "价格": "690"
    },
    {
      "出发地": "哈尔滨",
      "目的地": "济南",
      "航班类型": "国内航班",
      "航班日期": "2026-01-31",
      "航班代码": "G58673",
      "价格": "700"
    },
    {
      "出发地": "哈尔滨",
      "目的地": "济南",
      "航班类型": "国内航班",
      "航班日期": "2026-02-02",
      "航班代码": "3U3333",
      "价格": "1180"
    },
    {
      "出发地": "哈尔滨",
      "目的地": "济南",
      "航班类型": "国内航班",
      "航班日期": "2026-02-03",
      "航班代码": "3U3333",
      "价格": "1180"
    },
    {
      "出发地": "哈尔滨",
      "目的地": "济南",
      "航班类型": "国内航班",
      "航班日期": "2026-02-08",
      "航班代码": "G58673",
      "价格": "1180"
    },
    {
      "出发地": "哈尔滨",
      "目的地": "济南",
      "航班类型": "国内航班",
      "航班日期": "2026-02-09",
      "航班代码": "3U3333",
      "价格": "1180"
    },
    {
      "出发地": "哈尔滨",
      "目的地": "济南",
      "航班类型": "国内航班",
      "航班日期": "2026-02-10",
      "航班代码": "3U3333",
      "价格": "1180"
    },
    {
      "出发地": "哈尔滨",
      "目的地": "济南",
      "航班类型": "国内航班",
      "航班日期": "2026-02-23",
      "航班代码": "G59066",
      "价格": "1460"
    }
  ]
}