{
  "查询条件": {
    "出发地": "哈尔滨",
    "目的地": "厦门"
  },
  "航班数量": 86,
  "航班列表": [
    {
      "出发地": "哈尔滨",
      "目的地": "厦门",
      "航班类型": "国内航班",
      "航班日期": "2025-12-16",
      "航班代码": "MU2212/MU5226",
      "价格": "450"
    },
    {
      "出发地": "哈尔滨",
      "目的地": "厦门",
      "航班类型": "国内航班",
      "航班日期": "2025-12-17",
      "航班代码": "MU2174/MU2213",
      "价格": "450"
    },
    {
      "出发地": "哈尔滨",
      "目的地": "厦门",
      "航班类型": "国内航班",
      "航班日期": "2025-12-18",
      "航班代码": "9C8944/9C8725",
      "价格": "574"
    },
    {
      "出发地": "哈尔滨",
      "目的地": "厦门",
      "航班类型": "国内航班",
      "航班日期": "2025-12-19",
      "航班代码": "QW9870/JD5215",
      "价格": "609"
    },
    {
      "出发地": "哈尔滨",
      "目的地": "厦门",
      "航班类型": "国内航班",
      "航班日期": "2025-12-20",
      "航班代码": "KN2326/NS3265",
      "价格": "570"
    },
    {
      "出发地": "哈尔滨",
      "目的地": "厦门",
      "航班类型": "国内航班",
      "航班日期": "2025-12-21",
      "航班代码": "MU5489/MU6931",
      "价格": "588"
    },
    {
      "出发地": "哈尔滨",
      "目的地": "厦门",
      "航班类型": "国内航班",
      "航班日期": "2025-12-22",
      "航班代码": "SC7940/SC2280",
      "价格": "629"
    },
    {
      "出发地": "哈尔滨",
      "目的地": "厦门",
      "航班类型": "国内航班",
      "航班日期": "2025-12-23",
      "航班代码": "CZ6207/CZ8897",
      "价格": "450"
    },
    {
      "出发地": "哈尔滨",
      "目的地": "厦门",
      "航班类型": "国内航班",
      "航班日期": "2025-12-24",
      "航班代码": "SC7940/SC2280",
      "价格": "626"
    },
    {
      "出发地": "哈尔滨",
      "目的地": "厦门",
      "航班类型": "国内航班",
      "航班日期": "2025-12-25",
      "航班代码": "MU5387/MU5370",
      "价格": "703"
    },
    {
      "出发地": "哈尔滨",
      "目的地": "厦门",
      "航班类型": "国内航班",
      "航班日期": "2025-12-26",
      "航班代码": "MU5387/MU5370",
      "价格": "858"
    },
    {
      "出发地": "哈尔滨",
      "目的地": "厦门",
      "航班类型": "国内航班",
      "航班日期": "2025-12-27",
      "航班代码": "HO1914/SC2116",
      "价格": "700"
    },
    {
      "出发地": "哈尔滨",
      "目的地": "厦门",
      "航班类型": "国内航班",
      "航班日期": "2025-12-28",
      "航班代码": "9C8944/9C8725",
      "价格": "1050"
    },
    {
      "出发地": "哈尔滨",
      "目的地": "厦门",
      "航班类型": "国内航班",
      "航班日期": "2025-12-29",
      "航班代码": "JD5324/SC8407",
      "价格": "985"
    },
    {
      "出发地": "哈尔滨",
      "目的地": "厦门",
      "航班类型": "国内航班",
      "航班日期": "2025-12-30",
      "航班代码": "QW9870/JD5215",
      "价格": "1140"
    },
    {
      "出发地": "哈尔滨",
      "目的地": "厦门",
      "航班类型": "国内航班",
      "航班日期": "2025-12-31",
      "航班代码": "MU5387/MU5370",
      "价格": "929"
    },
    {
      "出发地": "哈尔滨",
      "目的地": "厦门",
      "航班类型": "国内航班",
      "航班日期": "2026-01-01",
      "航班代码": "SC7940/CA2837",
      "价格": "1013"
    },
    {
      "出发地": "哈尔滨",
      "目的地": "厦门",
      "航班类型": "国内航班",
      "航班日期": "2026-01-02",
      "航班代码": "MF8084/MF8520",
      "价格": "1105"
    },
    {
      "出发地": "哈尔滨",
      "目的地": "厦门",
      "航班类型": "国内航班",
      "航班日期": "2026-01-03",
      "航班代码": "MU5387/MU5370",
      "价格": "1281"
    },
    {
      "出发地": "哈尔滨",
      "目的地": "厦门",
      "航班类型": "国内航班",
      "航班日期": "2026-01-04",
      "航班代码": "MU5387/MU5370",
      "价格": "1108"
    },
    {
      "出发地": "哈尔滨",
      "目的地": "厦门",
      "航班类型": "国内航班",
      "航班日期": "2026-01-05",
      "航班代码": "KN2326/NS3265",
      "价格": "1027"
    },
    {
      "出发地": "哈尔滨",
      "目的地": "厦门",
      "航班类型": "国内航班",
      "航班日期": "2026-01-06",
      "航班代码": "GJ8572/HU7459",
      "价格": "1570"
    },
    {
      "出发地": "哈尔滨",
      "目的地": "厦门",
      "航班类型": "国内航班",
      "航班日期": "2026-01-07",
      "航班代码": "9C8870/9C8815",
      "价格": "969"
    },
    {
      "出发地": "哈尔滨",
      "目的地": "厦门",
      "航班类型": "国内航班",
      "航班日期": "2026-01-08",
      "航班代码": "MU5387/MU5370",
      "价格": "802"
    },
    {
      "出发地": "哈尔滨",
      "目的地": "厦门",
      "航班类型": "国内航班",
      "航班日期": "2026-01-09",
      "航班代码": "MU5387/MU5370",
      "价格": "821"
    },
    {
      "出发地": "哈尔滨",
      "目的地": "厦门",
      "航班类型": "国内航班",
      "航班日期": "2026-01-10",
      "航班代码": "CZ8963/CZ8897",
      "价格": "700"
    },
    {
      "出发地": "哈尔滨",
      "目的地": "厦门",
      "航班类型": "国内航班",
      "航班日期": "2026-01-11",
      "航班代码": "SC7940/SC2280",
      "价格": "679"
    },
    {
      "出发地": "哈尔滨",
      "目的地": "厦门",
      "航班类型": "国内航班",
      "航班日期": "2026-01-12",
      "航班代码": "MU8014/9C8975",
      "价格": "975"
    },
    {
      "出发地": "哈尔滨",
      "目的地": "厦门",
      "航班类型": "国内航班",
      "航班日期": "2026-01-13",
      "航班代码": "9C8762/9C8975",
      "价格": "1047"
    },
    {
      "出发地": "哈尔滨",
      "目的地": "厦门",
      "航班类型": "国内航班",
      "航班日期": "2026-01-14",
      "航班代码": "3U3329/SC8411",
      "价格": "856"
    },
    {
      "出发地": "哈尔滨",
      "目的地": "厦门",
      "航班类型": "国内航班",
      "航班日期": "2026-01-15",
      "航班代码": "9C8944/9C8725",
      "价格": "858"
    },
    {
      "出发地": "哈尔滨",
      "目的地": "厦门",
      "航班类型": "国内航班",
      "航班日期": "2026-01-16",
      "航班代码": "9C8870/9C8815",
      "价格": "996"
    },
    {
      "出发地": "哈尔滨",
      "目的地": "厦门",
      "航班类型": "国内航班",
      "航班日期": "2026-01-18",
      "航班代码": "FM9562/MU5370",
      "价格": "961"
    },
    {
      "出发地": "哈尔滨",
      "目的地": "厦门",
      "航班类型": "国内航班",
      "航班日期": "2026-01-19",
      "航班代码": "MU5387/MU5370",
      "价格": "997"
    },
    {
      "出发地": "哈尔滨",
      "目的地": "厦门",
      "航班类型": "国内航班",
      "航班日期": "2026-01-20",
      "航班代码": "MU5387/MU5370",
      "价格": "997"
    },
    {
      "出发地": "哈尔滨",
      "目的地": "厦门",
      "航班类型": "国内航班",
      "航班日期": "2026-01-21",
      "航班代码": "SC4845/SC4781",
      "价格": "809"
    },
    {
      "出发地": "哈尔滨",
      "目的地": "厦门",
      "航班类型": "国内航班",
      "航班日期": "2026-01-22",
      "航班代码": "MU5387/MU5370",
      "价格": "713"
    },
    {
      "出发地": "哈尔滨",
      "目的地": "厦门",
      "航班类型": "国内航班",
      "航班日期": "2026-01-23",
      "航班代码": "SC7940/SC2280",
      "价格": "679"
    },
    {
      "出发地": "哈尔滨",
      "目的地": "厦门",
      "航班类型": "国内航班",
      "航班日期": "2026-01-24",
      "航班代码": "9C6190/9C8815",
      "价格": "977"
    },
    {
      "出发地": "哈尔滨",
      "目的地": "厦门",
      "航班类型": "国内航班",
      "航班日期": "2026-01-25",
      "航班代码": "9C8944/9C8725",
      "价格": "860"
    },
    {
      "出发地": "哈尔滨",
      "目的地": "厦门",
      "航班类型": "国内航班",
      "航班日期": "2026-01-26",
      "航班代码": "MU5387/MU5370",
      "价格": "997"
    },
    {
      "出发地": "哈尔滨",
      "目的地": "厦门",
      "航班类型": "国内航班",
      "航班日期": "2026-01-27",
      "航班代码": "KN2326/9C8975",
      "价格": "1067"
    },
    {
      "出发地": "哈尔滨",
      "目的地": "厦门",
      "航班类型": "国内航班",
      "航班日期": "2026-01-28",
      "航班代码": "KN2326/9C8975",
      "价格": "1017"
    },
    {
      "出发地": "哈尔滨",
      "目的地": "厦门",
      "航班类型": "国内航班",
      "航班日期": "2026-01-29",
      "航班代码": "KN2326/9C8965",
      "价格": "968"
    },
    {
      "出发地": "哈尔滨",
      "目的地": "厦门",
      "航班类型": "国内航班",
      "航班日期": "2026-01-30",
      "航班代码": "MU5387/MU5370",
      "价格": "997"
    },
    {
      "出发地": "哈尔滨",
      "目的地": "厦门",
      "航班类型": "国内航班",
      "航班日期": "2026-01-31",
      "航班代码": "MU8014/9C8975",
      "价格": "977"
    },
    {
      "出发地": "哈尔滨",
      "目的地": "厦门",
      "航班类型": "国内航班",
      "航班日期": "2026-02-01",
      "航班代码": "MU8014/9C8975",
      "价格": "1068"
    },
    {
      "出发地": "哈尔滨",
      "目的地": "厦门",
      "航班类型": "国内航班",
      "航班日期": "2026-02-02",
      "航班代码": "CZ3906/CZ3805",
      "价格": "1080"
    },
    {
      "出发地": "哈尔滨",
      "目的地": "厦门",
      "航班类型": "国内航班",
      "航班日期": "2026-02-03",
      "航班代码": "9C7656/MF8076",
      "价格": "1711"
    },
    {
      "出发地": "哈尔滨",
      "目的地": "厦门",
      "航班类型": "国内航班",
      "航班日期": "2026-02-04",
      "航班代码": "8L9556/9C8965",
      "价格": "1251"
    },
    {
      "出发地": "哈尔滨",
      "目的地": "厦门",
      "航班类型": "国内航班",
      "航班日期": "2026-02-05",
      "航班代码": "HO1739/HO1791",
      "价格": "1451"
    },
    {
      "出发地": "哈尔滨",
      "目的地": "厦门",
      "航班类型": "国内航班",
      "航班日期": "2026-02-06",
      "航班代码": "9C7656/MF8076",
      "价格": "1471"
    },
    {
      "出发地": "哈尔滨",
      "目的地": "厦门",
      "航班类型": "国内航班",
      "航班日期": "2026-02-07",
      "航班代码": "MU5612/FM9263",
      "价格": "1368"
    },
    {
      "出发地": "哈尔滨",
      "目的地": "厦门",
      "航班类型": "国内航班",
      "航班日期": "2026-02-08",
      "航班代码": "3U3311/MU5641",
      "价格": "1418"
    },
    {
      "出发地": "哈尔滨",
      "目的地": "厦门",
      "航班类型": "国内航班",
      "航班日期": "2026-02-09",
      "航班代码": "9C8674/9C8965",
      "价格": "1471"
    },
    {
      "出发地": "哈尔滨",
      "目的地": "厦门",
      "航班类型": "国内航班",
      "航班日期": "2026-02-10",
      "航班代码": "9C8762/9C8975",
      "价格": "1650"
    },
    {
      "出发地": "哈尔滨",
      "目的地": "厦门",
      "航班类型": "国内航班",
      "航班日期": "2026-02-11",
      "航班代码": "HO1262/9C8815",
      "价格": "1560"
    },
    {
      "出发地": "哈尔滨",
      "目的地": "厦门",
      "航班类型": "国内航班",
      "航班日期": "2026-02-12",
      "航班代码": "9C6190/HO1117",
      "价格": "2257"
    },
    {
      "出发地": "哈尔滨",
      "目的地": "厦门",
      "航班类型": "国内航班",
      "航班日期": "2026-02-13",
      "航班代码": "HO1724/HO1791",
      "价格": "1680"
    },
    {
      "出发地": "哈尔滨",
      "目的地": "厦门",
      "航班类型": "国内航班",
      "航班日期": "2026-02-14",
      "航班代码": "HU7764/JD5215",
      "价格": "1539"
    },
    {
      "出发地": "哈尔滨",
      "目的地": "厦门",
      "航班类型": "国内航班",
      "航班日期": "2026-02-15",
      "航班代码": "9C8674/9C8975",
      "价格": "1568"
    },
    {
      "出发地": "哈尔滨",
      "目的地": "厦门",
      "航班类型": "国内航班",
      "航班日期": "2026-02-16",
      "航班代码": "A67194/MU2789",
      "价格": "1728"
    },
    {
      "出发地": "哈尔滨",
      "目的地": "厦门",
      "航班类型": "国内航班",
      "航班日期": "2026-02-17",
      "航班代码": "HO1264/FM9263",
      "价格": "1855"
    },
    {
      "出发地": "哈尔滨",
      "目的地": "厦门",
      "航班类型": "国内航班",
      "航班日期": "2026-02-18",
      "航班代码": "HO1739/MU2913",
      "价格": "1688"
    },
    {
      "出发地": "哈尔滨",
      "目的地": "厦门",
      "航班类型": "国内航班",
      "航班日期": "2026-02-19",
      "航班代码": "9C8762/9C8975",
      "价格": "1774"
    },
    {
      "出发地": "哈尔滨",
      "目的地": "厦门",
      "航班类型": "国内航班",
      "航班日期": "2026-02-20",
      "航班代码": "SC4853/JD5215",
      "价格": "1910"
    },
    {
      "出发地": "哈尔滨",
      "目的地": "厦门",
      "航班类型": "国内航班",
      "航班日期": "2026-02-21",
      "航班代码": "MU5387/MU5370",
      "价格": "2066"
    },
    {
      "出发地": "哈尔滨",
      "目的地": "厦门",
      "航班类型": "国内航班",
      "航班日期": "2026-02-22",
      "航班代码": "3U3311/9C8815",
      "价格": "2368"
    },
    {
      "出发地": "哈尔滨",
      "目的地": "厦门",
      "航班类型": "国内航班",
      "航班日期": "2026-02-23",
      "航班代码": "3U3315/9C8815",
      "价格": "2231"
    },
    {
      "出发地": "哈尔滨",
      "目的地": "厦门",
      "航班类型": "国内航班",
      "航班日期": "2026-02-24",
      "航班代码": "9C8762/9C8975",
      "价格": "2105"
    },
    {
      "出发地": "哈尔滨",
      "目的地": "厦门",
      "航班类型": "国内航班",
      "航班日期": "2026-02-25",
      "航班代码": "MU5387/MU5370",
      "价格": "2066"
    },
    {
      "出发地": "哈尔滨",
      "目的地": "厦门",
      "航班类型": "国内航班",
      "航班日期": "2026-02-26",
      "航班代码": "9C8762/9C8975",
      "价格": "2011"
    },
    {
      "出发地": "哈尔滨",
      "目的地": "厦门",
      "航班类型": "国内航班",
      "航班日期": "2026-02-27",
      "航班代码": "9C8674/9C8975",
      "价格": "1860"
    },
    {
      "出发地": "哈尔滨",
      "目的地": "厦门",
      "航班类型": "国内航班",
      "航班日期": "2026-03-06",
      "航班代码": "9C8870/9C8815",
      "价格": "1166"
    },
    {
      "出发地": "哈尔滨",
      "目的地": "厦门",
      "航班类型": "国内航班",
      "航班日期": "2026-03-08",
      "航班代码": "MU6552/MU6392",
      "价格": "790"
    },
    {
      "出发地": "哈尔滨",
      "目的地": "厦门",
      "航班类型": "国内航班",
      "航班日期": "2026-03-09",
      "航班代码": "MU5612/FM9263",
      "价格": "712"
    },
    {
      "出发地": "哈尔滨",
      "目的地": "厦门",
      "航班类型": "国内航班",
      "航班日期": "2026-03-12",
      "航班代码": "MU6552/MU6931",
      "价格": "790"
    },
    {
      "出发地": "哈尔滨",
      "目的地": "厦门",
      "航班类型": "国内航班",
      "航班日期": "2026-03-13",
      "航班代码": "MU5612/FM9263",
      "价格": "712"
    },
    {
      "出发地": "哈尔滨",
      "目的地": "厦门",
      "航班类型": "国内航班",
      "航班日期": "2026-03-14",
      "航班代码": "9C6190/9C8815",
      "价格": "740"
    },
    {
      "出发地": "哈尔滨",
      "目的地": "厦门",
      "航班类型": "国内航班",
      "航班日期": "2026-03-15",
      "航班代码": "9C8944/9C8725",
      "价格": "560"
    },
    {
      "出发地": "哈尔滨",
      "目的地": "厦门",
      "航班类型": "国内航班",
      "航班日期": "2026-03-16",
      "航班代码": "9C8870/9C8815",
      "价格": "650"
    },
    {
      "出发地": "哈尔滨",
      "目的地": "厦门",
      "航班类型": "国内航班",
      "航班日期": "2026-03-19",
      "航班代码": "9C6190/9C8815",
      "价格": "660"
    },
    {
      "出发地": "哈尔滨",
      "目的地": "厦门",
      "航班类型": "国内航班",
      "航班日期": "2026-03-20",
      "航班代码": "9C8870/FM9263",
      "价格": "690"
    },
    {
      "出发地": "哈尔滨",
      "目的地": "厦门",
      "航班类型": "国内航班",
      "航班日期": "2026-03-21",
      "航班代码": "9C6190/9C8815",
      "价格": "600"
    },
    {
      "出发地": "哈尔滨",
      "目的地": "厦门",
      "航班类型": "国内航班",
      "航班日期": "2026-03-25",
      "航班代码": "9C8870/9C8815",
      "价格": "600"
    },
    {
      "出发地": "哈尔滨",
      "目的地": "厦门",
      "航班类型": "国内航班",
      "航班日期": "2026-03-26",
      "航班代码": "9C8762/9C8975",
      "价格": "610"
    }
  ]
}