{
  "查询条件": {
    "出发地": "哈尔滨",
    "目的地": "广州"
  },
  "航班数量": 79,
  "航班列表": [
    {
      "出发地": "哈尔滨",
      "目的地": "广州",
      "航班类型": "国内航班",
      "航班日期": "2025-12-16",
      "航班代码": "CZ8760/CZ3116",
      "价格": "450"
    },
    {
      "出发地": "哈尔滨",
      "目的地": "广州",
      "航班类型": "国内航班",
      "航班日期": "2025-12-17",
      "航班代码": "CZ8963/CZ3116",
      "价格": "450"
    },
    {
      "出发地": "哈尔滨",
      "目的地": "广州",
      "航班类型": "国内航班",
      "航班日期": "2025-12-18",
      "航班代码": "MF8094/MF8301",
      "价格": "440"
    },
    {
      "出发地": "哈尔滨",
      "目的地": "广州",
      "航班类型": "国内航班",
      "航班日期": "2025-12-19",
      "航班代码": "MU2174/MU2303",
      "价格": "490"
    },
    {
      "出发地": "哈尔滨",
      "目的地": "广州",
      "航班类型": "国内航班",
      "航班日期": "2025-12-20",
      "航班代码": "MU2720/MU9767",
      "价格": "542"
    },
    {
      "出发地": "哈尔滨",
      "目的地": "广州",
      "航班类型": "国内航班",
      "航班日期": "2025-12-21",
      "航班代码": "CZ8963/CZ3116",
      "价格": "450"
    },
    {
      "出发地": "哈尔滨",
      "目的地": "广州",
      "航班类型": "国内航班",
      "航班日期": "2025-12-22",
      "航班代码": "CZ8963/CZ3116",
      "价格": "450"
    },
    {
      "出发地": "哈尔滨",
      "目的地": "广州",
      "航班类型": "国内航班",
      "航班日期": "2025-12-23",
      "航班代码": "CZ6207/CZ3116",
      "价格": "450"
    },
    {
      "出发地": "哈尔滨",
      "目的地": "广州",
      "航班类型": "国内航班",
      "航班日期": "2025-12-24",
      "航班代码": "CZ6203/CZ3108",
      "价格": "450"
    },
    {
      "出发地": "哈尔滨",
      "目的地": "广州",
      "航班类型": "国内航班",
      "航班日期": "2025-12-25",
      "航班代码": "CZ8760/CZ3116",
      "价格": "700"
    },
    {
      "出发地": "哈尔滨",
      "目的地": "广州",
      "航班类型": "国内航班",
      "航班日期": "2025-12-26",
      "航班代码": "9C7656/CZ3780",
      "价格": "882"
    },
    {
      "出发地": "哈尔滨",
      "目的地": "广州",
      "航班类型": "国内航班",
      "航班日期": "2025-12-27",
      "航班代码": "AQ1502/AQ1030",
      "价格": "958"
    },
    {
      "出发地": "哈尔滨",
      "目的地": "广州",
      "航班类型": "国内航班",
      "航班日期": "2025-12-28",
      "航班代码": "ZH8596/CZ3514",
      "价格": "1146"
    },
    {
      "出发地": "哈尔滨",
      "目的地": "广州",
      "航班类型": "国内航班",
      "航班日期": "2025-12-29",
      "航班代码": "MF8098/CZ3514",
      "价格": "1042"
    },
    {
      "出发地": "哈尔滨",
      "目的地": "广州",
      "航班类型": "国内航班",
      "航班日期": "2025-12-30",
      "航班代码": "GJ8572/AQ1722",
      "价格": "1151"
    },
    {
      "出发地": "哈尔滨",
      "目的地": "广州",
      "航班类型": "国内航班",
      "航班日期": "2025-12-31",
      "航班代码": "KN5508/AQ1002",
      "价格": "1106"
    },
    {
      "出发地": "哈尔滨",
      "目的地": "广州",
      "航班类型": "国内航班",
      "航班日期": "2026-01-01",
      "航班代码": "GJ8572/AQ1722",
      "价格": "1047"
    },
    {
      "出发地": "哈尔滨",
      "目的地": "广州",
      "航班类型": "国内航班",
      "航班日期": "2026-01-02",
      "航班代码": "HU7627/JD5186",
      "价格": "1069"
    },
    {
      "出发地": "哈尔滨",
      "目的地": "广州",
      "航班类型": "国内航班",
      "航班日期": "2026-01-03",
      "航班代码": "3U3331/CA2801",
      "价格": "1452"
    },
    {
      "出发地": "哈尔滨",
      "目的地": "广州",
      "航班类型": "国内航班",
      "航班日期": "2026-01-04",
      "航班代码": "ZH8596/HU7214",
      "价格": "1042"
    },
    {
      "出发地": "哈尔滨",
      "目的地": "广州",
      "航班类型": "国内航班",
      "航班日期": "2026-01-05",
      "航班代码": "MF8098/HU7214",
      "价格": "970"
    },
    {
      "出发地": "哈尔滨",
      "目的地": "广州",
      "航班类型": "国内航班",
      "航班日期": "2026-01-06",
      "航班代码": "JD5324/HU7210",
      "价格": "899"
    },
    {
      "出发地": "哈尔滨",
      "目的地": "广州",
      "航班类型": "国内航班",
      "航班日期": "2026-01-07",
      "航班代码": "MF8084/HU7210",
      "价格": "908"
    },
    {
      "出发地": "哈尔滨",
      "目的地": "广州",
      "航班类型": "国内航班",
      "航班日期": "2026-01-08",
      "航班代码": "MU5489/AQ1128",
      "价格": "987"
    },
    {
      "出发地": "哈尔滨",
      "目的地": "广州",
      "航班类型": "国内航班",
      "航班日期": "2026-01-09",
      "航班代码": "KN2326/NS3657",
      "价格": "1009"
    },
    {
      "出发地": "哈尔滨",
      "目的地": "广州",
      "航班类型": "国内航班",
      "航班日期": "2026-01-10",
      "航班代码": "9C8944/ZH8910",
      "价格": "893"
    },
    {
      "出发地": "哈尔滨",
      "目的地": "广州",
      "航班类型": "国内航班",
      "航班日期": "2026-01-11",
      "航班代码": "MF8814/AQ1072",
      "价格": "1003"
    },
    {
      "出发地": "哈尔滨",
      "目的地": "广州",
      "航班类型": "国内航班",
      "航班日期": "2026-01-12",
      "航班代码": "GJ8104/9C7750",
      "价格": "928"
    },
    {
      "出发地": "哈尔滨",
      "目的地": "广州",
      "航班类型": "国内航班",
      "航班日期": "2026-01-13",
      "航班代码": "CA2718/CA4319",
      "价格": "999"
    },
    {
      "出发地": "哈尔滨",
      "目的地": "广州",
      "航班类型": "国内航班",
      "航班日期": "2026-01-14",
      "航班代码": "AQ1162",
      "价格": "889"
    },
    {
      "出发地": "哈尔滨",
      "目的地": "广州",
      "航班类型": "国内航班",
      "航班日期": "2026-01-15",
      "航班代码": "AQ1724",
      "价格": "889"
    },
    {
      "出发地": "哈尔滨",
      "目的地": "广州",
      "航班类型": "国内航班",
      "航班日期": "2026-01-16",
      "航班代码": "SC4746/SC9678",
      "价格": "900"
    },
    {
      "出发地": "哈尔滨",
      "目的地": "广州",
      "航班类型": "国内航班",
      "航班日期": "2026-01-17",
      "航班代码": "9C8762/9C8900",
      "价格": "956"
    },
    {
      "出发地": "哈尔滨",
      "目的地": "广州",
      "航班类型": "国内航班",
      "航班日期": "2026-01-18",
      "航班代码": "KN2326/9C8900",
      "价格": "877"
    },
    {
      "出发地": "哈尔滨",
      "目的地": "广州",
      "航班类型": "国内航班",
      "航班日期": "2026-01-19",
      "航班代码": "MF8814/AQ1072",
      "价格": "993"
    },
    {
      "出发地": "哈尔滨",
      "目的地": "广州",
      "航班类型": "国内航班",
      "航班日期": "2026-01-20",
      "航班代码": "9C8944/ZH8910",
      "价格": "909"
    },
    {
      "出发地": "哈尔滨",
      "目的地": "广州",
      "航班类型": "国内航班",
      "航班日期": "2026-01-21",
      "航班代码": "SC4845/SC4673",
      "价格": "829"
    },
    {
      "出发地": "哈尔滨",
      "目的地": "广州",
      "航班类型": "国内航班",
      "航班日期": "2026-01-22",
      "航班代码": "AQ1724",
      "价格": "889"
    },
    {
      "出发地": "哈尔滨",
      "目的地": "广州",
      "航班类型": "国内航班",
      "航班日期": "2026-01-23",
      "航班代码": "KN2326/9C8900",
      "价格": "1024"
    },
    {
      "出发地": "哈尔滨",
      "目的地": "广州",
      "航班类型": "国内航班",
      "航班日期": "2026-01-24",
      "航班代码": "CA2730/CA4319",
      "价格": "899"
    },
    {
      "出发地": "哈尔滨",
      "目的地": "广州",
      "航班类型": "国内航班",
      "航班日期": "2026-01-25",
      "航班代码": "ZH4936/ZH4779",
      "价格": "1014"
    },
    {
      "出发地": "哈尔滨",
      "目的地": "广州",
      "航班类型": "国内航班",
      "航班日期": "2026-01-26",
      "航班代码": "JD5166",
      "价格": "1016"
    },
    {
      "出发地": "哈尔滨",
      "目的地": "广州",
      "航班类型": "国内航班",
      "航班日期": "2026-01-27",
      "航班代码": "9C6190/AQ1006",
      "价格": "1249"
    },
    {
      "出发地": "哈尔滨",
      "目的地": "广州",
      "航班类型": "国内航班",
      "航班日期": "2026-01-28",
      "航班代码": "9C8870/AQ1006",
      "价格": "1249"
    },
    {
      "出发地": "哈尔滨",
      "目的地": "广州",
      "航班类型": "国内航班",
      "航班日期": "2026-01-29",
      "航班代码": "JD5166",
      "价格": "1011"
    },
    {
      "出发地": "哈尔滨",
      "目的地": "广州",
      "航班类型": "国内航班",
      "航班日期": "2026-01-30",
      "航班代码": "9C8870/9C8929",
      "价格": "1151"
    },
    {
      "出发地": "哈尔滨",
      "目的地": "广州",
      "航班类型": "国内航班",
      "航班日期": "2026-01-31",
      "航班代码": "CA2718/CA4305",
      "价格": "999"
    },
    {
      "出发地": "哈尔滨",
      "目的地": "广州",
      "航班类型": "国内航班",
      "航班日期": "2026-02-01",
      "航班代码": "CA4012/CA4353",
      "价格": "999"
    },
    {
      "出发地": "哈尔滨",
      "目的地": "广州",
      "航班类型": "国内航班",
      "航班日期": "2026-02-02",
      "航班代码": "ZH4840/ZH4519",
      "价格": "1000"
    },
    {
      "出发地": "哈尔滨",
      "目的地": "广州",
      "航班类型": "国内航班",
      "航班日期": "2026-02-03",
      "航班代码": "CA2730/CA4319",
      "价格": "899"
    },
    {
      "出发地": "哈尔滨",
      "目的地": "广州",
      "航班类型": "国内航班",
      "航班日期": "2026-02-04",
      "航班代码": "KN2326/9C8900",
      "价格": "2097"
    },
    {
      "出发地": "哈尔滨",
      "目的地": "广州",
      "航班类型": "国内航班",
      "航班日期": "2026-02-05",
      "航班代码": "8L9616/9C8900",
      "价格": "1219"
    },
    {
      "出发地": "哈尔滨",
      "目的地": "广州",
      "航班类型": "国内航班",
      "航班日期": "2026-02-06",
      "航班代码": "HU7764/CZ3610",
      "价格": "1207"
    },
    {
      "出发地": "哈尔滨",
      "目的地": "广州",
      "航班类型": "国内航班",
      "航班日期": "2026-02-07",
      "航班代码": "AQ1724",
      "价格": "1179"
    },
    {
      "出发地": "哈尔滨",
      "目的地": "广州",
      "航班类型": "国内航班",
      "航班日期": "2026-02-08",
      "航班代码": "GJ8187/GJ8060",
      "价格": "1508"
    },
    {
      "出发地": "哈尔滨",
      "目的地": "广州",
      "航班类型": "国内航班",
      "航班日期": "2026-02-09",
      "航班代码": "KN2326/9C8900",
      "价格": "1897"
    },
    {
      "出发地": "哈尔滨",
      "目的地": "广州",
      "航班类型": "国内航班",
      "航班日期": "2026-02-10",
      "航班代码": "8L9616/9C8900",
      "价格": "1232"
    },
    {
      "出发地": "哈尔滨",
      "目的地": "广州",
      "航班类型": "国内航班",
      "航班日期": "2026-02-11",
      "航班代码": "9C8674/9C8900",
      "价格": "1326"
    },
    {
      "出发地": "哈尔滨",
      "目的地": "广州",
      "航班类型": "国内航班",
      "航班日期": "2026-02-12",
      "航班代码": "9C6426/GJ8568",
      "价格": "1541"
    },
    {
      "出发地": "哈尔滨",
      "目的地": "广州",
      "航班类型": "国内航班",
      "航班日期": "2026-02-13",
      "航班代码": "9C8674/9C8900",
      "价格": "1488"
    },
    {
      "出发地": "哈尔滨",
      "目的地": "广州",
      "航班类型": "国内航班",
      "航班日期": "2026-02-14",
      "航班代码": "AQ1724",
      "价格": "1499"
    },
    {
      "出发地": "哈尔滨",
      "目的地": "广州",
      "航班类型": "国内航班",
      "航班日期": "2026-02-15",
      "航班代码": "GS7642/GJ8568",
      "价格": "1418"
    },
    {
      "出发地": "哈尔滨",
      "目的地": "广州",
      "航班类型": "国内航班",
      "航班日期": "2026-02-16",
      "航班代码": "JD5166",
      "价格": "1012"
    },
    {
      "出发地": "哈尔滨",
      "目的地": "广州",
      "航班类型": "国内航班",
      "航班日期": "2026-02-17",
      "航班代码": "JD5166",
      "价格": "1200"
    },
    {
      "出发地": "哈尔滨",
      "目的地": "广州",
      "航班类型": "国内航班",
      "航班日期": "2026-02-18",
      "航班代码": "FU6641/GJ8568",
      "价格": "1664"
    },
    {
      "出发地": "哈尔滨",
      "目的地": "广州",
      "航班类型": "国内航班",
      "航班日期": "2026-02-19",
      "航班代码": "AQ1724",
      "价格": "1579"
    },
    {
      "出发地": "哈尔滨",
      "目的地": "广州",
      "航班类型": "国内航班",
      "航班日期": "2026-02-20",
      "航班代码": "CZ8650/MU2551",
      "价格": "2041"
    },
    {
      "出发地": "哈尔滨",
      "目的地": "广州",
      "航班类型": "国内航班",
      "航班日期": "2026-02-21",
      "航班代码": "CA2998/CA2803",
      "价格": "2358"
    },
    {
      "出发地": "哈尔滨",
      "目的地": "广州",
      "航班类型": "国内航班",
      "航班日期": "2026-02-22",
      "航班代码": "3U3315/9C8929",
      "价格": "2581"
    },
    {
      "出发地": "哈尔滨",
      "目的地": "广州",
      "航班类型": "国内航班",
      "航班日期": "2026-02-23",
      "航班代码": "FM9066/CA4538",
      "价格": "2348"
    },
    {
      "出发地": "哈尔滨",
      "目的地": "广州",
      "航班类型": "国内航班",
      "航班日期": "2026-02-24",
      "航班代码": "FM9066/9C8929",
      "价格": "2337"
    },
    {
      "出发地": "哈尔滨",
      "目的地": "广州",
      "航班类型": "国内航班",
      "航班日期": "2026-02-25",
      "航班代码": "FM9066/9C8929",
      "价格": "2296"
    },
    {
      "出发地": "哈尔滨",
      "目的地": "广州",
      "航班类型": "国内航班",
      "航班日期": "2026-02-26",
      "航班代码": "3U3311/9C8929",
      "价格": "2241"
    },
    {
      "出发地": "哈尔滨",
      "目的地": "广州",
      "航班类型": "国内航班",
      "航班日期": "2026-02-27",
      "航班代码": "CZ3739/9C7750",
      "价格": "2240"
    },
    {
      "出发地": "哈尔滨",
      "目的地": "广州",
      "航班类型": "国内航班",
      "航班日期": "2026-02-28",
      "航班代码": "9C6190/9C8835",
      "价格": "1788"
    },
    {
      "出发地": "哈尔滨",
      "目的地": "广州",
      "航班类型": "国内航班",
      "航班日期": "2026-03-01",
      "航班代码": "CZ3906",
      "价格": "1710"
    },
    {
      "出发地": "哈尔滨",
      "目的地": "广州",
      "航班类型": "国内航班",
      "航班日期": "2026-03-02",
      "航班代码": "MU5620/9C8931",
      "价格": "1358"
    },
    {
      "出发地": "哈尔滨",
      "目的地": "广州",
      "航班类型": "国内航班",
      "航班日期": "2026-03-03",
      "航班代码": "HU7130/AQ1002",
      "价格": "1219"
    },
    {
      "出发地": "哈尔滨",
      "目的地": "广州",
      "航班类型": "国内航班",
      "航班日期": "2026-03-04",
      "航班代码": "MU6552/MU6425",
      "价格": "1171"
    }
  ]
}