{
  "查询条件": {
    "出发地": "哈尔滨",
    "目的地": "青岛"
  },
  "航班数量": 65,
  "航班列表": [
    {
      "出发地": "哈尔滨",
      "目的地": "青岛",
      "航班类型": "国内航班",
      "航班日期": "2025-12-16",
      "航班代码": "QW9882",
      "价格": "250"
    },
    {
      "出发地": "哈尔滨",
      "目的地": "青岛",
      "航班类型": "国内航班",
      "航班日期": "2025-12-17",
      "航班代码": "QW9870",
      "价格": "250"
    },
    {
      "出发地": "哈尔滨",
      "目的地": "青岛",
      "航班类型": "国内航班",
      "航班日期": "2025-12-18",
      "航班代码": "MU5612/FM9229",
      "价格": "400"
    },
    {
      "出发地": "哈尔滨",
      "目的地": "青岛",
      "航班类型": "国内航班",
      "航班日期": "2025-12-19",
      "航班代码": "MU5612/MU5521",
      "价格": "476"
    },
    {
      "出发地": "哈尔滨",
      "目的地": "青岛",
      "航班类型": "国内航班",
      "航班日期": "2025-12-20",
      "航班代码": "MU5612/FM9229",
      "价格": "480"
    },
    {
      "出发地": "哈尔滨",
      "目的地": "青岛",
      "航班类型": "国内航班",
      "航班日期": "2025-12-21",
      "航班代码": "LT4391/A67108",
      "价格": "628"
    },
    {
      "出发地": "哈尔滨",
      "目的地": "青岛",
      "航班类型": "国内航班",
      "航班日期": "2025-12-22",
      "航班代码": "FM9066/FM9229",
      "价格": "550"
    },
    {
      "出发地": "哈尔滨",
      "目的地": "青岛",
      "航班类型": "国内航班",
      "航班日期": "2025-12-23",
      "航班代码": "MU5612/FM9229",
      "价格": "490"
    },
    {
      "出发地": "哈尔滨",
      "目的地": "青岛",
      "航班类型": "国内航班",
      "航班日期": "2025-12-24",
      "航班代码": "FM9066/FM9229",
      "价格": "550"
    },
    {
      "出发地": "哈尔滨",
      "目的地": "青岛",
      "航班类型": "国内航班",
      "航班日期": "2025-12-25",
      "航班代码": "MU5649/MU5244",
      "价格": "600"
    },
    {
      "出发地": "哈尔滨",
      "目的地": "青岛",
      "航班类型": "国内航班",
      "航班日期": "2025-12-26",
      "航班代码": "MU5489/MU6469",
      "价格": "670"
    },
    {
      "出发地": "哈尔滨",
      "目的地": "青岛",
      "航班类型": "国内航班",
      "航班日期": "2025-12-27",
      "航班代码": "EU2701/A67108",
      "价格": "679"
    },
    {
      "出发地": "哈尔滨",
      "目的地": "青岛",
      "航班类型": "国内航班",
      "航班日期": "2025-12-28",
      "航班代码": "LT4391/A67108",
      "价格": "763"
    },
    {
      "出发地": "哈尔滨",
      "目的地": "青岛",
      "航班类型": "国内航班",
      "航班日期": "2025-12-29",
      "航班代码": "EU2701/A67108",
      "价格": "857"
    },
    {
      "出发地": "哈尔滨",
      "目的地": "青岛",
      "航班类型": "国内航班",
      "航班日期": "2025-12-30",
      "航班代码": "EU2701/A67108",
      "价格": "799"
    },
    {
      "出发地": "哈尔滨",
      "目的地": "青岛",
      "航班类型": "国内航班",
      "航班日期": "2025-12-31",
      "航班代码": "9C8870/QW9778",
      "价格": "1097"
    },
    {
      "出发地": "哈尔滨",
      "目的地": "青岛",
      "航班类型": "国内航班",
      "航班日期": "2026-01-01",
      "航班代码": "QW9882",
      "价格": "730"
    },
    {
      "出发地": "哈尔滨",
      "目的地": "青岛",
      "航班类型": "国内航班",
      "航班日期": "2026-01-02",
      "航班代码": "LT4391/A67108",
      "价格": "927"
    },
    {
      "出发地": "哈尔滨",
      "目的地": "青岛",
      "航班类型": "国内航班",
      "航班日期": "2026-01-03",
      "航班代码": "EU2701/A67108",
      "价格": "986"
    },
    {
      "出发地": "哈尔滨",
      "目的地": "青岛",
      "航班类型": "国内航班",
      "航班日期": "2026-01-04",
      "航班代码": "EU2701/A67108",
      "价格": "1036"
    },
    {
      "出发地": "哈尔滨",
      "目的地": "青岛",
      "航班类型": "国内航班",
      "航班日期": "2026-01-05",
      "航班代码": "CA1622/CA1575",
      "价格": "1000"
    },
    {
      "出发地": "哈尔滨",
      "目的地": "青岛",
      "航班类型": "国内航班",
      "航班日期": "2026-01-06",
      "航班代码": "QW9882",
      "价格": "610"
    },
    {
      "出发地": "哈尔滨",
      "目的地": "青岛",
      "航班类型": "国内航班",
      "航班日期": "2026-01-07",
      "航班代码": "TV3223",
      "价格": "600"
    },
    {
      "出发地": "哈尔滨",
      "目的地": "青岛",
      "航班类型": "国内航班",
      "航班日期": "2026-01-08",
      "航班代码": "TV3223",
      "价格": "600"
    },
    {
      "出发地": "哈尔滨",
      "目的地": "青岛",
      "航班类型": "国内航班",
      "航班日期": "2026-01-09",
      "航班代码": "HU7764",
      "价格": "550"
    },
    {
      "出发地": "哈尔滨",
      "目的地": "青岛",
      "航班类型": "国内航班",
      "航班日期": "2026-01-10",
      "航班代码": "HU7764",
      "价格": "620"
    },
    {
      "出发地": "哈尔滨",
      "目的地": "青岛",
      "航班类型": "国内航班",
      "航班日期": "2026-01-11",
      "航班代码": "HU7764",
      "价格": "620"
    },
    {
      "出发地": "哈尔滨",
      "目的地": "青岛",
      "航班类型": "国内航班",
      "航班日期": "2026-01-12",
      "航班代码": "G56598",
      "价格": "700"
    },
    {
      "出发地": "哈尔滨",
      "目的地": "青岛",
      "航班类型": "国内航班",
      "航班日期": "2026-01-13",
      "航班代码": "TV3223",
      "价格": "600"
    },
    {
      "出发地": "哈尔滨",
      "目的地": "青岛",
      "航班类型": "国内航班",
      "航班日期": "2026-01-15",
      "航班代码": "TV3223",
      "价格": "600"
    },
    {
      "出发地": "哈尔滨",
      "目的地": "青岛",
      "航班类型": "国内航班",
      "航班日期": "2026-01-16",
      "航班代码": "TV3223",
      "价格": "600"
    },
    {
      "出发地": "哈尔滨",
      "目的地": "青岛",
      "航班类型": "国内航班",
      "航班日期": "2026-01-18",
      "航班代码": "TV3223",
      "价格": "600"
    },
    {
      "出发地": "哈尔滨",
      "目的地": "青岛",
      "航班类型": "国内航班",
      "航班日期": "2026-01-19",
      "航班代码": "TV3223",
      "价格": "600"
    },
    {
      "出发地": "哈尔滨",
      "目的地": "青岛",
      "航班类型": "国内航班",
      "航班日期": "2026-01-20",
      "航班代码": "QW9882",
      "价格": "760"
    },
    {
      "出发地": "哈尔滨",
      "目的地": "青岛",
      "航班类型": "国内航班",
      "航班日期": "2026-01-21",
      "航班代码": "TV3223",
      "价格": "600"
    },
    {
      "出发地": "哈尔滨",
      "目的地": "青岛",
      "航班类型": "国内航班",
      "航班日期": "2026-01-22",
      "航班代码": "QW9882",
      "价格": "760"
    },
    {
      "出发地": "哈尔滨",
      "目的地": "青岛",
      "航班类型": "国内航班",
      "航班日期": "2026-01-25",
      "航班代码": "QW9870",
      "价格": "760"
    },
    {
      "出发地": "哈尔滨",
      "目的地": "青岛",
      "航班类型": "国内航班",
      "航班日期": "2026-01-26",
      "航班代码": "QW9882",
      "价格": "760"
    },
    {
      "出发地": "哈尔滨",
      "目的地": "青岛",
      "航班类型": "国内航班",
      "航班日期": "2026-01-27",
      "航班代码": "HU7764",
      "价格": "550"
    },
    {
      "出发地": "哈尔滨",
      "目的地": "青岛",
      "航班类型": "国内航班",
      "航班日期": "2026-01-29",
      "航班代码": "QW9882",
      "价格": "760"
    },
    {
      "出发地": "哈尔滨",
      "目的地": "青岛",
      "航班类型": "国内航班",
      "航班日期": "2026-01-30",
      "航班代码": "QW9882",
      "价格": "760"
    },
    {
      "出发地": "哈尔滨",
      "目的地": "青岛",
      "航班类型": "国内航班",
      "航班日期": "2026-02-01",
      "航班代码": "MU9808",
      "价格": "1026"
    },
    {
      "出发地": "哈尔滨",
      "目的地": "青岛",
      "航班类型": "国内航班",
      "航班日期": "2026-02-02",
      "航班代码": "MU5518",
      "价格": "1026"
    },
    {
      "出发地": "哈尔滨",
      "目的地": "青岛",
      "航班类型": "国内航班",
      "航班日期": "2026-02-03",
      "航班代码": "MU5518",
      "价格": "1026"
    },
    {
      "出发地": "哈尔滨",
      "目的地": "青岛",
      "航班类型": "国内航班",
      "航班日期": "2026-02-04",
      "航班代码": "MU9808",
      "价格": "1026"
    },
    {
      "出发地": "哈尔滨",
      "目的地": "青岛",
      "航班类型": "国内航班",
      "航班日期": "2026-02-05",
      "航班代码": "MU5518",
      "价格": "1026"
    },
    {
      "出发地": "哈尔滨",
      "目的地": "青岛",
      "航班类型": "国内航班",
      "航班日期": "2026-02-06",
      "航班代码": "HU7764",
      "价格": "700"
    },
    {
      "出发地": "哈尔滨",
      "目的地": "青岛",
      "航班类型": "国内航班",
      "航班日期": "2026-02-07",
      "航班代码": "MU5518",
      "价格": "1300"
    },
    {
      "出发地": "哈尔滨",
      "目的地": "青岛",
      "航班类型": "国内航班",
      "航班日期": "2026-02-09",
      "航班代码": "MU9808",
      "价格": "1026"
    },
    {
      "出发地": "哈尔滨",
      "目的地": "青岛",
      "航班类型": "国内航班",
      "航班日期": "2026-02-10",
      "航班代码": "G59106",
      "价格": "1300"
    },
    {
      "出发地": "哈尔滨",
      "目的地": "青岛",
      "航班类型": "国内航班",
      "航班日期": "2026-02-11",
      "航班代码": "HU7764",
      "价格": "780"
    },
    {
      "出发地": "哈尔滨",
      "目的地": "青岛",
      "航班类型": "国内航班",
      "航班日期": "2026-02-12",
      "航班代码": "HU7764",
      "价格": "780"
    },
    {
      "出发地": "哈尔滨",
      "目的地": "青岛",
      "航班类型": "国内航班",
      "航班日期": "2026-02-14",
      "航班代码": "MU9808",
      "价格": "1255"
    },
    {
      "出发地": "哈尔滨",
      "目的地": "青岛",
      "航班类型": "国内航班",
      "航班日期": "2026-02-15",
      "航班代码": "MU9808",
      "价格": "1255"
    },
    {
      "出发地": "哈尔滨",
      "目的地": "青岛",
      "航班类型": "国内航班",
      "航班日期": "2026-02-16",
      "航班代码": "MU9808",
      "价格": "1255"
    },
    {
      "出发地": "哈尔滨",
      "目的地": "青岛",
      "航班类型": "国内航班",
      "航班日期": "2026-02-17",
      "航班代码": "MU9808",
      "价格": "1255"
    },
    {
      "出发地": "哈尔滨",
      "目的地": "青岛",
      "航班类型": "国内航班",
      "航班日期": "2026-02-18",
      "航班代码": "G59106",
      "价格": "1300"
    },
    {
      "出发地": "哈尔滨",
      "目的地": "青岛",
      "航班类型": "国内航班",
      "航班日期": "2026-02-19",
      "航班代码": "MU9808",
      "价格": "1255"
    },
    {
      "出发地": "哈尔滨",
      "目的地": "青岛",
      "航班类型": "国内航班",
      "航班日期": "2026-02-20",
      "航班代码": "MU9808",
      "价格": "1255"
    },
    {
      "出发地": "哈尔滨",
      "目的地": "青岛",
      "航班类型": "国内航班",
      "航班日期": "2026-02-21",
      "航班代码": "G59106",
      "价格": "1300"
    },
    {
      "出发地": "哈尔滨",
      "目的地": "青岛",
      "航班类型": "国内航班",
      "航班日期": "2026-02-22",
      "航班代码": "G59106",
      "价格": "1300"
    },
    {
      "出发地": "哈尔滨",
      "目的地": "青岛",
      "航班类型": "国内航班",
      "航班日期": "2026-02-23",
      "航班代码": "G59106",
      "价格": "1300"
    },
    {
      "出发地": "哈尔滨",
      "目的地": "青岛",
      "航班类型": "国内航班",
      "航班日期": "2026-02-24",
      "航班代码": "G59106",
      "价格": "1300"
    },
    {
      "出发地": "哈尔滨",
      "目的地": "青岛",
      "航班类型": "国内航班",
      "航班日期": "2026-02-25",
      "航班代码": "G59106",
      "价格": "1300"
    },
    {
      "出发地": "哈尔滨",
      "目的地": "青岛",
      "航班类型": "国内航班",
      "航班日期": "2026-02-26",
      "航班代码": "MU9808",
      "价格": "1026"
    }
  ]
}