{
  "查询条件": {
    "出发地": "哈尔滨",
    "目的地": "三亚"
  },
  "航班数量": 72,
  "航班列表": [
    {
      "出发地": "哈尔滨",
      "目的地": "三亚",
      "航班类型": "国内航班",
      "航班日期": "2025-12-16",
      "航班代码": "ZH4150/ZH4125",
      "价格": "800"
    },
    {
      "出发地": "哈尔滨",
      "目的地": "三亚",
      "航班类型": "国内航班",
      "航班日期": "2025-12-17",
      "航班代码": "ZH4840/ZH4125",
      "价格": "800"
    },
    {
      "出发地": "哈尔滨",
      "目的地": "三亚",
      "航班类型": "国内航班",
      "航班日期": "2025-12-18",
      "航班代码": "CZ8760/CZ6714",
      "价格": "750"
    },
    {
      "出发地": "哈尔滨",
      "目的地": "三亚",
      "航班类型": "国内航班",
      "航班日期": "2025-12-19",
      "航班代码": "ZH4840/ZH4125",
      "价格": "800"
    },
    {
      "出发地": "哈尔滨",
      "目的地": "三亚",
      "航班类型": "国内航班",
      "航班日期": "2025-12-20",
      "航班代码": "ZH4150/ZH4125",
      "价格": "800"
    },
    {
      "出发地": "哈尔滨",
      "目的地": "三亚",
      "航班类型": "国内航班",
      "航班日期": "2025-12-21",
      "航班代码": "ZH4840/ZH4125",
      "价格": "800"
    },
    {
      "出发地": "哈尔滨",
      "目的地": "三亚",
      "航班类型": "国内航班",
      "航班日期": "2025-12-22",
      "航班代码": "CZ6219/CZ6712",
      "价格": "900"
    },
    {
      "出发地": "哈尔滨",
      "目的地": "三亚",
      "航班类型": "国内航班",
      "航班日期": "2025-12-23",
      "航班代码": "MF8098/JD5126",
      "价格": "1039"
    },
    {
      "出发地": "哈尔滨",
      "目的地": "三亚",
      "航班类型": "国内航班",
      "航班日期": "2025-12-24",
      "航班代码": "CZ6360",
      "价格": "1200"
    },
    {
      "出发地": "哈尔滨",
      "目的地": "三亚",
      "航班类型": "国内航班",
      "航班日期": "2025-12-25",
      "航班代码": "CZ8760/CZ6228",
      "价格": "1050"
    },
    {
      "出发地": "哈尔滨",
      "目的地": "三亚",
      "航班类型": "国内航班",
      "航班日期": "2025-12-26",
      "航班代码": "CZ6123",
      "价格": "1350"
    },
    {
      "出发地": "哈尔滨",
      "目的地": "三亚",
      "航班类型": "国内航班",
      "航班日期": "2025-12-27",
      "航班代码": "ZH8596/JD5126",
      "价格": "1280"
    },
    {
      "出发地": "哈尔滨",
      "目的地": "三亚",
      "航班类型": "国内航班",
      "航班日期": "2025-12-28",
      "航班代码": "HO2009",
      "价格": "1380"
    },
    {
      "出发地": "哈尔滨",
      "目的地": "三亚",
      "航班类型": "国内航班",
      "航班日期": "2025-12-29",
      "航班代码": "PN6340",
      "价格": "1450"
    },
    {
      "出发地": "哈尔滨",
      "目的地": "三亚",
      "航班类型": "国内航班",
      "航班日期": "2025-12-30",
      "航班代码": "CZ8963/CZ5653",
      "价格": "1300"
    },
    {
      "出发地": "哈尔滨",
      "目的地": "三亚",
      "航班类型": "国内航班",
      "航班日期": "2025-12-31",
      "航班代码": "KN2326/KN2397",
      "价格": "1300"
    },
    {
      "出发地": "哈尔滨",
      "目的地": "三亚",
      "航班类型": "国内航班",
      "航班日期": "2026-01-01",
      "航班代码": "MF8098/JD5126",
      "价格": "1515"
    },
    {
      "出发地": "哈尔滨",
      "目的地": "三亚",
      "航班类型": "国内航班",
      "航班日期": "2026-01-02",
      "航班代码": "HO2009",
      "价格": "1380"
    },
    {
      "出发地": "哈尔滨",
      "目的地": "三亚",
      "航班类型": "国内航班",
      "航班日期": "2026-01-03",
      "航班代码": "PN6340",
      "价格": "1600"
    },
    {
      "出发地": "哈尔滨",
      "目的地": "三亚",
      "航班类型": "国内航班",
      "航班日期": "2026-01-04",
      "航班代码": "PN6232",
      "价格": "1450"
    },
    {
      "出发地": "哈尔滨",
      "目的地": "三亚",
      "航班类型": "国内航班",
      "航班日期": "2026-01-05",
      "航班代码": "ZH9747",
      "价格": "1440"
    },
    {
      "出发地": "哈尔滨",
      "目的地": "三亚",
      "航班类型": "国内航班",
      "航班日期": "2026-01-06",
      "航班代码": "CZ3739/9C6467",
      "价格": "1189"
    },
    {
      "出发地": "哈尔滨",
      "目的地": "三亚",
      "航班类型": "国内航班",
      "航班日期": "2026-01-07",
      "航班代码": "AQ1576/9C6467",
      "价格": "1242"
    },
    {
      "出发地": "哈尔滨",
      "目的地": "三亚",
      "航班类型": "国内航班",
      "航班日期": "2026-01-08",
      "航班代码": "CZ3739/9C6467",
      "价格": "1127"
    },
    {
      "出发地": "哈尔滨",
      "目的地": "三亚",
      "航班类型": "国内航班",
      "航班日期": "2026-01-09",
      "航班代码": "9C8684/9C6467",
      "价格": "1287"
    },
    {
      "出发地": "哈尔滨",
      "目的地": "三亚",
      "航班类型": "国内航班",
      "航班日期": "2026-01-10",
      "航班代码": "CZ3739/9C6467",
      "价格": "1214"
    },
    {
      "出发地": "哈尔滨",
      "目的地": "三亚",
      "航班类型": "国内航班",
      "航班日期": "2026-01-11",
      "航班代码": "MF8814/HU7386",
      "价格": "1360"
    },
    {
      "出发地": "哈尔滨",
      "目的地": "三亚",
      "航班类型": "国内航班",
      "航班日期": "2026-01-12",
      "航班代码": "MF8814/GJ8255",
      "价格": "1409"
    },
    {
      "出发地": "哈尔滨",
      "目的地": "三亚",
      "航班类型": "国内航班",
      "航班日期": "2026-01-13",
      "航班代码": "9C7656/9C6467",
      "价格": "1387"
    },
    {
      "出发地": "哈尔滨",
      "目的地": "三亚",
      "航班类型": "国内航班",
      "航班日期": "2026-01-14",
      "航班代码": "MF8814/GJ8255",
      "价格": "1410"
    },
    {
      "出发地": "哈尔滨",
      "目的地": "三亚",
      "航班类型": "国内航班",
      "航班日期": "2026-01-15",
      "航班代码": "KN2326/KN2397",
      "价格": "1263"
    },
    {
      "出发地": "哈尔滨",
      "目的地": "三亚",
      "航班类型": "国内航班",
      "航班日期": "2026-01-16",
      "航班代码": "AQ1576/9C6467",
      "价格": "1374"
    },
    {
      "出发地": "哈尔滨",
      "目的地": "三亚",
      "航班类型": "国内航班",
      "航班日期": "2026-01-17",
      "航班代码": "KN2326/KN2397",
      "价格": "1263"
    },
    {
      "出发地": "哈尔滨",
      "目的地": "三亚",
      "航班类型": "国内航班",
      "航班日期": "2026-01-18",
      "航班代码": "KN2326/KN2397",
      "价格": "1403"
    },
    {
      "出发地": "哈尔滨",
      "目的地": "三亚",
      "航班类型": "国内航班",
      "航班日期": "2026-01-19",
      "航班代码": "AQ1576/9C6467",
      "价格": "1406"
    },
    {
      "出发地": "哈尔滨",
      "目的地": "三亚",
      "航班类型": "国内航班",
      "航班日期": "2026-01-20",
      "航班代码": "KN2326/KN2397",
      "价格": "1263"
    },
    {
      "出发地": "哈尔滨",
      "目的地": "三亚",
      "航班类型": "国内航班",
      "航班日期": "2026-01-21",
      "航班代码": "AQ1162/CZ6732",
      "价格": "1448"
    },
    {
      "出发地": "哈尔滨",
      "目的地": "三亚",
      "航班类型": "国内航班",
      "航班日期": "2026-01-22",
      "航班代码": "9C7656/9C6467",
      "价格": "1436"
    },
    {
      "出发地": "哈尔滨",
      "目的地": "三亚",
      "航班类型": "国内航班",
      "航班日期": "2026-01-23",
      "航班代码": "KN2326/KN2397",
      "价格": "1275"
    },
    {
      "出发地": "哈尔滨",
      "目的地": "三亚",
      "航班类型": "国内航班",
      "航班日期": "2026-01-24",
      "航班代码": "MU5612/MU8549",
      "价格": "1499"
    },
    {
      "出发地": "哈尔滨",
      "目的地": "三亚",
      "航班类型": "国内航班",
      "航班日期": "2026-01-25",
      "航班代码": "9C8684/9C6467",
      "价格": "1298"
    },
    {
      "出发地": "哈尔滨",
      "目的地": "三亚",
      "航班类型": "国内航班",
      "航班日期": "2026-01-26",
      "航班代码": "GJ8104/9C6467",
      "价格": "1649"
    },
    {
      "出发地": "哈尔滨",
      "目的地": "三亚",
      "航班类型": "国内航班",
      "航班日期": "2026-01-27",
      "航班代码": "GJ8104/3U3202",
      "价格": "1613"
    },
    {
      "出发地": "哈尔滨",
      "目的地": "三亚",
      "航班类型": "国内航班",
      "航班日期": "2026-01-28",
      "航班代码": "FU6587",
      "价格": "2220"
    },
    {
      "出发地": "哈尔滨",
      "目的地": "三亚",
      "航班类型": "国内航班",
      "航班日期": "2026-01-29",
      "航班代码": "9C7656/9C6467",
      "价格": "1480"
    },
    {
      "出发地": "哈尔滨",
      "目的地": "三亚",
      "航班类型": "国内航班",
      "航班日期": "2026-01-30",
      "航班代码": "SC9533",
      "价格": "1760"
    },
    {
      "出发地": "哈尔滨",
      "目的地": "三亚",
      "航班类型": "国内航班",
      "航班日期": "2026-01-31",
      "航班代码": "JD5532",
      "价格": "1830"
    },
    {
      "出发地": "哈尔滨",
      "目的地": "三亚",
      "航班类型": "国内航班",
      "航班日期": "2026-02-01",
      "航班代码": "FU6587",
      "价格": "1940"
    },
    {
      "出发地": "哈尔滨",
      "目的地": "三亚",
      "航班类型": "国内航班",
      "航班日期": "2026-02-02",
      "航班代码": "GJ8104/9C6467",
      "价格": "2220"
    },
    {
      "出发地": "哈尔滨",
      "目的地": "三亚",
      "航班类型": "国内航班",
      "航班日期": "2026-02-03",
      "航班代码": "HO1182/9C8801",
      "价格": "2397"
    },
    {
      "出发地": "哈尔滨",
      "目的地": "三亚",
      "航班类型": "国内航班",
      "航班日期": "2026-02-04",
      "航班代码": "JD5532",
      "价格": "2071"
    },
    {
      "出发地": "哈尔滨",
      "目的地": "三亚",
      "航班类型": "国内航班",
      "航班日期": "2026-02-05",
      "航班代码": "9H8456/JD5766",
      "价格": "2209"
    },
    {
      "出发地": "哈尔滨",
      "目的地": "三亚",
      "航班类型": "国内航班",
      "航班日期": "2026-02-06",
      "航班代码": "PN6340",
      "价格": "2290"
    },
    {
      "出发地": "哈尔滨",
      "目的地": "三亚",
      "航班类型": "国内航班",
      "航班日期": "2026-02-07",
      "航班代码": "9H8456/JD5766",
      "价格": "2199"
    },
    {
      "出发地": "哈尔滨",
      "目的地": "三亚",
      "航班类型": "国内航班",
      "航班日期": "2026-02-08",
      "航班代码": "GJ8709/CZ6703",
      "价格": "2245"
    },
    {
      "出发地": "哈尔滨",
      "目的地": "三亚",
      "航班类型": "国内航班",
      "航班日期": "2026-02-09",
      "航班代码": "GJ3520",
      "价格": "2350"
    },
    {
      "出发地": "哈尔滨",
      "目的地": "三亚",
      "航班类型": "国内航班",
      "航班日期": "2026-02-10",
      "航班代码": "GJ8788/CZ5853",
      "价格": "2874"
    },
    {
      "出发地": "哈尔滨",
      "目的地": "三亚",
      "航班类型": "国内航班",
      "航班日期": "2026-02-11",
      "航班代码": "3U3226",
      "价格": "2830"
    },
    {
      "出发地": "哈尔滨",
      "目的地": "三亚",
      "航班类型": "国内航班",
      "航班日期": "2026-02-12",
      "航班代码": "9C8672/CZ6497",
      "价格": "2896"
    },
    {
      "出发地": "哈尔滨",
      "目的地": "三亚",
      "航班类型": "国内航班",
      "航班日期": "2026-02-13",
      "航班代码": "GJ8709/CZ6703",
      "价格": "2404"
    },
    {
      "出发地": "哈尔滨",
      "目的地": "三亚",
      "航班类型": "国内航班",
      "航班日期": "2026-02-14",
      "航班代码": "HU7764/ZH9323",
      "价格": "2628"
    },
    {
      "出发地": "哈尔滨",
      "目的地": "三亚",
      "航班类型": "国内航班",
      "航班日期": "2026-02-15",
      "航班代码": "HU7130/CZ6716",
      "价格": "2273"
    },
    {
      "出发地": "哈尔滨",
      "目的地": "三亚",
      "航班类型": "国内航班",
      "航班日期": "2026-02-16",
      "航班代码": "HO1948/CZ5853",
      "价格": "1759"
    },
    {
      "出发地": "哈尔滨",
      "目的地": "三亚",
      "航班类型": "国内航班",
      "航班日期": "2026-02-17",
      "航班代码": "DZ6252/CZ5853",
      "价格": "1951"
    },
    {
      "出发地": "哈尔滨",
      "目的地": "三亚",
      "航班类型": "国内航班",
      "航班日期": "2026-02-18",
      "航班代码": "JD5532",
      "价格": "2060"
    },
    {
      "出发地": "哈尔滨",
      "目的地": "三亚",
      "航班类型": "国内航班",
      "航班日期": "2026-02-19",
      "航班代码": "3U3315/Y87501",
      "价格": "1930"
    },
    {
      "出发地": "哈尔滨",
      "目的地": "三亚",
      "航班类型": "国内航班",
      "航班日期": "2026-02-20",
      "航班代码": "G54742/9H8413",
      "价格": "2047"
    },
    {
      "出发地": "哈尔滨",
      "目的地": "三亚",
      "航班类型": "国内航班",
      "航班日期": "2026-02-21",
      "航班代码": "JD5532",
      "价格": "2060"
    },
    {
      "出发地": "哈尔滨",
      "目的地": "三亚",
      "航班类型": "国内航班",
      "航班日期": "2026-02-22",
      "航班代码": "MU5198/MU6377",
      "价格": "2295"
    },
    {
      "出发地": "哈尔滨",
      "目的地": "三亚",
      "航班类型": "国内航班",
      "航班日期": "2026-02-25",
      "航班代码": "CA2998/9C8884",
      "价格": "2027"
    },
    {
      "出发地": "哈尔滨",
      "目的地": "三亚",
      "航班类型": "国内航班",
      "航班日期": "2026-02-26",
      "航班代码": "CA2998/9C8884",
      "价格": "2050"
    },
    {
      "出发地": "哈尔滨",
      "目的地": "三亚",
      "航班类型": "国内航班",
      "航班日期": "2026-02-28",
      "航班代码": "JD5532",
      "价格": "1830"
    }
  ]
}