{
  "查询条件": {
    "出发地": "哈尔滨",
    "目的地": "兰州"
  },
  "航班数量": 26,
  "航班列表": [
    {
      "出发地": "哈尔滨",
      "目的地": "兰州",
      "航班类型": "国内航班",
      "航班日期": "2025-12-16",
      "航班代码": "MU5612/FM9217",
      "价格": "454"
    },
    {
      "出发地": "哈尔滨",
      "目的地": "兰州",
      "航班类型": "国内航班",
      "航班日期": "2025-12-17",
      "航班代码": "KN2326/9C8719",
      "价格": "458"
    },
    {
      "出发地": "哈尔滨",
      "目的地": "兰州",
      "航班类型": "国内航班",
      "航班日期": "2025-12-18",
      "航班代码": "KN2326/9C8719",
      "价格": "459"
    },
    {
      "出发地": "哈尔滨",
      "目的地": "兰州",
      "航班类型": "国内航班",
      "航班日期": "2025-12-19",
      "航班代码": "CZ8963/CZ8929",
      "价格": "450"
    },
    {
      "出发地": "哈尔滨",
      "目的地": "兰州",
      "航班类型": "国内航班",
      "航班日期": "2025-12-20",
      "航班代码": "MU5618/FM9211",
      "价格": "394"
    },
    {
      "出发地": "哈尔滨",
      "目的地": "兰州",
      "航班类型": "国内航班",
      "航班日期": "2025-12-21",
      "航班代码": "CZ8963/CZ8929",
      "价格": "450"
    },
    {
      "出发地": "哈尔滨",
      "目的地": "兰州",
      "航班类型": "国内航班",
      "航班日期": "2025-12-22",
      "航班代码": "CZ8963/CZ8929",
      "价格": "450"
    },
    {
      "出发地": "哈尔滨",
      "目的地": "兰州",
      "航班类型": "国内航班",
      "航班日期": "2025-12-23",
      "航班代码": "CZ6207/CZ8929",
      "价格": "450"
    },
    {
      "出发地": "哈尔滨",
      "目的地": "兰州",
      "航班类型": "国内航班",
      "航班日期": "2025-12-24",
      "航班代码": "CZ6268/CZ8929",
      "价格": "450"
    },
    {
      "出发地": "哈尔滨",
      "目的地": "兰州",
      "航班类型": "国内航班",
      "航班日期": "2025-12-25",
      "航班代码": "CZ8760/CZ8929",
      "价格": "550"
    },
    {
      "出发地": "哈尔滨",
      "目的地": "兰州",
      "航班类型": "国内航班",
      "航班日期": "2025-12-26",
      "航班代码": "MU5489/MU6391",
      "价格": "674"
    },
    {
      "出发地": "哈尔滨",
      "目的地": "兰州",
      "航班类型": "国内航班",
      "航班日期": "2025-12-27",
      "航班代码": "GS7642/9C6377",
      "价格": "846"
    },
    {
      "出发地": "哈尔滨",
      "目的地": "兰州",
      "航班类型": "国内航班",
      "航班日期": "2025-12-28",
      "航班代码": "CZ8963/CZ8929",
      "价格": "700"
    },
    {
      "出发地": "哈尔滨",
      "目的地": "兰州",
      "航班类型": "国内航班",
      "航班日期": "2025-12-29",
      "航班代码": "CZ8963/CZ8929",
      "价格": "850"
    },
    {
      "出发地": "哈尔滨",
      "目的地": "兰州",
      "航班类型": "国内航班",
      "航班日期": "2025-12-30",
      "航班代码": "MF8084/9C7172",
      "价格": "926"
    },
    {
      "出发地": "哈尔滨",
      "目的地": "兰州",
      "航班类型": "国内航班",
      "航班日期": "2025-12-31",
      "航班代码": "KN5508/HU7297",
      "价格": "969"
    },
    {
      "出发地": "哈尔滨",
      "目的地": "兰州",
      "航班类型": "国内航班",
      "航班日期": "2026-01-01",
      "航班代码": "LT6669/9C6426",
      "价格": "915"
    },
    {
      "出发地": "哈尔滨",
      "目的地": "兰州",
      "航班类型": "国内航班",
      "航班日期": "2026-01-02",
      "航班代码": "SC7940/MU6260",
      "价格": "940"
    },
    {
      "出发地": "哈尔滨",
      "目的地": "兰州",
      "航班类型": "国内航班",
      "航班日期": "2026-01-03",
      "航班代码": "LT6669/9C6426",
      "价格": "1036"
    },
    {
      "出发地": "哈尔滨",
      "目的地": "兰州",
      "航班类型": "国内航班",
      "航班日期": "2026-01-04",
      "航班代码": "HU7130/HU7197",
      "价格": "970"
    },
    {
      "出发地": "哈尔滨",
      "目的地": "兰州",
      "航班类型": "国内航班",
      "航班日期": "2026-01-05",
      "航班代码": "MU8014/9C8719",
      "价格": "922"
    },
    {
      "出发地": "哈尔滨",
      "目的地": "兰州",
      "航班类型": "国内航班",
      "航班日期": "2026-01-15",
      "航班代码": "MU5518/MU2258",
      "价格": "790"
    },
    {
      "出发地": "哈尔滨",
      "目的地": "兰州",
      "航班类型": "国内航班",
      "航班日期": "2026-01-17",
      "航班代码": "MU5518/MU2258",
      "价格": "830"
    },
    {
      "出发地": "哈尔滨",
      "目的地": "兰州",
      "航班类型": "国内航班",
      "航班日期": "2026-02-10",
      "航班代码": "8L9616/9C8719",
      "价格": "1116"
    },
    {
      "出发地": "哈尔滨",
      "目的地": "兰州",
      "航班类型": "国内航班",
      "航班日期": "2026-02-13",
      "航班代码": "FU6641/9C6377",
      "价格": "1216"
    },
    {
      "出发地": "哈尔滨",
      "目的地": "兰州",
      "航班类型": "国内航班",
      "航班日期": "2026-02-14",
      "航班代码": "9C6426",
      "价格": "1200"
    }
  ]
}