{
  "查询条件": {
    "出发地": "哈尔滨",
    "目的地": "海口"
  },
  "航班数量": 97,
  "航班列表": [
    {
      "出发地": "哈尔滨",
      "目的地": "海口",
      "航班类型": "国内航班",
      "航班日期": "2025-12-16",
      "航班代码": "JD5324",
      "价格": "800"
    },
    {
      "出发地": "哈尔滨",
      "目的地": "海口",
      "航班类型": "国内航班",
      "航班日期": "2025-12-17",
      "航班代码": "G545H5L",
      "价格": "700"
    },
    {
      "出发地": "哈尔滨",
      "目的地": "海口",
      "航班类型": "国内航班",
      "航班日期": "2025-12-18",
      "航班代码": "MF8098/MF8867",
      "价格": "850"
    },
    {
      "出发地": "哈尔滨",
      "目的地": "海口",
      "航班类型": "国内航班",
      "航班日期": "2025-12-19",
      "航班代码": "GJ8709/GT1116",
      "价格": "788"
    },
    {
      "出发地": "哈尔滨",
      "目的地": "海口",
      "航班类型": "国内航班",
      "航班日期": "2025-12-20",
      "航班代码": "GS7642/GS7687",
      "价格": "789"
    },
    {
      "出发地": "哈尔滨",
      "目的地": "海口",
      "航班类型": "国内航班",
      "航班日期": "2025-12-21",
      "航班代码": "GJ8709/GT1116",
      "价格": "748"
    },
    {
      "出发地": "哈尔滨",
      "目的地": "海口",
      "航班类型": "国内航班",
      "航班日期": "2025-12-22",
      "航班代码": "GJ8709/GT1116",
      "价格": "749"
    },
    {
      "出发地": "哈尔滨",
      "目的地": "海口",
      "航班类型": "国内航班",
      "航班日期": "2025-12-23",
      "航班代码": "GJ8709/GT1116",
      "价格": "749"
    },
    {
      "出发地": "哈尔滨",
      "目的地": "海口",
      "航班类型": "国内航班",
      "航班日期": "2025-12-24",
      "航班代码": "HU7068/JD5330",
      "价格": "849"
    },
    {
      "出发地": "哈尔滨",
      "目的地": "海口",
      "航班类型": "国内航班",
      "航班日期": "2025-12-25",
      "航班代码": "LT8893",
      "价格": "1130"
    },
    {
      "出发地": "哈尔滨",
      "目的地": "海口",
      "航班类型": "国内航班",
      "航班日期": "2025-12-26",
      "航班代码": "JD5532/JD5038",
      "价格": "1268"
    },
    {
      "出发地": "哈尔滨",
      "目的地": "海口",
      "航班类型": "国内航班",
      "航班日期": "2025-12-27",
      "航班代码": "ZH8596/JD5912",
      "价格": "1190"
    },
    {
      "出发地": "哈尔滨",
      "目的地": "海口",
      "航班类型": "国内航班",
      "航班日期": "2025-12-28",
      "航班代码": "JD5532/JD5231",
      "价格": "1345"
    },
    {
      "出发地": "哈尔滨",
      "目的地": "海口",
      "航班类型": "国内航班",
      "航班日期": "2025-12-29",
      "航班代码": "3U3329/SC8849",
      "价格": "1345"
    },
    {
      "出发地": "哈尔滨",
      "目的地": "海口",
      "航班类型": "国内航班",
      "航班日期": "2025-12-30",
      "航班代码": "GS7642/GS6546",
      "价格": "1389"
    },
    {
      "出发地": "哈尔滨",
      "目的地": "海口",
      "航班类型": "国内航班",
      "航班日期": "2025-12-31",
      "航班代码": "MF8816/HU7056",
      "价格": "1330"
    },
    {
      "出发地": "哈尔滨",
      "目的地": "海口",
      "航班类型": "国内航班",
      "航班日期": "2026-01-01",
      "航班代码": "FU6748/GS6552",
      "价格": "1200"
    },
    {
      "出发地": "哈尔滨",
      "目的地": "海口",
      "航班类型": "国内航班",
      "航班日期": "2026-01-02",
      "航班代码": "MF8084/JD5324",
      "价格": "1352"
    },
    {
      "出发地": "哈尔滨",
      "目的地": "海口",
      "航班类型": "国内航班",
      "航班日期": "2026-01-03",
      "航班代码": "FU6641/GS6546",
      "价格": "1430"
    },
    {
      "出发地": "哈尔滨",
      "目的地": "海口",
      "航班类型": "国内航班",
      "航班日期": "2026-01-04",
      "航班代码": "HU7068/JD5706",
      "价格": "1350"
    },
    {
      "出发地": "哈尔滨",
      "目的地": "海口",
      "航班类型": "国内航班",
      "航班日期": "2026-01-05",
      "航班代码": "GJ8709/GT1116",
      "价格": "1137"
    },
    {
      "出发地": "哈尔滨",
      "目的地": "海口",
      "航班类型": "国内航班",
      "航班日期": "2026-01-06",
      "航班代码": "GJ8709/GT1116",
      "价格": "1037"
    },
    {
      "出发地": "哈尔滨",
      "目的地": "海口",
      "航班类型": "国内航班",
      "航班日期": "2026-01-07",
      "航班代码": "MF8814/JD5970",
      "价格": "1164"
    },
    {
      "出发地": "哈尔滨",
      "目的地": "海口",
      "航班类型": "国内航班",
      "航班日期": "2026-01-08",
      "航班代码": "CA1642/CA1361",
      "价格": "1199"
    },
    {
      "出发地": "哈尔滨",
      "目的地": "海口",
      "航班类型": "国内航班",
      "航班日期": "2026-01-09",
      "航班代码": "GJ8709/GT1116",
      "价格": "1106"
    },
    {
      "出发地": "哈尔滨",
      "目的地": "海口",
      "航班类型": "国内航班",
      "航班日期": "2026-01-10",
      "航班代码": "GJ8709/GT1116",
      "价格": "1162"
    },
    {
      "出发地": "哈尔滨",
      "目的地": "海口",
      "航班类型": "国内航班",
      "航班日期": "2026-01-11",
      "航班代码": "MF5778",
      "价格": "1460"
    },
    {
      "出发地": "哈尔滨",
      "目的地": "海口",
      "航班类型": "国内航班",
      "航班日期": "2026-01-12",
      "航班代码": "MF8814/JD5970",
      "价格": "1166"
    },
    {
      "出发地": "哈尔滨",
      "目的地": "海口",
      "航班类型": "国内航班",
      "航班日期": "2026-01-13",
      "航班代码": "CA1642/CA1361",
      "价格": "1199"
    },
    {
      "出发地": "哈尔滨",
      "目的地": "海口",
      "航班类型": "国内航班",
      "航班日期": "2026-01-14",
      "航班代码": "MF8814/8L9844",
      "价格": "1207"
    },
    {
      "出发地": "哈尔滨",
      "目的地": "海口",
      "航班类型": "国内航班",
      "航班日期": "2026-01-15",
      "航班代码": "9C8944/GS6558",
      "价格": "1237"
    },
    {
      "出发地": "哈尔滨",
      "目的地": "海口",
      "航班类型": "国内航班",
      "航班日期": "2026-01-16",
      "航班代码": "GJ8709/GT1116",
      "价格": "1166"
    },
    {
      "出发地": "哈尔滨",
      "目的地": "海口",
      "航班类型": "国内航班",
      "航班日期": "2026-01-17",
      "航班代码": "9C8944/GS6558",
      "价格": "1219"
    },
    {
      "出发地": "哈尔滨",
      "目的地": "海口",
      "航班类型": "国内航班",
      "航班日期": "2026-01-18",
      "航班代码": "JD5532/GS6528",
      "价格": "1229"
    },
    {
      "出发地": "哈尔滨",
      "目的地": "海口",
      "航班类型": "国内航班",
      "航班日期": "2026-01-19",
      "航班代码": "9C8870/MU6355",
      "价格": "1338"
    },
    {
      "出发地": "哈尔滨",
      "目的地": "海口",
      "航班类型": "国内航班",
      "航班日期": "2026-01-20",
      "航班代码": "CA1642/CA1355",
      "价格": "1199"
    },
    {
      "出发地": "哈尔滨",
      "目的地": "海口",
      "航班类型": "国内航班",
      "航班日期": "2026-01-21",
      "航班代码": "ZH9755/GS6558",
      "价格": "1340"
    },
    {
      "出发地": "哈尔滨",
      "目的地": "海口",
      "航班类型": "国内航班",
      "航班日期": "2026-01-22",
      "航班代码": "MU2174/MU2367",
      "价格": "1140"
    },
    {
      "出发地": "哈尔滨",
      "目的地": "海口",
      "航班类型": "国内航班",
      "航班日期": "2026-01-23",
      "航班代码": "ZH9755/GS6558",
      "价格": "1339"
    },
    {
      "出发地": "哈尔滨",
      "目的地": "海口",
      "航班类型": "国内航班",
      "航班日期": "2026-01-24",
      "航班代码": "9C8944/GS6558",
      "价格": "1156"
    },
    {
      "出发地": "哈尔滨",
      "目的地": "海口",
      "航班类型": "国内航班",
      "航班日期": "2026-01-25",
      "航班代码": "9C8944/GS6558",
      "价格": "1158"
    },
    {
      "出发地": "哈尔滨",
      "目的地": "海口",
      "航班类型": "国内航班",
      "航班日期": "2026-01-26",
      "航班代码": "SC8413/SC8851",
      "价格": "1459"
    },
    {
      "出发地": "哈尔滨",
      "目的地": "海口",
      "航班类型": "国内航班",
      "航班日期": "2026-01-27",
      "航班代码": "9C8944/GS6558",
      "价格": "1254"
    },
    {
      "出发地": "哈尔滨",
      "目的地": "海口",
      "航班类型": "国内航班",
      "航班日期": "2026-01-28",
      "航班代码": "HO1724/JD5156",
      "价格": "1332"
    },
    {
      "出发地": "哈尔滨",
      "目的地": "海口",
      "航班类型": "国内航班",
      "航班日期": "2026-01-29",
      "航班代码": "9C8944/GS6558",
      "价格": "1251"
    },
    {
      "出发地": "哈尔滨",
      "目的地": "海口",
      "航班类型": "国内航班",
      "航班日期": "2026-01-30",
      "航班代码": "MU8014/JD5038",
      "价格": "1339"
    },
    {
      "出发地": "哈尔滨",
      "目的地": "海口",
      "航班类型": "国内航班",
      "航班日期": "2026-01-31",
      "航班代码": "8L9616/JD5038",
      "价格": "1449"
    },
    {
      "出发地": "哈尔滨",
      "目的地": "海口",
      "航班类型": "国内航班",
      "航班日期": "2026-02-01",
      "航班代码": "JD5324",
      "价格": "1600"
    },
    {
      "出发地": "哈尔滨",
      "目的地": "海口",
      "航班类型": "国内航班",
      "航班日期": "2026-02-02",
      "航班代码": "JD5324",
      "价格": "1610"
    },
    {
      "出发地": "哈尔滨",
      "目的地": "海口",
      "航班类型": "国内航班",
      "航班日期": "2026-02-04",
      "航班代码": "9C8870/MU6355",
      "价格": "1868"
    },
    {
      "出发地": "哈尔滨",
      "目的地": "海口",
      "航班类型": "国内航班",
      "航班日期": "2026-02-05",
      "航班代码": "3U3311/MU6355",
      "价格": "2051"
    },
    {
      "出发地": "哈尔滨",
      "目的地": "海口",
      "航班类型": "国内航班",
      "航班日期": "2026-02-06",
      "航班代码": "CA3841",
      "价格": "1870"
    },
    {
      "出发地": "哈尔滨",
      "目的地": "海口",
      "航班类型": "国内航班",
      "航班日期": "2026-02-07",
      "航班代码": "JD5324",
      "价格": "1800"
    },
    {
      "出发地": "哈尔滨",
      "目的地": "海口",
      "航班类型": "国内航班",
      "航班日期": "2026-02-08",
      "航班代码": "CA3841",
      "价格": "1680"
    },
    {
      "出发地": "哈尔滨",
      "目的地": "海口",
      "航班类型": "国内航班",
      "航班日期": "2026-02-09",
      "航班代码": "MF5107",
      "价格": "2460"
    },
    {
      "出发地": "哈尔滨",
      "目的地": "海口",
      "航班类型": "国内航班",
      "航班日期": "2026-02-10",
      "航班代码": "CA3841",
      "价格": "1870"
    },
    {
      "出发地": "哈尔滨",
      "目的地": "海口",
      "航班类型": "国内航班",
      "航班日期": "2026-02-11",
      "航班代码": "MF5778",
      "价格": "2212"
    },
    {
      "出发地": "哈尔滨",
      "目的地": "海口",
      "航班类型": "国内航班",
      "航班日期": "2026-02-12",
      "航班代码": "GJ8709/GT1116",
      "价格": "2060"
    },
    {
      "出发地": "哈尔滨",
      "目的地": "海口",
      "航班类型": "国内航班",
      "航班日期": "2026-02-13",
      "航班代码": "MF8814/GJ8117",
      "价格": "2327"
    },
    {
      "出发地": "哈尔滨",
      "目的地": "海口",
      "航班类型": "国内航班",
      "航班日期": "2026-02-14",
      "航班代码": "MF8814/GJ8851",
      "价格": "2457"
    },
    {
      "出发地": "哈尔滨",
      "目的地": "海口",
      "航班类型": "国内航班",
      "航班日期": "2026-02-15",
      "航班代码": "HU7130/JD5249",
      "价格": "1940"
    },
    {
      "出发地": "哈尔滨",
      "目的地": "海口",
      "航班类型": "国内航班",
      "航班日期": "2026-02-16",
      "航班代码": "MU9808/MU6545",
      "价格": "2670"
    },
    {
      "出发地": "哈尔滨",
      "目的地": "海口",
      "航班类型": "国内航班",
      "航班日期": "2026-02-17",
      "航班代码": "MU9808/MU6545",
      "价格": "2670"
    },
    {
      "出发地": "哈尔滨",
      "目的地": "海口",
      "航班类型": "国内航班",
      "航班日期": "2026-02-18",
      "航班代码": "JD5324",
      "价格": "1400"
    },
    {
      "出发地": "哈尔滨",
      "目的地": "海口",
      "航班类型": "国内航班",
      "航班日期": "2026-02-19",
      "航班代码": "MU9808/MU6545",
      "价格": "2670"
    },
    {
      "出发地": "哈尔滨",
      "目的地": "海口",
      "航班类型": "国内航班",
      "航班日期": "2026-02-20",
      "航班代码": "MU5387/9C7461",
      "价格": "2394"
    },
    {
      "出发地": "哈尔滨",
      "目的地": "海口",
      "航班类型": "国内航班",
      "航班日期": "2026-02-21",
      "航班代码": "JD5324",
      "价格": "1800"
    },
    {
      "出发地": "哈尔滨",
      "目的地": "海口",
      "航班类型": "国内航班",
      "航班日期": "2026-02-22",
      "航班代码": "PN6232/MU2329",
      "价格": "3176"
    },
    {
      "出发地": "哈尔滨",
      "目的地": "海口",
      "航班类型": "国内航班",
      "航班日期": "2026-02-23",
      "航班代码": "JD5324",
      "价格": "2000"
    },
    {
      "出发地": "哈尔滨",
      "目的地": "海口",
      "航班类型": "国内航班",
      "航班日期": "2026-02-24",
      "航班代码": "HO7562",
      "价格": "1870"
    },
    {
      "出发地": "哈尔滨",
      "目的地": "海口",
      "航班类型": "国内航班",
      "航班日期": "2026-02-25",
      "航班代码": "JD5324",
      "价格": "1814"
    },
    {
      "出发地": "哈尔滨",
      "目的地": "海口",
      "航班类型": "国内航班",
      "航班日期": "2026-02-26",
      "航班代码": "JD5324",
      "价格": "1800"
    },
    {
      "出发地": "哈尔滨",
      "目的地": "海口",
      "航班类型": "国内航班",
      "航班日期": "2026-02-27",
      "航班代码": "JD5324",
      "价格": "1600"
    },
    {
      "出发地": "哈尔滨",
      "目的地": "海口",
      "航班类型": "国内航班",
      "航班日期": "2026-02-28",
      "航班代码": "JD5324",
      "价格": "1600"
    },
    {
      "出发地": "哈尔滨",
      "目的地": "海口",
      "航班类型": "国内航班",
      "航班日期": "2026-03-01",
      "航班代码": "CZ8963/HU7282",
      "价格": "1536"
    },
    {
      "出发地": "哈尔滨",
      "目的地": "海口",
      "航班类型": "国内航班",
      "航班日期": "2026-03-02",
      "航班代码": "MU5620/MU6355",
      "价格": "1267"
    },
    {
      "出发地": "哈尔滨",
      "目的地": "海口",
      "航班类型": "国内航班",
      "航班日期": "2026-03-03",
      "航班代码": "MF5778",
      "价格": "1080"
    },
    {
      "出发地": "哈尔滨",
      "目的地": "海口",
      "航班类型": "国内航班",
      "航班日期": "2026-03-04",
      "航班代码": "MF5778",
      "价格": "1080"
    },
    {
      "出发地": "哈尔滨",
      "目的地": "海口",
      "航班类型": "国内航班",
      "航班日期": "2026-03-05",
      "航班代码": "MF5778",
      "价格": "1080"
    },
    {
      "出发地": "哈尔滨",
      "目的地": "海口",
      "航班类型": "国内航班",
      "航班日期": "2026-03-06",
      "航班代码": "MU5518/MU6545",
      "价格": "1959"
    },
    {
      "出发地": "哈尔滨",
      "目的地": "海口",
      "航班类型": "国内航班",
      "航班日期": "2026-03-07",
      "航班代码": "MF5778",
      "价格": "1080"
    },
    {
      "出发地": "哈尔滨",
      "目的地": "海口",
      "航班类型": "国内航班",
      "航班日期": "2026-03-08",
      "航班代码": "G56397",
      "价格": "840"
    },
    {
      "出发地": "哈尔滨",
      "目的地": "海口",
      "航班类型": "国内航班",
      "航班日期": "2026-03-09",
      "航班代码": "GJ6095",
      "价格": "840"
    },
    {
      "出发地": "哈尔滨",
      "目的地": "海口",
      "航班类型": "国内航班",
      "航班日期": "2026-03-10",
      "航班代码": "MU5612/FM9269",
      "价格": "781"
    },
    {
      "出发地": "哈尔滨",
      "目的地": "海口",
      "航班类型": "国内航班",
      "航班日期": "2026-03-12",
      "航班代码": "GJ6095",
      "价格": "859"
    },
    {
      "出发地": "哈尔滨",
      "目的地": "海口",
      "航班类型": "国内航班",
      "航班日期": "2026-03-13",
      "航班代码": "GJ6095",
      "价格": "580"
    },
    {
      "出发地": "哈尔滨",
      "目的地": "海口",
      "航班类型": "国内航班",
      "航班日期": "2026-03-14",
      "航班代码": "GJ6095",
      "价格": "580"
    },
    {
      "出发地": "哈尔滨",
      "目的地": "海口",
      "航班类型": "国内航班",
      "航班日期": "2026-03-15",
      "航班代码": "GJ6095",
      "价格": "599"
    },
    {
      "出发地": "哈尔滨",
      "目的地": "海口",
      "航班类型": "国内航班",
      "航班日期": "2026-03-18",
      "航班代码": "GJ6095",
      "价格": "599"
    },
    {
      "出发地": "哈尔滨",
      "目的地": "海口",
      "航班类型": "国内航班",
      "航班日期": "2026-03-19",
      "航班代码": "GJ6095",
      "价格": "598"
    },
    {
      "出发地": "哈尔滨",
      "目的地": "海口",
      "航班类型": "国内航班",
      "航班日期": "2026-03-20",
      "航班代码": "GJ6095",
      "价格": "580"
    },
    {
      "出发地": "哈尔滨",
      "目的地": "海口",
      "航班类型": "国内航班",
      "航班日期": "2026-03-21",
      "航班代码": "GJ6095",
      "价格": "580"
    },
    {
      "出发地": "哈尔滨",
      "目的地": "海口",
      "航班类型": "国内航班",
      "航班日期": "2026-03-22",
      "航班代码": "GJ6095",
      "价格": "580"
    },
    {
      "出发地": "哈尔滨",
      "目的地": "海口",
      "航班类型": "国内航班",
      "航班日期": "2026-03-28",
      "航班代码": "GJ6095",
      "价格": "580"
    },
    {
      "出发地": "哈尔滨",
      "目的地": "海口",
      "航班类型": "国内航班",
      "航班日期": "2026-03-31",
      "航班代码": "MF8080/MF8341",
      "价格": "2010"
    },
    {
      "出发地": "哈尔滨",
      "目的地": "海口",
      "航班类型": "国内航班",
      "航班日期": "2026-04-03",
      "航班代码": "9C8870/FM9255",
      "价格": "1857"
    },
    {
      "出发地": "哈尔滨",
      "目的地": "海口",
      "航班类型": "国内航班",
      "航班日期": "2026-04-09",
      "航班代码": "MU5518/MU6545",
      "价格": "2628"
    }
  ]
}