{
  "查询条件": {
    "出发地": "哈尔滨",
    "目的地": "南宁"
  },
  "航班数量": 51,
  "航班列表": [
    {
      "出发地": "哈尔滨",
      "目的地": "南宁",
      "航班类型": "国内航班",
      "航班日期": "2025-12-16",
      "航班代码": "CZ6219/CZ3286",
      "价格": "550"
    },
    {
      "出发地": "哈尔滨",
      "目的地": "南宁",
      "航班类型": "国内航班",
      "航班日期": "2025-12-17",
      "航班代码": "3U6408/3U6749",
      "价格": "749"
    },
    {
      "出发地": "哈尔滨",
      "目的地": "南宁",
      "航班类型": "国内航班",
      "航班日期": "2025-12-18",
      "航班代码": "MF8094/MF8359",
      "价格": "460"
    },
    {
      "出发地": "哈尔滨",
      "目的地": "南宁",
      "航班类型": "国内航班",
      "航班日期": "2025-12-19",
      "航班代码": "CZ6207/CZ3286",
      "价格": "550"
    },
    {
      "出发地": "哈尔滨",
      "目的地": "南宁",
      "航班类型": "国内航班",
      "航班日期": "2025-12-20",
      "航班代码": "HO1914/3U3165",
      "价格": "758"
    },
    {
      "出发地": "哈尔滨",
      "目的地": "南宁",
      "航班类型": "国内航班",
      "航班日期": "2025-12-21",
      "航班代码": "SC8438/GX8919",
      "价格": "810"
    },
    {
      "出发地": "哈尔滨",
      "目的地": "南宁",
      "航班类型": "国内航班",
      "航班日期": "2025-12-22",
      "航班代码": "CZ8963/CZ6284",
      "价格": "550"
    },
    {
      "出发地": "哈尔滨",
      "目的地": "南宁",
      "航班类型": "国内航班",
      "航班日期": "2025-12-23",
      "航班代码": "CZ6207/CZ3286",
      "价格": "450"
    },
    {
      "出发地": "哈尔滨",
      "目的地": "南宁",
      "航班类型": "国内航班",
      "航班日期": "2025-12-24",
      "航班代码": "CZ6207/CZ6284",
      "价格": "700"
    },
    {
      "出发地": "哈尔滨",
      "目的地": "南宁",
      "航班类型": "国内航班",
      "航班日期": "2025-12-25",
      "航班代码": "CZ6203/CZ3286",
      "价格": "550"
    },
    {
      "出发地": "哈尔滨",
      "目的地": "南宁",
      "航班类型": "国内航班",
      "航班日期": "2025-12-26",
      "航班代码": "MF8084/GX8919",
      "价格": "1008"
    },
    {
      "出发地": "哈尔滨",
      "目的地": "南宁",
      "航班类型": "国内航班",
      "航班日期": "2025-12-27",
      "航班代码": "MU2764/MU2687",
      "价格": "1021"
    },
    {
      "出发地": "哈尔滨",
      "目的地": "南宁",
      "航班类型": "国内航班",
      "航班日期": "2025-12-28",
      "航班代码": "3U6408/3U6749",
      "价格": "948"
    },
    {
      "出发地": "哈尔滨",
      "目的地": "南宁",
      "航班类型": "国内航班",
      "航班日期": "2025-12-29",
      "航班代码": "HO1724/HO1730",
      "价格": "1000"
    },
    {
      "出发地": "哈尔滨",
      "目的地": "南宁",
      "航班类型": "国内航班",
      "航班日期": "2025-12-30",
      "航班代码": "CZ8963/CZ3286",
      "价格": "1150"
    },
    {
      "出发地": "哈尔滨",
      "目的地": "南宁",
      "航班类型": "国内航班",
      "航班日期": "2025-12-31",
      "航班代码": "3U6408/3U6749",
      "价格": "1105"
    },
    {
      "出发地": "哈尔滨",
      "目的地": "南宁",
      "航班类型": "国内航班",
      "航班日期": "2026-01-01",
      "航班代码": "SC8438/GX8919",
      "价格": "1117"
    },
    {
      "出发地": "哈尔滨",
      "目的地": "南宁",
      "航班类型": "国内航班",
      "航班日期": "2026-01-02",
      "航班代码": "GJ6095/GX8874",
      "价格": "1179"
    },
    {
      "出发地": "哈尔滨",
      "目的地": "南宁",
      "航班类型": "国内航班",
      "航班日期": "2026-01-03",
      "航班代码": "ZH9757/ZH9396",
      "价格": "1270"
    },
    {
      "出发地": "哈尔滨",
      "目的地": "南宁",
      "航班类型": "国内航班",
      "航班日期": "2026-01-05",
      "航班代码": "ZH9767/3U3343",
      "价格": "1070"
    },
    {
      "出发地": "哈尔滨",
      "目的地": "南宁",
      "航班类型": "国内航班",
      "航班日期": "2026-01-06",
      "航班代码": "CA2998/CA2905",
      "价格": "999"
    },
    {
      "出发地": "哈尔滨",
      "目的地": "南宁",
      "航班类型": "国内航班",
      "航班日期": "2026-01-08",
      "航班代码": "GJ8788/GX8866",
      "价格": "1060"
    },
    {
      "出发地": "哈尔滨",
      "目的地": "南宁",
      "航班类型": "国内航班",
      "航班日期": "2026-01-09",
      "航班代码": "GJ6095/GX8874",
      "价格": "1196"
    },
    {
      "出发地": "哈尔滨",
      "目的地": "南宁",
      "航班类型": "国内航班",
      "航班日期": "2026-01-10",
      "航班代码": "GJ6095/GX8846",
      "价格": "1066"
    },
    {
      "出发地": "哈尔滨",
      "目的地": "南宁",
      "航班类型": "国内航班",
      "航班日期": "2026-01-11",
      "航班代码": "CZ8963/CZ6284",
      "价格": "700"
    },
    {
      "出发地": "哈尔滨",
      "目的地": "南宁",
      "航班类型": "国内航班",
      "航班日期": "2026-01-15",
      "航班代码": "GJ8788/GX8866",
      "价格": "1060"
    },
    {
      "出发地": "哈尔滨",
      "目的地": "南宁",
      "航班类型": "国内航班",
      "航班日期": "2026-01-20",
      "航班代码": "9C6190/FM9383",
      "价格": "1296"
    },
    {
      "出发地": "哈尔滨",
      "目的地": "南宁",
      "航班类型": "国内航班",
      "航班日期": "2026-01-21",
      "航班代码": "CA2736/CA2689",
      "价格": "1099"
    },
    {
      "出发地": "哈尔滨",
      "目的地": "南宁",
      "航班类型": "国内航班",
      "航班日期": "2026-01-24",
      "航班代码": "SC4845/3U8137",
      "价格": "1275"
    },
    {
      "出发地": "哈尔滨",
      "目的地": "南宁",
      "航班类型": "国内航班",
      "航班日期": "2026-01-26",
      "航班代码": "CA2730/CA2667",
      "价格": "1099"
    },
    {
      "出发地": "哈尔滨",
      "目的地": "南宁",
      "航班类型": "国内航班",
      "航班日期": "2026-01-27",
      "航班代码": "CA2736/CA2689",
      "价格": "1099"
    },
    {
      "出发地": "哈尔滨",
      "目的地": "南宁",
      "航班类型": "国内航班",
      "航班日期": "2026-01-31",
      "航班代码": "9C6190/MU8465",
      "价格": "1715"
    },
    {
      "出发地": "哈尔滨",
      "目的地": "南宁",
      "航班类型": "国内航班",
      "航班日期": "2026-02-01",
      "航班代码": "KN2326/9C8643",
      "价格": "1318"
    },
    {
      "出发地": "哈尔滨",
      "目的地": "南宁",
      "航班类型": "国内航班",
      "航班日期": "2026-02-02",
      "航班代码": "9C8674/9C8643",
      "价格": "1414"
    },
    {
      "出发地": "哈尔滨",
      "目的地": "南宁",
      "航班类型": "国内航班",
      "航班日期": "2026-02-03",
      "航班代码": "GJ8788/GX8866",
      "价格": "1201"
    },
    {
      "出发地": "哈尔滨",
      "目的地": "南宁",
      "航班类型": "国内航班",
      "航班日期": "2026-02-04",
      "航班代码": "3U3311/FM9383",
      "价格": "1839"
    },
    {
      "出发地": "哈尔滨",
      "目的地": "南宁",
      "航班类型": "国内航班",
      "航班日期": "2026-02-05",
      "航班代码": "GJ8788/GX8836",
      "价格": "1394"
    },
    {
      "出发地": "哈尔滨",
      "目的地": "南宁",
      "航班类型": "国内航班",
      "航班日期": "2026-02-07",
      "航班代码": "GJ8788/GX8836",
      "价格": "1493"
    },
    {
      "出发地": "哈尔滨",
      "目的地": "南宁",
      "航班类型": "国内航班",
      "航班日期": "2026-02-09",
      "航班代码": "3U3323/GX8866",
      "价格": "1463"
    },
    {
      "出发地": "哈尔滨",
      "目的地": "南宁",
      "航班类型": "国内航班",
      "航班日期": "2026-02-10",
      "航班代码": "JD5532/9C8643",
      "价格": "1617"
    },
    {
      "出发地": "哈尔滨",
      "目的地": "南宁",
      "航班类型": "国内航班",
      "航班日期": "2026-02-11",
      "航班代码": "9C8674/9C8643",
      "价格": "1704"
    },
    {
      "出发地": "哈尔滨",
      "目的地": "南宁",
      "航班类型": "国内航班",
      "航班日期": "2026-02-12",
      "航班代码": "3U3345/GX8836",
      "价格": "1873"
    },
    {
      "出发地": "哈尔滨",
      "目的地": "南宁",
      "航班类型": "国内航班",
      "航班日期": "2026-02-14",
      "航班代码": "3U6408/CA2689",
      "价格": "1818"
    },
    {
      "出发地": "哈尔滨",
      "目的地": "南宁",
      "航班类型": "国内航班",
      "航班日期": "2026-02-15",
      "航班代码": "9C8674/9C8643",
      "价格": "2106"
    },
    {
      "出发地": "哈尔滨",
      "目的地": "南宁",
      "航班类型": "国内航班",
      "航班日期": "2026-02-16",
      "航班代码": "9C8674/9C8643",
      "价格": "1778"
    },
    {
      "出发地": "哈尔滨",
      "目的地": "南宁",
      "航班类型": "国内航班",
      "航班日期": "2026-02-17",
      "航班代码": "GJ6095/GX8846",
      "价格": "1777"
    },
    {
      "出发地": "哈尔滨",
      "目的地": "南宁",
      "航班类型": "国内航班",
      "航班日期": "2026-02-18",
      "航班代码": "9C8870/FM9383",
      "价格": "1818"
    },
    {
      "出发地": "哈尔滨",
      "目的地": "南宁",
      "航班类型": "国内航班",
      "航班日期": "2026-02-19",
      "航班代码": "9C6804/FM9383",
      "价格": "2310"
    },
    {
      "出发地": "哈尔滨",
      "目的地": "南宁",
      "航班类型": "国内航班",
      "航班日期": "2026-02-24",
      "航班代码": "FM9066/FM9383",
      "价格": "2764"
    },
    {
      "出发地": "哈尔滨",
      "目的地": "南宁",
      "航班类型": "国内航班",
      "航班日期": "2026-02-26",
      "航班代码": "SC8436",
      "价格": "2910"
    },
    {
      "出发地": "哈尔滨",
      "目的地": "南宁",
      "航班类型": "国内航班",
      "航班日期": "2026-02-28",
      "航班代码": "9C8762/9C8643",
      "价格": "1828"
    }
  ]
}