{
  "查询条件": {
    "出发地": "哈尔滨",
    "目的地": "西安"
  },
  "航班数量": 51,
  "航班列表": [
    {
      "出发地": "哈尔滨",
      "目的地": "西安",
      "航班类型": "国内航班",
      "航班日期": "2025-12-16",
      "航班代码": "9H8360",
      "价格": "402"
    },
    {
      "出发地": "哈尔滨",
      "目的地": "西安",
      "航班类型": "国内航班",
      "航班日期": "2025-12-17",
      "航班代码": "GS7642",
      "价格": "400"
    },
    {
      "出发地": "哈尔滨",
      "目的地": "西安",
      "航班类型": "国内航班",
      "航班日期": "2025-12-18",
      "航班代码": "GS7642",
      "价格": "464"
    },
    {
      "出发地": "哈尔滨",
      "目的地": "西安",
      "航班类型": "国内航班",
      "航班日期": "2025-12-19",
      "航班代码": "CZ6217/CZ8821",
      "价格": "450"
    },
    {
      "出发地": "哈尔滨",
      "目的地": "西安",
      "航班类型": "国内航班",
      "航班日期": "2025-12-20",
      "航班代码": "GS7642",
      "价格": "400"
    },
    {
      "出发地": "哈尔滨",
      "目的地": "西安",
      "航班类型": "国内航班",
      "航班日期": "2025-12-21",
      "航班代码": "FU6641/GS7642",
      "价格": "618"
    },
    {
      "出发地": "哈尔滨",
      "目的地": "西安",
      "航班类型": "国内航班",
      "航班日期": "2025-12-22",
      "航班代码": "CZ6219/CZ8821",
      "价格": "450"
    },
    {
      "出发地": "哈尔滨",
      "目的地": "西安",
      "航班类型": "国内航班",
      "航班日期": "2025-12-23",
      "航班代码": "CZ6219/CZ8821",
      "价格": "450"
    },
    {
      "出发地": "哈尔滨",
      "目的地": "西安",
      "航班类型": "国内航班",
      "航班日期": "2025-12-24",
      "航班代码": "SC4853/SC4969",
      "价格": "586"
    },
    {
      "出发地": "哈尔滨",
      "目的地": "西安",
      "航班类型": "国内航班",
      "航班日期": "2025-12-25",
      "航班代码": "9C6426/GS7642",
      "价格": "708"
    },
    {
      "出发地": "哈尔滨",
      "目的地": "西安",
      "航班类型": "国内航班",
      "航班日期": "2025-12-26",
      "航班代码": "9H8360",
      "价格": "797"
    },
    {
      "出发地": "哈尔滨",
      "目的地": "西安",
      "航班类型": "国内航班",
      "航班日期": "2025-12-27",
      "航班代码": "MU2844/MU852",
      "价格": "795"
    },
    {
      "出发地": "哈尔滨",
      "目的地": "西安",
      "航班类型": "国内航班",
      "航班日期": "2025-12-28",
      "航班代码": "FU6641/GS7642",
      "价格": "820"
    },
    {
      "出发地": "哈尔滨",
      "目的地": "西安",
      "航班类型": "国内航班",
      "航班日期": "2025-12-29",
      "航班代码": "G52164O",
      "价格": "930"
    },
    {
      "出发地": "哈尔滨",
      "目的地": "西安",
      "航班类型": "国内航班",
      "航班日期": "2025-12-30",
      "航班代码": "CZ6207/CZ8829",
      "价格": "850"
    },
    {
      "出发地": "哈尔滨",
      "目的地": "西安",
      "航班类型": "国内航班",
      "航班日期": "2025-12-31",
      "航班代码": "CZ8963/CZ6948",
      "价格": "700"
    },
    {
      "出发地": "哈尔滨",
      "目的地": "西安",
      "航班类型": "国内航班",
      "航班日期": "2026-01-01",
      "航班代码": "CZ8963/CZ8829",
      "价格": "841"
    },
    {
      "出发地": "哈尔滨",
      "目的地": "西安",
      "航班类型": "国内航班",
      "航班日期": "2026-01-02",
      "航班代码": "FU6641/GS7642",
      "价格": "799"
    },
    {
      "出发地": "哈尔滨",
      "目的地": "西安",
      "航班类型": "国内航班",
      "航班日期": "2026-01-03",
      "航班代码": "FU6641/GS7642",
      "价格": "1040"
    },
    {
      "出发地": "哈尔滨",
      "目的地": "西安",
      "航班类型": "国内航班",
      "航班日期": "2026-01-04",
      "航班代码": "GJ8540",
      "价格": "950"
    },
    {
      "出发地": "哈尔滨",
      "目的地": "西安",
      "航班类型": "国内航班",
      "航班日期": "2026-01-05",
      "航班代码": "GJ8540",
      "价格": "800"
    },
    {
      "出发地": "哈尔滨",
      "目的地": "西安",
      "航班类型": "国内航班",
      "航班日期": "2026-01-06",
      "航班代码": "3U1559",
      "价格": "820"
    },
    {
      "出发地": "哈尔滨",
      "目的地": "西安",
      "航班类型": "国内航班",
      "航班日期": "2026-01-07",
      "航班代码": "SC4845/SC4965",
      "价格": "739"
    },
    {
      "出发地": "哈尔滨",
      "目的地": "西安",
      "航班类型": "国内航班",
      "航班日期": "2026-01-08",
      "航班代码": "CZ8963/CZ8829",
      "价格": "550"
    },
    {
      "出发地": "哈尔滨",
      "目的地": "西安",
      "航班类型": "国内航班",
      "航班日期": "2026-01-09",
      "航班代码": "CA8384/HU7137",
      "价格": "897"
    },
    {
      "出发地": "哈尔滨",
      "目的地": "西安",
      "航班类型": "国内航班",
      "航班日期": "2026-01-10",
      "航班代码": "9H8360",
      "价格": "947"
    },
    {
      "出发地": "哈尔滨",
      "目的地": "西安",
      "航班类型": "国内航班",
      "航班日期": "2026-01-12",
      "航班代码": "MU5649/MU2342",
      "价格": "908"
    },
    {
      "出发地": "哈尔滨",
      "目的地": "西安",
      "航班类型": "国内航班",
      "航班日期": "2026-01-13",
      "航班代码": "SC4746/SC4965",
      "价格": "739"
    },
    {
      "出发地": "哈尔滨",
      "目的地": "西安",
      "航班类型": "国内航班",
      "航班日期": "2026-01-14",
      "航班代码": "GJ8540",
      "价格": "800"
    },
    {
      "出发地": "哈尔滨",
      "目的地": "西安",
      "航班类型": "国内航班",
      "航班日期": "2026-01-15",
      "航班代码": "CA8384/MU2124",
      "价格": "867"
    },
    {
      "出发地": "哈尔滨",
      "目的地": "西安",
      "航班类型": "国内航班",
      "航班日期": "2026-01-16",
      "航班代码": "MU2174",
      "价格": "630"
    },
    {
      "出发地": "哈尔滨",
      "目的地": "西安",
      "航班类型": "国内航班",
      "航班日期": "2026-01-17",
      "航班代码": "HU7130/HU7137",
      "价格": "800"
    },
    {
      "出发地": "哈尔滨",
      "目的地": "西安",
      "航班类型": "国内航班",
      "航班日期": "2026-01-18",
      "航班代码": "MU2212",
      "价格": "890"
    },
    {
      "出发地": "哈尔滨",
      "目的地": "西安",
      "航班类型": "国内航班",
      "航班日期": "2026-01-19",
      "航班代码": "MU5198/MU2122",
      "价格": "943"
    },
    {
      "出发地": "哈尔滨",
      "目的地": "西安",
      "航班类型": "国内航班",
      "航班日期": "2026-01-20",
      "航班代码": "MU2174",
      "价格": "647"
    },
    {
      "出发地": "哈尔滨",
      "目的地": "西安",
      "航班类型": "国内航班",
      "航班日期": "2026-01-22",
      "航班代码": "ZH9757/ZH9274",
      "价格": "750"
    },
    {
      "出发地": "哈尔滨",
      "目的地": "西安",
      "航班类型": "国内航班",
      "航班日期": "2026-01-23",
      "航班代码": "MU2212",
      "价格": "730"
    },
    {
      "出发地": "哈尔滨",
      "目的地": "西安",
      "航班类型": "国内航班",
      "航班日期": "2026-01-25",
      "航班代码": "QW6099/9C6434",
      "价格": "1310"
    },
    {
      "出发地": "哈尔滨",
      "目的地": "西安",
      "航班类型": "国内航班",
      "航班日期": "2026-01-30",
      "航班代码": "MU2174",
      "价格": "630"
    },
    {
      "出发地": "哈尔滨",
      "目的地": "西安",
      "航班类型": "国内航班",
      "航班日期": "2026-01-31",
      "航班代码": "FU6641/CA8113",
      "价格": "1267"
    },
    {
      "出发地": "哈尔滨",
      "目的地": "西安",
      "航班类型": "国内航班",
      "航班日期": "2026-02-01",
      "航班代码": "FU6641/CA8113",
      "价格": "969"
    },
    {
      "出发地": "哈尔滨",
      "目的地": "西安",
      "航班类型": "国内航班",
      "航班日期": "2026-02-05",
      "航班代码": "9C6426/CA8105",
      "价格": "967"
    },
    {
      "出发地": "哈尔滨",
      "目的地": "西安",
      "航班类型": "国内航班",
      "航班日期": "2026-02-10",
      "航班代码": "9C6426/CA8105",
      "价格": "1098"
    },
    {
      "出发地": "哈尔滨",
      "目的地": "西安",
      "航班类型": "国内航班",
      "航班日期": "2026-02-11",
      "航班代码": "FU6641/CA8113",
      "价格": "1068"
    },
    {
      "出发地": "哈尔滨",
      "目的地": "西安",
      "航班类型": "国内航班",
      "航班日期": "2026-02-12",
      "航班代码": "G58711",
      "价格": "1470"
    },
    {
      "出发地": "哈尔滨",
      "目的地": "西安",
      "航班类型": "国内航班",
      "航班日期": "2026-02-13",
      "航班代码": "FU6641/CA8113",
      "价格": "1059"
    },
    {
      "出发地": "哈尔滨",
      "目的地": "西安",
      "航班类型": "国内航班",
      "航班日期": "2026-02-14",
      "航班代码": "FU6641/CA8113",
      "价格": "1018"
    },
    {
      "出发地": "哈尔滨",
      "目的地": "西安",
      "航班类型": "国内航班",
      "航班日期": "2026-02-15",
      "航班代码": "GS7642",
      "价格": "1000"
    },
    {
      "出发地": "哈尔滨",
      "目的地": "西安",
      "航班类型": "国内航班",
      "航班日期": "2026-02-20",
      "航班代码": "FU6641/CA8113",
      "价格": "1068"
    },
    {
      "出发地": "哈尔滨",
      "目的地": "西安",
      "航班类型": "国内航班",
      "航班日期": "2026-02-21",
      "航班代码": "FU6641/CA8113",
      "价格": "1178"
    },
    {
      "出发地": "哈尔滨",
      "目的地": "西安",
      "航班类型": "国内航班",
      "航班日期": "2026-03-01",
      "航班代码": "FU6641/GS7642",
      "价格": "1167"
    }
  ]
}