{
  "查询条件": {
    "出发地": "哈尔滨",
    "目的地": "南京"
  },
  "航班数量": 61,
  "航班列表": [
    {
      "出发地": "哈尔滨",
      "目的地": "南京",
      "航班类型": "国内航班",
      "航班日期": "2025-12-16",
      "航班代码": "ZH8596",
      "价格": "350"
    },
    {
      "出发地": "哈尔滨",
      "目的地": "南京",
      "航班类型": "国内航班",
      "航班日期": "2025-12-17",
      "航班代码": "AQ1502",
      "价格": "259"
    },
    {
      "出发地": "哈尔滨",
      "目的地": "南京",
      "航班类型": "国内航班",
      "航班日期": "2025-12-18",
      "航班代码": "HO1724",
      "价格": "300"
    },
    {
      "出发地": "哈尔滨",
      "目的地": "南京",
      "航班类型": "国内航班",
      "航班日期": "2025-12-19",
      "航班代码": "FM9064/MU2882",
      "价格": "404"
    },
    {
      "出发地": "哈尔滨",
      "目的地": "南京",
      "航班类型": "国内航班",
      "航班日期": "2025-12-20",
      "航班代码": "ZH8596",
      "价格": "290"
    },
    {
      "出发地": "哈尔滨",
      "目的地": "南京",
      "航班类型": "国内航班",
      "航班日期": "2025-12-21",
      "航班代码": "MU8124/MU2812",
      "价格": "400"
    },
    {
      "出发地": "哈尔滨",
      "目的地": "南京",
      "航班类型": "国内航班",
      "航班日期": "2025-12-22",
      "航班代码": "ZH8596",
      "价格": "430"
    },
    {
      "出发地": "哈尔滨",
      "目的地": "南京",
      "航班类型": "国内航班",
      "航班日期": "2025-12-23",
      "航班代码": "HO1724",
      "价格": "470"
    },
    {
      "出发地": "哈尔滨",
      "目的地": "南京",
      "航班类型": "国内航班",
      "航班日期": "2025-12-24",
      "航班代码": "ZH8596",
      "价格": "450"
    },
    {
      "出发地": "哈尔滨",
      "目的地": "南京",
      "航班类型": "国内航班",
      "航班日期": "2025-12-25",
      "航班代码": "SC9114",
      "价格": "600"
    },
    {
      "出发地": "哈尔滨",
      "目的地": "南京",
      "航班类型": "国内航班",
      "航班日期": "2025-12-26",
      "航班代码": "GJ8111/9C7757",
      "价格": "719"
    },
    {
      "出发地": "哈尔滨",
      "目的地": "南京",
      "航班类型": "国内航班",
      "航班日期": "2025-12-27",
      "航班代码": "QW6099/9C7757",
      "价格": "897"
    },
    {
      "出发地": "哈尔滨",
      "目的地": "南京",
      "航班类型": "国内航班",
      "航班日期": "2025-12-28",
      "航班代码": "KN5508/MU2852",
      "价格": "1033"
    },
    {
      "出发地": "哈尔滨",
      "目的地": "南京",
      "航班类型": "国内航班",
      "航班日期": "2025-12-29",
      "航班代码": "G59182",
      "价格": "850"
    },
    {
      "出发地": "哈尔滨",
      "目的地": "南京",
      "航班类型": "国内航班",
      "航班日期": "2025-12-30",
      "航班代码": "QW6099/9C7757",
      "价格": "1073"
    },
    {
      "出发地": "哈尔滨",
      "目的地": "南京",
      "航班类型": "国内航班",
      "航班日期": "2025-12-31",
      "航班代码": "KN5508/MU2852",
      "价格": "972"
    },
    {
      "出发地": "哈尔滨",
      "目的地": "南京",
      "航班类型": "国内航班",
      "航班日期": "2026-01-01",
      "航班代码": "ZH8596",
      "价格": "790"
    },
    {
      "出发地": "哈尔滨",
      "目的地": "南京",
      "航班类型": "国内航班",
      "航班日期": "2026-01-02",
      "航班代码": "ZH8596",
      "价格": "790"
    },
    {
      "出发地": "哈尔滨",
      "目的地": "南京",
      "航班类型": "国内航班",
      "航班日期": "2026-01-03",
      "航班代码": "GJ6095/KY8225",
      "价格": "1125"
    },
    {
      "出发地": "哈尔滨",
      "目的地": "南京",
      "航班类型": "国内航班",
      "航班日期": "2026-01-04",
      "航班代码": "ZH8596",
      "价格": "790"
    },
    {
      "出发地": "哈尔滨",
      "目的地": "南京",
      "航班类型": "国内航班",
      "航班日期": "2026-01-05",
      "航班代码": "SC9114",
      "价格": "850"
    },
    {
      "出发地": "哈尔滨",
      "目的地": "南京",
      "航班类型": "国内航班",
      "航班日期": "2026-01-07",
      "航班代码": "ZH8596",
      "价格": "750"
    },
    {
      "出发地": "哈尔滨",
      "目的地": "南京",
      "航班类型": "国内航班",
      "航班日期": "2026-01-08",
      "航班代码": "SC7912/SC7631",
      "价格": "650"
    },
    {
      "出发地": "哈尔滨",
      "目的地": "南京",
      "航班类型": "国内航班",
      "航班日期": "2026-01-09",
      "航班代码": "SC9114",
      "价格": "750"
    },
    {
      "出发地": "哈尔滨",
      "目的地": "南京",
      "航班类型": "国内航班",
      "航班日期": "2026-01-10",
      "航班代码": "SC9114",
      "价格": "750"
    },
    {
      "出发地": "哈尔滨",
      "目的地": "南京",
      "航班类型": "国内航班",
      "航班日期": "2026-01-11",
      "航班代码": "G59182",
      "价格": "750"
    },
    {
      "出发地": "哈尔滨",
      "目的地": "南京",
      "航班类型": "国内航班",
      "航班日期": "2026-01-12",
      "航班代码": "ZH8596",
      "价格": "690"
    },
    {
      "出发地": "哈尔滨",
      "目的地": "南京",
      "航班类型": "国内航班",
      "航班日期": "2026-01-13",
      "航班代码": "SC9114",
      "价格": "750"
    },
    {
      "出发地": "哈尔滨",
      "目的地": "南京",
      "航班类型": "国内航班",
      "航班日期": "2026-01-14",
      "航班代码": "HO1724",
      "价格": "811"
    },
    {
      "出发地": "哈尔滨",
      "目的地": "南京",
      "航班类型": "国内航班",
      "航班日期": "2026-01-15",
      "航班代码": "ZH8596",
      "价格": "630"
    },
    {
      "出发地": "哈尔滨",
      "目的地": "南京",
      "航班类型": "国内航班",
      "航班日期": "2026-01-16",
      "航班代码": "ZH8596",
      "价格": "680"
    },
    {
      "出发地": "哈尔滨",
      "目的地": "南京",
      "航班类型": "国内航班",
      "航班日期": "2026-01-17",
      "航班代码": "SC4746/SC4691",
      "价格": "739"
    },
    {
      "出发地": "哈尔滨",
      "目的地": "南京",
      "航班类型": "国内航班",
      "航班日期": "2026-01-18",
      "航班代码": "SC4746/SC4691",
      "价格": "739"
    },
    {
      "出发地": "哈尔滨",
      "目的地": "南京",
      "航班类型": "国内航班",
      "航班日期": "2026-01-19",
      "航班代码": "ZH8596",
      "价格": "680"
    },
    {
      "出发地": "哈尔滨",
      "目的地": "南京",
      "航班类型": "国内航班",
      "航班日期": "2026-01-20",
      "航班代码": "SC9114",
      "价格": "680"
    },
    {
      "出发地": "哈尔滨",
      "目的地": "南京",
      "航班类型": "国内航班",
      "航班日期": "2026-01-21",
      "航班代码": "ZH8596",
      "价格": "694"
    },
    {
      "出发地": "哈尔滨",
      "目的地": "南京",
      "航班类型": "国内航班",
      "航班日期": "2026-01-24",
      "航班代码": "HO1724",
      "价格": "728"
    },
    {
      "出发地": "哈尔滨",
      "目的地": "南京",
      "航班类型": "国内航班",
      "航班日期": "2026-01-26",
      "航班代码": "MU8124/MU2812",
      "价格": "794"
    },
    {
      "出发地": "哈尔滨",
      "目的地": "南京",
      "航班类型": "国内航班",
      "航班日期": "2026-01-27",
      "航班代码": "HO1724",
      "价格": "710"
    },
    {
      "出发地": "哈尔滨",
      "目的地": "南京",
      "航班类型": "国内航班",
      "航班日期": "2026-01-31",
      "航班代码": "MF7823",
      "价格": "710"
    },
    {
      "出发地": "哈尔滨",
      "目的地": "南京",
      "航班类型": "国内航班",
      "航班日期": "2026-02-01",
      "航班代码": "HO1724",
      "价格": "890"
    },
    {
      "出发地": "哈尔滨",
      "目的地": "南京",
      "航班类型": "国内航班",
      "航班日期": "2026-02-05",
      "航班代码": "3U3311/MU2882",
      "价格": "1274"
    },
    {
      "出发地": "哈尔滨",
      "目的地": "南京",
      "航班类型": "国内航班",
      "航班日期": "2026-02-06",
      "航班代码": "GJ8111/9C7757",
      "价格": "1075"
    },
    {
      "出发地": "哈尔滨",
      "目的地": "南京",
      "航班类型": "国内航班",
      "航班日期": "2026-02-07",
      "航班代码": "MU5620/MU2882",
      "价格": "1338"
    },
    {
      "出发地": "哈尔滨",
      "目的地": "南京",
      "航班类型": "国内航班",
      "航班日期": "2026-02-09",
      "航班代码": "HO1724",
      "价格": "890"
    },
    {
      "出发地": "哈尔滨",
      "目的地": "南京",
      "航班类型": "国内航班",
      "航班日期": "2026-02-11",
      "航班代码": "3U3311/MU2882",
      "价格": "1226"
    },
    {
      "出发地": "哈尔滨",
      "目的地": "南京",
      "航班类型": "国内航班",
      "航班日期": "2026-02-12",
      "航班代码": "3U3313/MU2882",
      "价格": "1314"
    },
    {
      "出发地": "哈尔滨",
      "目的地": "南京",
      "航班类型": "国内航班",
      "航班日期": "2026-02-13",
      "航班代码": "SC9114",
      "价格": "970"
    },
    {
      "出发地": "哈尔滨",
      "目的地": "南京",
      "航班类型": "国内航班",
      "航班日期": "2026-02-14",
      "航班代码": "SC9114",
      "价格": "970"
    },
    {
      "出发地": "哈尔滨",
      "目的地": "南京",
      "航班类型": "国内航班",
      "航班日期": "2026-02-15",
      "航班代码": "ZH5190",
      "价格": "890"
    },
    {
      "出发地": "哈尔滨",
      "目的地": "南京",
      "航班类型": "国内航班",
      "航班日期": "2026-02-16",
      "航班代码": "HO1180/MU2882",
      "价格": "1099"
    },
    {
      "出发地": "哈尔滨",
      "目的地": "南京",
      "航班类型": "国内航班",
      "航班日期": "2026-02-17",
      "航班代码": "HO1262/MU2882",
      "价格": "1080"
    },
    {
      "出发地": "哈尔滨",
      "目的地": "南京",
      "航班类型": "国内航班",
      "航班日期": "2026-02-19",
      "航班代码": "9C6190/MU2882",
      "价格": "1723"
    },
    {
      "出发地": "哈尔滨",
      "目的地": "南京",
      "航班类型": "国内航班",
      "航班日期": "2026-02-20",
      "航班代码": "MU2720",
      "价格": "1740"
    },
    {
      "出发地": "哈尔滨",
      "目的地": "南京",
      "航班类型": "国内航班",
      "航班日期": "2026-02-21",
      "航班代码": "MU2720",
      "价格": "1740"
    },
    {
      "出发地": "哈尔滨",
      "目的地": "南京",
      "航班类型": "国内航班",
      "航班日期": "2026-02-22",
      "航班代码": "MU2720",
      "价格": "1740"
    },
    {
      "出发地": "哈尔滨",
      "目的地": "南京",
      "航班类型": "国内航班",
      "航班日期": "2026-02-23",
      "航班代码": "MU2720",
      "价格": "1740"
    },
    {
      "出发地": "哈尔滨",
      "目的地": "南京",
      "航班类型": "国内航班",
      "航班日期": "2026-02-24",
      "航班代码": "MU2720",
      "价格": "1740"
    },
    {
      "出发地": "哈尔滨",
      "目的地": "南京",
      "航班类型": "国内航班",
      "航班日期": "2026-02-25",
      "航班代码": "MU2720",
      "价格": "1740"
    },
    {
      "出发地": "哈尔滨",
      "目的地": "南京",
      "航班类型": "国内航班",
      "航班日期": "2026-03-01",
      "航班代码": "HO1724",
      "价格": "1240"
    },
    {
      "出发地": "哈尔滨",
      "目的地": "南京",
      "航班类型": "国内航班",
      "航班日期": "2026-03-02",
      "航班代码": "CZ6666",
      "价格": "1150"
    }
  ]
}