{
  "查询条件": {
    "出发地": "哈尔滨",
    "目的地": "福州"
  },
  "航班数量": 46,
  "航班列表": [
    {
      "出发地": "哈尔滨",
      "目的地": "福州",
      "航班类型": "国内航班",
      "航班日期": "2025-12-16",
      "航班代码": "MU5614/MU5541",
      "价格": "394"
    },
    {
      "出发地": "哈尔滨",
      "目的地": "福州",
      "航班类型": "国内航班",
      "航班日期": "2025-12-17",
      "航班代码": "3U3329/3U3555",
      "价格": "440"
    },
    {
      "出发地": "哈尔滨",
      "目的地": "福州",
      "航班类型": "国内航班",
      "航班日期": "2025-12-18",
      "航班代码": "9C8944/9C8763",
      "价格": "645"
    },
    {
      "出发地": "哈尔滨",
      "目的地": "福州",
      "航班类型": "国内航班",
      "航班日期": "2025-12-19",
      "航班代码": "CZ8963/CZ8953",
      "价格": "450"
    },
    {
      "出发地": "哈尔滨",
      "目的地": "福州",
      "航班类型": "国内航班",
      "航班日期": "2025-12-20",
      "航班代码": "MU5518/MU6433",
      "价格": "637"
    },
    {
      "出发地": "哈尔滨",
      "目的地": "福州",
      "航班类型": "国内航班",
      "航班日期": "2025-12-21",
      "航班代码": "3U3329/3U3555",
      "价格": "499"
    },
    {
      "出发地": "哈尔滨",
      "目的地": "福州",
      "航班类型": "国内航班",
      "航班日期": "2025-12-22",
      "航班代码": "HU7130/FU6666",
      "价格": "739"
    },
    {
      "出发地": "哈尔滨",
      "目的地": "福州",
      "航班类型": "国内航班",
      "航班日期": "2025-12-23",
      "航班代码": "MU5518/MU6433",
      "价格": "682"
    },
    {
      "出发地": "哈尔滨",
      "目的地": "福州",
      "航班类型": "国内航班",
      "航班日期": "2025-12-24",
      "航班代码": "CZ6201/CZ8953",
      "价格": "700"
    },
    {
      "出发地": "哈尔滨",
      "目的地": "福州",
      "航班类型": "国内航班",
      "航班日期": "2025-12-25",
      "航班代码": "FM9066/FM9265",
      "价格": "725"
    },
    {
      "出发地": "哈尔滨",
      "目的地": "福州",
      "航班类型": "国内航班",
      "航班日期": "2025-12-26",
      "航班代码": "HU7764/FU6570",
      "价格": "869"
    },
    {
      "出发地": "哈尔滨",
      "目的地": "福州",
      "航班类型": "国内航班",
      "航班日期": "2025-12-27",
      "航班代码": "QW9870/MF8697",
      "价格": "969"
    },
    {
      "出发地": "哈尔滨",
      "目的地": "福州",
      "航班类型": "国内航班",
      "航班日期": "2025-12-28",
      "航班代码": "ZH8596/ZH9703",
      "价格": "800"
    },
    {
      "出发地": "哈尔滨",
      "目的地": "福州",
      "航班类型": "国内航班",
      "航班日期": "2025-12-29",
      "航班代码": "KN2326/NS3333",
      "价格": "976"
    },
    {
      "出发地": "哈尔滨",
      "目的地": "福州",
      "航班类型": "国内航班",
      "航班日期": "2025-12-30",
      "航班代码": "3U3333/3U3555",
      "价格": "539"
    },
    {
      "出发地": "哈尔滨",
      "目的地": "福州",
      "航班类型": "国内航班",
      "航班日期": "2025-12-31",
      "航班代码": "CZ6203/CZ8953",
      "价格": "850"
    },
    {
      "出发地": "哈尔滨",
      "目的地": "福州",
      "航班类型": "国内航班",
      "航班日期": "2026-01-01",
      "航班代码": "9C8944/9C8763",
      "价格": "969"
    },
    {
      "出发地": "哈尔滨",
      "目的地": "福州",
      "航班类型": "国内航班",
      "航班日期": "2026-01-02",
      "航班代码": "JD5324/GX7893",
      "价格": "920"
    },
    {
      "出发地": "哈尔滨",
      "目的地": "福州",
      "航班类型": "国内航班",
      "航班日期": "2026-01-03",
      "航班代码": "SC4746/SC4911",
      "价格": "1130"
    },
    {
      "出发地": "哈尔滨",
      "目的地": "福州",
      "航班类型": "国内航班",
      "航班日期": "2026-01-04",
      "航班代码": "3U3329/3U3555",
      "价格": "1011"
    },
    {
      "出发地": "哈尔滨",
      "目的地": "福州",
      "航班类型": "国内航班",
      "航班日期": "2026-01-05",
      "航班代码": "CZ6201/CZ8953",
      "价格": "850"
    },
    {
      "出发地": "哈尔滨",
      "目的地": "福州",
      "航班类型": "国内航班",
      "航班日期": "2026-01-06",
      "航班代码": "KN5508/KN5937",
      "价格": "831"
    },
    {
      "出发地": "哈尔滨",
      "目的地": "福州",
      "航班类型": "国内航班",
      "航班日期": "2026-01-07",
      "航班代码": "9C8674/9C7237",
      "价格": "876"
    },
    {
      "出发地": "哈尔滨",
      "目的地": "福州",
      "航班类型": "国内航班",
      "航班日期": "2026-01-08",
      "航班代码": "9C6190/HO1113",
      "价格": "1109"
    },
    {
      "出发地": "哈尔滨",
      "目的地": "福州",
      "航班类型": "国内航班",
      "航班日期": "2026-01-09",
      "航班代码": "MU5387/MU9151",
      "价格": "805"
    },
    {
      "出发地": "哈尔滨",
      "目的地": "福州",
      "航班类型": "国内航班",
      "航班日期": "2026-01-10",
      "航班代码": "KN5508/SC2205",
      "价格": "928"
    },
    {
      "出发地": "哈尔滨",
      "目的地": "福州",
      "航班类型": "国内航班",
      "航班日期": "2026-01-11",
      "航班代码": "MU8014/9C7237",
      "价格": "856"
    },
    {
      "出发地": "哈尔滨",
      "目的地": "福州",
      "航班类型": "国内航班",
      "航班日期": "2026-01-13",
      "航班代码": "SC4845/FU6570",
      "价格": "1369"
    },
    {
      "出发地": "哈尔滨",
      "目的地": "福州",
      "航班类型": "国内航班",
      "航班日期": "2026-01-14",
      "航班代码": "9C8674/9C7237",
      "价格": "918"
    },
    {
      "出发地": "哈尔滨",
      "目的地": "福州",
      "航班类型": "国内航班",
      "航班日期": "2026-01-16",
      "航班代码": "SC4853/SC4911",
      "价格": "800"
    },
    {
      "出发地": "哈尔滨",
      "目的地": "福州",
      "航班类型": "国内航班",
      "航班日期": "2026-01-18",
      "航班代码": "KN2326/NS3333",
      "价格": "828"
    },
    {
      "出发地": "哈尔滨",
      "目的地": "福州",
      "航班类型": "国内航班",
      "航班日期": "2026-01-19",
      "航班代码": "9C8674/9C7237",
      "价格": "937"
    },
    {
      "出发地": "哈尔滨",
      "目的地": "福州",
      "航班类型": "国内航班",
      "航班日期": "2026-01-20",
      "航班代码": "9C6190/MU5531",
      "价格": "917"
    },
    {
      "出发地": "哈尔滨",
      "目的地": "福州",
      "航班类型": "国内航班",
      "航班日期": "2026-01-21",
      "航班代码": "MU5518/FU6570",
      "价格": "1603"
    },
    {
      "出发地": "哈尔滨",
      "目的地": "福州",
      "航班类型": "国内航班",
      "航班日期": "2026-01-23",
      "航班代码": "MU5387/MU9151",
      "价格": "821"
    },
    {
      "出发地": "哈尔滨",
      "目的地": "福州",
      "航班类型": "国内航班",
      "航班日期": "2026-01-24",
      "航班代码": "CA1642/CA1505",
      "价格": "999"
    },
    {
      "出发地": "哈尔滨",
      "目的地": "福州",
      "航班类型": "国内航班",
      "航班日期": "2026-01-25",
      "航班代码": "MU5518/MU6433",
      "价格": "841"
    },
    {
      "出发地": "哈尔滨",
      "目的地": "福州",
      "航班类型": "国内航班",
      "航班日期": "2026-01-26",
      "航班代码": "MU5518/MU6433",
      "价格": "845"
    },
    {
      "出发地": "哈尔滨",
      "目的地": "福州",
      "航班类型": "国内航班",
      "航班日期": "2026-01-27",
      "航班代码": "9C8762/9C7237",
      "价格": "960"
    },
    {
      "出发地": "哈尔滨",
      "目的地": "福州",
      "航班类型": "国内航班",
      "航班日期": "2026-01-28",
      "航班代码": "KN2326/9C7237",
      "价格": "857"
    },
    {
      "出发地": "哈尔滨",
      "目的地": "福州",
      "航班类型": "国内航班",
      "航班日期": "2026-01-31",
      "航班代码": "FM9562/MU6620",
      "价格": "2140"
    },
    {
      "出发地": "哈尔滨",
      "目的地": "福州",
      "航班类型": "国内航班",
      "航班日期": "2026-02-01",
      "航班代码": "MU8014/9C7237",
      "价格": "936"
    },
    {
      "出发地": "哈尔滨",
      "目的地": "福州",
      "航班类型": "国内航班",
      "航班日期": "2026-02-14",
      "航班代码": "9C8762/NS3333",
      "价格": "1478"
    },
    {
      "出发地": "哈尔滨",
      "目的地": "福州",
      "航班类型": "国内航班",
      "航班日期": "2026-02-19",
      "航班代码": "3U3315/MU5531",
      "价格": "1375"
    },
    {
      "出发地": "哈尔滨",
      "目的地": "福州",
      "航班类型": "国内航班",
      "航班日期": "2026-02-20",
      "航班代码": "JD5532/9C7237",
      "价格": "2108"
    },
    {
      "出发地": "哈尔滨",
      "目的地": "福州",
      "航班类型": "国内航班",
      "航班日期": "2026-02-21",
      "航班代码": "9C8944/9C8763",
      "价格": "2214"
    }
  ]
}