{
  "查询条件": {
    "出发地": "哈尔滨",
    "目的地": "天津"
  },
  "航班数量": 25,
  "航班列表": [
    {
      "出发地": "哈尔滨",
      "目的地": "天津",
      "航班类型": "国内航班",
      "航班日期": "2025-12-16",
      "航班代码": "SC7940",
      "价格": "417"
    },
    {
      "出发地": "哈尔滨",
      "目的地": "天津",
      "航班类型": "国内航班",
      "航班日期": "2025-12-17",
      "航班代码": "SC7940",
      "价格": "400"
    },
    {
      "出发地": "哈尔滨",
      "目的地": "天津",
      "航班类型": "国内航班",
      "航班日期": "2025-12-18",
      "航班代码": "SC7940",
      "价格": "400"
    },
    {
      "出发地": "哈尔滨",
      "目的地": "天津",
      "航班类型": "国内航班",
      "航班日期": "2025-12-19",
      "航班代码": "FU6641/SC2280",
      "价格": "722"
    },
    {
      "出发地": "哈尔滨",
      "目的地": "天津",
      "航班类型": "国内航班",
      "航班日期": "2025-12-20",
      "航班代码": "SC7940",
      "价格": "400"
    },
    {
      "出发地": "哈尔滨",
      "目的地": "天津",
      "航班类型": "国内航班",
      "航班日期": "2025-12-21",
      "航班代码": "SC7940",
      "价格": "600"
    },
    {
      "出发地": "哈尔滨",
      "目的地": "天津",
      "航班类型": "国内航班",
      "航班日期": "2025-12-23",
      "航班代码": "SC7940",
      "价格": "520"
    },
    {
      "出发地": "哈尔滨",
      "目的地": "天津",
      "航班类型": "国内航班",
      "航班日期": "2025-12-24",
      "航班代码": "CA2998",
      "价格": "490"
    },
    {
      "出发地": "哈尔滨",
      "目的地": "天津",
      "航班类型": "国内航班",
      "航班日期": "2025-12-25",
      "航班代码": "G53794Q",
      "价格": "520"
    },
    {
      "出发地": "哈尔滨",
      "目的地": "天津",
      "航班类型": "国内航班",
      "航班日期": "2025-12-26",
      "航班代码": "SC7940",
      "价格": "690"
    },
    {
      "出发地": "哈尔滨",
      "目的地": "天津",
      "航班类型": "国内航班",
      "航班日期": "2025-12-27",
      "航班代码": "SC7940",
      "价格": "690"
    },
    {
      "出发地": "哈尔滨",
      "目的地": "天津",
      "航班类型": "国内航班",
      "航班日期": "2025-12-28",
      "航班代码": "HU7627",
      "价格": "870"
    },
    {
      "出发地": "哈尔滨",
      "目的地": "天津",
      "航班类型": "国内航班",
      "航班日期": "2025-12-31",
      "航班代码": "CA2998",
      "价格": "610"
    },
    {
      "出发地": "哈尔滨",
      "目的地": "天津",
      "航班类型": "国内航班",
      "航班日期": "2026-01-01",
      "航班代码": "3U3331",
      "价格": "600"
    },
    {
      "出发地": "哈尔滨",
      "目的地": "天津",
      "航班类型": "国内航班",
      "航班日期": "2026-01-07",
      "航班代码": "HU7627",
      "价格": "640"
    },
    {
      "出发地": "哈尔滨",
      "目的地": "天津",
      "航班类型": "国内航班",
      "航班日期": "2026-02-06",
      "航班代码": "FU6641/GS7834",
      "价格": "1048"
    },
    {
      "出发地": "哈尔滨",
      "目的地": "天津",
      "航班类型": "国内航班",
      "航班日期": "2026-02-09",
      "航班代码": "FU6641/GS7834",
      "价格": "1019"
    },
    {
      "出发地": "哈尔滨",
      "目的地": "天津",
      "航班类型": "国内航班",
      "航班日期": "2026-02-10",
      "航班代码": "3U3331",
      "价格": "1010"
    },
    {
      "出发地": "哈尔滨",
      "目的地": "天津",
      "航班类型": "国内航班",
      "航班日期": "2026-02-11",
      "航班代码": "FU6641/GS7834",
      "价格": "1018"
    },
    {
      "出发地": "哈尔滨",
      "目的地": "天津",
      "航班类型": "国内航班",
      "航班日期": "2026-02-12",
      "航班代码": "3U3331",
      "价格": "1010"
    },
    {
      "出发地": "哈尔滨",
      "目的地": "天津",
      "航班类型": "国内航班",
      "航班日期": "2026-02-13",
      "航班代码": "FU6641/GS7834",
      "价格": "1048"
    },
    {
      "出发地": "哈尔滨",
      "目的地": "天津",
      "航班类型": "国内航班",
      "航班日期": "2026-02-14",
      "航班代码": "3U3331",
      "价格": "1010"
    },
    {
      "出发地": "哈尔滨",
      "目的地": "天津",
      "航班类型": "国内航班",
      "航班日期": "2026-02-18",
      "航班代码": "9C8672/GY7121",
      "价格": "1208"
    },
    {
      "出发地": "哈尔滨",
      "目的地": "天津",
      "航班类型": "国内航班",
      "航班日期": "2026-02-24",
      "航班代码": "CA2998",
      "价格": "1250"
    },
    {
      "出发地": "哈尔滨",
      "目的地": "天津",
      "航班类型": "国内航班",
      "航班日期": "2026-03-01",
      "航班代码": "HU7627",
      "价格": "1100"
    }
  ]
}