{
  "查询条件": {
    "出发地": "哈尔滨",
    "目的地": "上海"
  },
  "航班数量": 78,
  "航班列表": [
    {
      "出发地": "哈尔滨",
      "目的地": "上海",
      "航班类型": "国内航班",
      "航班日期": "2025-12-16",
      "航班代码": "HO1264",
      "价格": "270"
    },
    {
      "出发地": "哈尔滨",
      "目的地": "上海",
      "航班类型": "国内航班",
      "航班日期": "2025-12-17",
      "航班代码": "3U3311",
      "价格": "250"
    },
    {
      "出发地": "哈尔滨",
      "目的地": "上海",
      "航班类型": "国内航班",
      "航班日期": "2025-12-18",
      "航班代码": "3U3315",
      "价格": "260"
    },
    {
      "出发地": "哈尔滨",
      "目的地": "上海",
      "航班类型": "国内航班",
      "航班日期": "2025-12-19",
      "航班代码": "Y87508",
      "价格": "260"
    },
    {
      "出发地": "哈尔滨",
      "目的地": "上海",
      "航班类型": "国内航班",
      "航班日期": "2025-12-20",
      "航班代码": "CZ6201/CZ8887",
      "价格": "450"
    },
    {
      "出发地": "哈尔滨",
      "目的地": "上海",
      "航班类型": "国内航班",
      "航班日期": "2025-12-21",
      "航班代码": "CZ8963/CZ8879",
      "价格": "450"
    },
    {
      "出发地": "哈尔滨",
      "目的地": "上海",
      "航班类型": "国内航班",
      "航班日期": "2025-12-22",
      "航班代码": "CZ8963/CZ8879",
      "价格": "450"
    },
    {
      "出发地": "哈尔滨",
      "目的地": "上海",
      "航班类型": "国内航班",
      "航班日期": "2025-12-23",
      "航班代码": "Y87508",
      "价格": "400"
    },
    {
      "出发地": "哈尔滨",
      "目的地": "上海",
      "航班类型": "国内航班",
      "航班日期": "2025-12-24",
      "航班代码": "CZ6268/CZ5663",
      "价格": "450"
    },
    {
      "出发地": "哈尔滨",
      "目的地": "上海",
      "航班类型": "国内航班",
      "航班日期": "2025-12-25",
      "航班代码": "SC4853/HO1200",
      "价格": "737"
    },
    {
      "出发地": "哈尔滨",
      "目的地": "上海",
      "航班类型": "国内航班",
      "航班日期": "2025-12-26",
      "航班代码": "MU5489/MU9022",
      "价格": "670"
    },
    {
      "出发地": "哈尔滨",
      "目的地": "上海",
      "航班类型": "国内航班",
      "航班日期": "2025-12-27",
      "航班代码": "EU1977/CA8350",
      "价格": "767"
    },
    {
      "出发地": "哈尔滨",
      "目的地": "上海",
      "航班类型": "国内航班",
      "航班日期": "2025-12-28",
      "航班代码": "CZ8963/CZ8879",
      "价格": "650"
    },
    {
      "出发地": "哈尔滨",
      "目的地": "上海",
      "航班类型": "国内航班",
      "航班日期": "2025-12-29",
      "航班代码": "CZ8963/CZ8879",
      "价格": "792"
    },
    {
      "出发地": "哈尔滨",
      "目的地": "上海",
      "航班类型": "国内航班",
      "航班日期": "2025-12-30",
      "航班代码": "EU1977/CA8350",
      "价格": "816"
    },
    {
      "出发地": "哈尔滨",
      "目的地": "上海",
      "航班类型": "国内航班",
      "航班日期": "2025-12-31",
      "航班代码": "CZ8963/CZ8889",
      "价格": "650"
    },
    {
      "出发地": "哈尔滨",
      "目的地": "上海",
      "航班类型": "国内航班",
      "航班日期": "2026-01-01",
      "航班代码": "HO7537",
      "价格": "980"
    },
    {
      "出发地": "哈尔滨",
      "目的地": "上海",
      "航班类型": "国内航班",
      "航班日期": "2026-01-02",
      "航班代码": "MU5387/MU5588",
      "价格": "699"
    },
    {
      "出发地": "哈尔滨",
      "目的地": "上海",
      "航班类型": "国内航班",
      "航班日期": "2026-01-03",
      "航班代码": "MU5387/MU5544",
      "价格": "1116"
    },
    {
      "出发地": "哈尔滨",
      "目的地": "上海",
      "航班类型": "国内航班",
      "航班日期": "2026-01-04",
      "航班代码": "CZ8963/CZ8889",
      "价格": "800"
    },
    {
      "出发地": "哈尔滨",
      "目的地": "上海",
      "航班类型": "国内航班",
      "航班日期": "2026-01-05",
      "航班代码": "JD5324/MU5534",
      "价格": "815"
    },
    {
      "出发地": "哈尔滨",
      "目的地": "上海",
      "航班类型": "国内航班",
      "航班日期": "2026-01-06",
      "航班代码": "QW9870/QW9777",
      "价格": "768"
    },
    {
      "出发地": "哈尔滨",
      "目的地": "上海",
      "航班类型": "国内航班",
      "航班日期": "2026-01-07",
      "航班代码": "SC8413/SC2165",
      "价格": "729"
    },
    {
      "出发地": "哈尔滨",
      "目的地": "上海",
      "航班类型": "国内航班",
      "航班日期": "2026-01-08",
      "航班代码": "CZ6201/CZ8889",
      "价格": "650"
    },
    {
      "出发地": "哈尔滨",
      "目的地": "上海",
      "航班类型": "国内航班",
      "航班日期": "2026-01-09",
      "航班代码": "CZ8963/CZ8879",
      "价格": "650"
    },
    {
      "出发地": "哈尔滨",
      "目的地": "上海",
      "航班类型": "国内航班",
      "航班日期": "2026-01-10",
      "航班代码": "9C8762/9C7092",
      "价格": "715"
    },
    {
      "出发地": "哈尔滨",
      "目的地": "上海",
      "航班类型": "国内航班",
      "航班日期": "2026-01-11",
      "航班代码": "CZ8963/CZ8889",
      "价格": "650"
    },
    {
      "出发地": "哈尔滨",
      "目的地": "上海",
      "航班类型": "国内航班",
      "航班日期": "2026-01-12",
      "航班代码": "CZ6207/CZ8889",
      "价格": "450"
    },
    {
      "出发地": "哈尔滨",
      "目的地": "上海",
      "航班类型": "国内航班",
      "航班日期": "2026-01-13",
      "航班代码": "CZ8963/CZ8889",
      "价格": "450"
    },
    {
      "出发地": "哈尔滨",
      "目的地": "上海",
      "航班类型": "国内航班",
      "航班日期": "2026-01-14",
      "航班代码": "SC4746/SC4601",
      "价格": "699"
    },
    {
      "出发地": "哈尔滨",
      "目的地": "上海",
      "航班类型": "国内航班",
      "航班日期": "2026-01-15",
      "航班代码": "MU8014/9C7092",
      "价格": "711"
    },
    {
      "出发地": "哈尔滨",
      "目的地": "上海",
      "航班类型": "国内航班",
      "航班日期": "2026-01-16",
      "航班代码": "SC4746/SC4601",
      "价格": "699"
    },
    {
      "出发地": "哈尔滨",
      "目的地": "上海",
      "航班类型": "国内航班",
      "航班日期": "2026-01-17",
      "航班代码": "SC8413/SC2165",
      "价格": "730"
    },
    {
      "出发地": "哈尔滨",
      "目的地": "上海",
      "航班类型": "国内航班",
      "航班日期": "2026-01-18",
      "航班代码": "KN2326/9C7092",
      "价格": "725"
    },
    {
      "出发地": "哈尔滨",
      "目的地": "上海",
      "航班类型": "国内航班",
      "航班日期": "2026-01-19",
      "航班代码": "KN2326/9C7092",
      "价格": "666"
    },
    {
      "出发地": "哈尔滨",
      "目的地": "上海",
      "航班类型": "国内航班",
      "航班日期": "2026-01-20",
      "航班代码": "KN2326/KN2320",
      "价格": "777"
    },
    {
      "出发地": "哈尔滨",
      "目的地": "上海",
      "航班类型": "国内航班",
      "航班日期": "2026-01-21",
      "航班代码": "SC4845/SC4601",
      "价格": "699"
    },
    {
      "出发地": "哈尔滨",
      "目的地": "上海",
      "航班类型": "国内航班",
      "航班日期": "2026-01-22",
      "航班代码": "MU5387/MU5588",
      "价格": "722"
    },
    {
      "出发地": "哈尔滨",
      "目的地": "上海",
      "航班类型": "国内航班",
      "航班日期": "2026-01-23",
      "航班代码": "SC4746/SC4601",
      "价格": "699"
    },
    {
      "出发地": "哈尔滨",
      "目的地": "上海",
      "航班类型": "国内航班",
      "航班日期": "2026-01-24",
      "航班代码": "KN2326/KN2320",
      "价格": "750"
    },
    {
      "出发地": "哈尔滨",
      "目的地": "上海",
      "航班类型": "国内航班",
      "航班日期": "2026-01-25",
      "航班代码": "MU5518/MU5564",
      "价格": "710"
    },
    {
      "出发地": "哈尔滨",
      "目的地": "上海",
      "航班类型": "国内航班",
      "航班日期": "2026-01-26",
      "航班代码": "KN2326/9C7092",
      "价格": "766"
    },
    {
      "出发地": "哈尔滨",
      "目的地": "上海",
      "航班类型": "国内航班",
      "航班日期": "2026-01-27",
      "航班代码": "SC4746/SC4601",
      "价格": "699"
    },
    {
      "出发地": "哈尔滨",
      "目的地": "上海",
      "航班类型": "国内航班",
      "航班日期": "2026-01-28",
      "航班代码": "3U3311",
      "价格": "780"
    },
    {
      "出发地": "哈尔滨",
      "目的地": "上海",
      "航班类型": "国内航班",
      "航班日期": "2026-01-29",
      "航班代码": "KN2326/KN2355",
      "价格": "519"
    },
    {
      "出发地": "哈尔滨",
      "目的地": "上海",
      "航班类型": "国内航班",
      "航班日期": "2026-01-30",
      "航班代码": "KN2326/9C7092",
      "价格": "725"
    },
    {
      "出发地": "哈尔滨",
      "目的地": "上海",
      "航班类型": "国内航班",
      "航班日期": "2026-01-31",
      "航班代码": "KN2326/9C7092",
      "价格": "778"
    },
    {
      "出发地": "哈尔滨",
      "目的地": "上海",
      "航班类型": "国内航班",
      "航班日期": "2026-02-01",
      "航班代码": "MU8014/9C7092",
      "价格": "716"
    },
    {
      "出发地": "哈尔滨",
      "目的地": "上海",
      "航班类型": "国内航班",
      "航班日期": "2026-02-02",
      "航班代码": "3U3311",
      "价格": "792"
    },
    {
      "出发地": "哈尔滨",
      "目的地": "上海",
      "航班类型": "国内航班",
      "航班日期": "2026-02-03",
      "航班代码": "3U3315",
      "价格": "780"
    },
    {
      "出发地": "哈尔滨",
      "目的地": "上海",
      "航班类型": "国内航班",
      "航班日期": "2026-02-04",
      "航班代码": "KN2326/9C7526",
      "价格": "1687"
    },
    {
      "出发地": "哈尔滨",
      "目的地": "上海",
      "航班类型": "国内航班",
      "航班日期": "2026-02-05",
      "航班代码": "3U3315",
      "价格": "780"
    },
    {
      "出发地": "哈尔滨",
      "目的地": "上海",
      "航班类型": "国内航班",
      "航班日期": "2026-02-06",
      "航班代码": "3U3315",
      "价格": "780"
    },
    {
      "出发地": "哈尔滨",
      "目的地": "上海",
      "航班类型": "国内航班",
      "航班日期": "2026-02-07",
      "航班代码": "3U3315",
      "价格": "780"
    },
    {
      "出发地": "哈尔滨",
      "目的地": "上海",
      "航班类型": "国内航班",
      "航班日期": "2026-02-08",
      "航班代码": "3U3315",
      "价格": "880"
    },
    {
      "出发地": "哈尔滨",
      "目的地": "上海",
      "航班类型": "国内航班",
      "航班日期": "2026-02-09",
      "航班代码": "9C8674/9C7092",
      "价格": "736"
    },
    {
      "出发地": "哈尔滨",
      "目的地": "上海",
      "航班类型": "国内航班",
      "航班日期": "2026-02-10",
      "航班代码": "3U3315",
      "价格": "780"
    },
    {
      "出发地": "哈尔滨",
      "目的地": "上海",
      "航班类型": "国内航班",
      "航班日期": "2026-02-11",
      "航班代码": "3U3315",
      "价格": "780"
    },
    {
      "出发地": "哈尔滨",
      "目的地": "上海",
      "航班类型": "国内航班",
      "航班日期": "2026-02-12",
      "航班代码": "3U3315",
      "价格": "780"
    },
    {
      "出发地": "哈尔滨",
      "目的地": "上海",
      "航班类型": "国内航班",
      "航班日期": "2026-02-13",
      "航班代码": "3U3311",
      "价格": "780"
    },
    {
      "出发地": "哈尔滨",
      "目的地": "上海",
      "航班类型": "国内航班",
      "航班日期": "2026-02-14",
      "航班代码": "3U3315",
      "价格": "780"
    },
    {
      "出发地": "哈尔滨",
      "目的地": "上海",
      "航班类型": "国内航班",
      "航班日期": "2026-02-15",
      "航班代码": "3U3315",
      "价格": "780"
    },
    {
      "出发地": "哈尔滨",
      "目的地": "上海",
      "航班类型": "国内航班",
      "航班日期": "2026-02-16",
      "航班代码": "MF7645",
      "价格": "700"
    },
    {
      "出发地": "哈尔滨",
      "目的地": "上海",
      "航班类型": "国内航班",
      "航班日期": "2026-02-17",
      "航班代码": "3U3315",
      "价格": "680"
    },
    {
      "出发地": "哈尔滨",
      "目的地": "上海",
      "航班类型": "国内航班",
      "航班日期": "2026-02-18",
      "航班代码": "HU7130/HU7601",
      "价格": "880"
    },
    {
      "出发地": "哈尔滨",
      "目的地": "上海",
      "航班类型": "国内航班",
      "航班日期": "2026-02-19",
      "航班代码": "3U3315",
      "价格": "1030"
    },
    {
      "出发地": "哈尔滨",
      "目的地": "上海",
      "航班类型": "国内航班",
      "航班日期": "2026-02-20",
      "航班代码": "CZ6219/MU5128",
      "价格": "1679"
    },
    {
      "出发地": "哈尔滨",
      "目的地": "上海",
      "航班类型": "国内航班",
      "航班日期": "2026-02-21",
      "航班代码": "3U3315",
      "价格": "1990"
    },
    {
      "出发地": "哈尔滨",
      "目的地": "上海",
      "航班类型": "国内航班",
      "航班日期": "2026-02-22",
      "航班代码": "MU2764/MU2881",
      "价格": "1960"
    },
    {
      "出发地": "哈尔滨",
      "目的地": "上海",
      "航班类型": "国内航班",
      "航班日期": "2026-02-23",
      "航班代码": "MU2764/MU2881",
      "价格": "1939"
    },
    {
      "出发地": "哈尔滨",
      "目的地": "上海",
      "航班类型": "国内航班",
      "航班日期": "2026-02-24",
      "航班代码": "CA2718/9C6688",
      "价格": "1845"
    },
    {
      "出发地": "哈尔滨",
      "目的地": "上海",
      "航班类型": "国内航班",
      "航班日期": "2026-02-25",
      "航班代码": "ZH8596/MU2881",
      "价格": "1806"
    },
    {
      "出发地": "哈尔滨",
      "目的地": "上海",
      "航班类型": "国内航班",
      "航班日期": "2026-02-26",
      "航班代码": "CA2718/9C6688",
      "价格": "1418"
    },
    {
      "出发地": "哈尔滨",
      "目的地": "上海",
      "航班类型": "国内航班",
      "航班日期": "2026-02-27",
      "航班代码": "SC4853/SC4661",
      "价格": "1750"
    },
    {
      "出发地": "哈尔滨",
      "目的地": "上海",
      "航班类型": "国内航班",
      "航班日期": "2026-02-28",
      "航班代码": "CA2718/9C6688",
      "价格": "1298"
    },
    {
      "出发地": "哈尔滨",
      "目的地": "上海",
      "航班类型": "国内航班",
      "航班日期": "2026-03-01",
      "航班代码": "MU5387/MU5588",
      "价格": "1145"
    },
    {
      "出发地": "哈尔滨",
      "目的地": "上海",
      "航班类型": "国内航班",
      "航班日期": "2026-03-02",
      "航班代码": "3U5308",
      "价格": "1110"
    },
    {
      "出发地": "哈尔滨",
      "目的地": "上海",
      "航班类型": "国内航班",
      "航班日期": "2026-07-11",
      "航班代码": "FM9062",
      "价格": "1960"
    }
  ]
}