{
  "查询条件": {
    "出发地": "南京",
    "目的地": "广州"
  },
  "航班数量": 44,
  "航班列表": [
    {
      "出发地": "南京",
      "目的地": "广州",
      "航班类型": "国内航班",
      "航班日期": "2025-12-16",
      "航班代码": "ZH9874",
      "价格": "300"
    },
    {
      "出发地": "南京",
      "目的地": "广州",
      "航班类型": "国内航班",
      "航班日期": "2025-12-17",
      "航班代码": "AQ1030",
      "价格": "309"
    },
    {
      "出发地": "南京",
      "目的地": "广州",
      "航班类型": "国内航班",
      "航班日期": "2025-12-18",
      "航班代码": "MF4489",
      "价格": "300"
    },
    {
      "出发地": "南京",
      "目的地": "广州",
      "航班类型": "国内航班",
      "航班日期": "2025-12-19",
      "航班代码": "MU2835/MU5796",
      "价格": "520"
    },
    {
      "出发地": "南京",
      "目的地": "广州",
      "航班类型": "国内航班",
      "航班日期": "2025-12-20",
      "航班代码": "TV6762",
      "价格": "300"
    },
    {
      "出发地": "南京",
      "目的地": "广州",
      "航班类型": "国内航班",
      "航班日期": "2025-12-21",
      "航班代码": "ZH9876",
      "价格": "400"
    },
    {
      "出发地": "南京",
      "目的地": "广州",
      "航班类型": "国内航班",
      "航班日期": "2025-12-22",
      "航班代码": "ZH9874",
      "价格": "300"
    },
    {
      "出发地": "南京",
      "目的地": "广州",
      "航班类型": "国内航班",
      "航班日期": "2025-12-23",
      "航班代码": "ZH9874",
      "价格": "330"
    },
    {
      "出发地": "南京",
      "目的地": "广州",
      "航班类型": "国内航班",
      "航班日期": "2025-12-24",
      "航班代码": "ZH9874",
      "价格": "300"
    },
    {
      "出发地": "南京",
      "目的地": "广州",
      "航班类型": "国内航班",
      "航班日期": "2025-12-25",
      "航班代码": "ZH9874",
      "价格": "300"
    },
    {
      "出发地": "南京",
      "目的地": "广州",
      "航班类型": "国内航班",
      "航班日期": "2025-12-26",
      "航班代码": "ZH9862",
      "价格": "350"
    },
    {
      "出发地": "南京",
      "目的地": "广州",
      "航班类型": "国内航班",
      "航班日期": "2025-12-27",
      "航班代码": "ZH9874",
      "价格": "350"
    },
    {
      "出发地": "南京",
      "目的地": "广州",
      "航班类型": "国内航班",
      "航班日期": "2025-12-28",
      "航班代码": "ZH9876",
      "价格": "450"
    },
    {
      "出发地": "南京",
      "目的地": "广州",
      "航班类型": "国内航班",
      "航班日期": "2025-12-29",
      "航班代码": "ZH9876",
      "价格": "300"
    },
    {
      "出发地": "南京",
      "目的地": "广州",
      "航班类型": "国内航班",
      "航班日期": "2025-12-30",
      "航班代码": "ZH9868",
      "价格": "450"
    },
    {
      "出发地": "南京",
      "目的地": "广州",
      "航班类型": "国内航班",
      "航班日期": "2025-12-31",
      "航班代码": "MU2881/HO1853",
      "价格": "597"
    },
    {
      "出发地": "南京",
      "目的地": "广州",
      "航班类型": "国内航班",
      "航班日期": "2026-01-01",
      "航班代码": "AQ1030",
      "价格": "459"
    },
    {
      "出发地": "南京",
      "目的地": "广州",
      "航班类型": "国内航班",
      "航班日期": "2026-01-02",
      "航班代码": "ZH9876",
      "价格": "350"
    },
    {
      "出发地": "南京",
      "目的地": "广州",
      "航班类型": "国内航班",
      "航班日期": "2026-01-03",
      "航班代码": "HO5283",
      "价格": "410"
    },
    {
      "出发地": "南京",
      "目的地": "广州",
      "航班类型": "国内航班",
      "航班日期": "2026-01-04",
      "航班代码": "ZH9874",
      "价格": "440"
    },
    {
      "出发地": "南京",
      "目的地": "广州",
      "航班类型": "国内航班",
      "航班日期": "2026-01-05",
      "航班代码": "AQ1030",
      "价格": "459"
    },
    {
      "出发地": "南京",
      "目的地": "广州",
      "航班类型": "国内航班",
      "航班日期": "2026-01-07",
      "航班代码": "HU7214",
      "价格": "300"
    },
    {
      "出发地": "南京",
      "目的地": "广州",
      "航班类型": "国内航班",
      "航班日期": "2026-01-11",
      "航班代码": "MU2907",
      "价格": "400"
    },
    {
      "出发地": "南京",
      "目的地": "广州",
      "航班类型": "国内航班",
      "航班日期": "2026-01-13",
      "航班代码": "MU2907",
      "价格": "400"
    },
    {
      "出发地": "南京",
      "目的地": "广州",
      "航班类型": "国内航班",
      "航班日期": "2026-01-14",
      "航班代码": "AQ1030",
      "价格": "459"
    },
    {
      "出发地": "南京",
      "目的地": "广州",
      "航班类型": "国内航班",
      "航班日期": "2026-01-15",
      "航班代码": "HU7214",
      "价格": "450"
    },
    {
      "出发地": "南京",
      "目的地": "广州",
      "航班类型": "国内航班",
      "航班日期": "2026-01-16",
      "航班代码": "MU2835/MU5796",
      "价格": "520"
    },
    {
      "出发地": "南京",
      "目的地": "广州",
      "航班类型": "国内航班",
      "航班日期": "2026-01-17",
      "航班代码": "AQ1030",
      "价格": "459"
    },
    {
      "出发地": "南京",
      "目的地": "广州",
      "航班类型": "国内航班",
      "航班日期": "2026-01-18",
      "航班代码": "MU2835/MU5796",
      "价格": "520"
    },
    {
      "出发地": "南京",
      "目的地": "广州",
      "航班类型": "国内航班",
      "航班日期": "2026-01-19",
      "航班代码": "MU2835/MU5796",
      "价格": "520"
    },
    {
      "出发地": "南京",
      "目的地": "广州",
      "航班类型": "国内航班",
      "航班日期": "2026-01-20",
      "航班代码": "MU2845/MU6826",
      "价格": "520"
    },
    {
      "出发地": "南京",
      "目的地": "广州",
      "航班类型": "国内航班",
      "航班日期": "2026-01-22",
      "航班代码": "MU2907",
      "价格": "380"
    },
    {
      "出发地": "南京",
      "目的地": "广州",
      "航班类型": "国内航班",
      "航班日期": "2026-01-30",
      "航班代码": "MU2881/MU5319",
      "价格": "759"
    },
    {
      "出发地": "南京",
      "目的地": "广州",
      "航班类型": "国内航班",
      "航班日期": "2026-02-01",
      "航班代码": "9C8634/CZ3895",
      "价格": "789"
    },
    {
      "出发地": "南京",
      "目的地": "广州",
      "航班类型": "国内航班",
      "航班日期": "2026-02-03",
      "航班代码": "HU7214",
      "价格": "500"
    },
    {
      "出发地": "南京",
      "目的地": "广州",
      "航班类型": "国内航班",
      "航班日期": "2026-02-05",
      "航班代码": "MU2881/9C8929",
      "价格": "837"
    },
    {
      "出发地": "南京",
      "目的地": "广州",
      "航班类型": "国内航班",
      "航班日期": "2026-02-07",
      "航班代码": "HU7214",
      "价格": "720"
    },
    {
      "出发地": "南京",
      "目的地": "广州",
      "航班类型": "国内航班",
      "航班日期": "2026-02-09",
      "航班代码": "HU7114",
      "价格": "720"
    },
    {
      "出发地": "南京",
      "目的地": "广州",
      "航班类型": "国内航班",
      "航班日期": "2026-02-10",
      "航班代码": "HU7314",
      "价格": "720"
    },
    {
      "出发地": "南京",
      "目的地": "广州",
      "航班类型": "国内航班",
      "航班日期": "2026-02-11",
      "航班代码": "3U1230",
      "价格": "880"
    },
    {
      "出发地": "南京",
      "目的地": "广州",
      "航班类型": "国内航班",
      "航班日期": "2026-02-15",
      "航班代码": "CZ3514",
      "价格": "880"
    },
    {
      "出发地": "南京",
      "目的地": "广州",
      "航班类型": "国内航班",
      "航班日期": "2026-02-19",
      "航班代码": "MU2881/CA4538",
      "价格": "759"
    },
    {
      "出发地": "南京",
      "目的地": "广州",
      "航班类型": "国内航班",
      "航班日期": "2026-02-22",
      "航班代码": "MU2881/9C8835",
      "价格": "833"
    },
    {
      "出发地": "南京",
      "目的地": "广州",
      "航班类型": "国内航班",
      "航班日期": "2026-02-23",
      "航班代码": "MU2881/9C8835",
      "价格": "838"
    }
  ]
}