{
  "查询条件": {
    "出发地": "南京",
    "目的地": "长春"
  },
  "航班数量": 57,
  "航班列表": [
    {
      "出发地": "南京",
      "目的地": "长春",
      "航班类型": "国内航班",
      "航班日期": "2025-12-16",
      "航班代码": "AQ1033",
      "价格": "259"
    },
    {
      "出发地": "南京",
      "目的地": "长春",
      "航班类型": "国内航班",
      "航班日期": "2025-12-17",
      "航班代码": "AQ1033",
      "价格": "259"
    },
    {
      "出发地": "南京",
      "目的地": "长春",
      "航班类型": "国内航班",
      "航班日期": "2025-12-18",
      "航班代码": "AQ1033",
      "价格": "319"
    },
    {
      "出发地": "南京",
      "目的地": "长春",
      "航班类型": "国内航班",
      "航班日期": "2025-12-19",
      "航班代码": "AQ1033",
      "价格": "359"
    },
    {
      "出发地": "南京",
      "目的地": "长春",
      "航班类型": "国内航班",
      "航班日期": "2025-12-20",
      "航班代码": "QW6040",
      "价格": "320"
    },
    {
      "出发地": "南京",
      "目的地": "长春",
      "航班类型": "国内航班",
      "航班日期": "2025-12-21",
      "航班代码": "AQ1585",
      "价格": "409"
    },
    {
      "出发地": "南京",
      "目的地": "长春",
      "航班类型": "国内航班",
      "航班日期": "2025-12-22",
      "航班代码": "QW6002",
      "价格": "390"
    },
    {
      "出发地": "南京",
      "目的地": "长春",
      "航班类型": "国内航班",
      "航班日期": "2025-12-23",
      "航班代码": "SC4692/SC4727",
      "价格": "499"
    },
    {
      "出发地": "南京",
      "目的地": "长春",
      "航班类型": "国内航班",
      "航班日期": "2025-12-24",
      "航班代码": "HO1702",
      "价格": "370"
    },
    {
      "出发地": "南京",
      "目的地": "长春",
      "航班类型": "国内航班",
      "航班日期": "2025-12-26",
      "航班代码": "AQ1585",
      "价格": "589"
    },
    {
      "出发地": "南京",
      "目的地": "长春",
      "航班类型": "国内航班",
      "航班日期": "2025-12-27",
      "航班代码": "GS7416/QW6032",
      "价格": "549"
    },
    {
      "出发地": "南京",
      "目的地": "长春",
      "航班类型": "国内航班",
      "航班日期": "2025-12-28",
      "航班代码": "SC4692/SC4723",
      "价格": "499"
    },
    {
      "出发地": "南京",
      "目的地": "长春",
      "航班类型": "国内航班",
      "航班日期": "2025-12-29",
      "航班代码": "3U4826",
      "价格": "450"
    },
    {
      "出发地": "南京",
      "目的地": "长春",
      "航班类型": "国内航班",
      "航班日期": "2025-12-30",
      "航班代码": "HO1702",
      "价格": "500"
    },
    {
      "出发地": "南京",
      "目的地": "长春",
      "航班类型": "国内航班",
      "航班日期": "2025-12-31",
      "航班代码": "CA1504/CA1609",
      "价格": "450"
    },
    {
      "出发地": "南京",
      "目的地": "长春",
      "航班类型": "国内航班",
      "航班日期": "2026-01-01",
      "航班代码": "CA1820/CA1649",
      "价格": "499"
    },
    {
      "出发地": "南京",
      "目的地": "长春",
      "航班类型": "国内航班",
      "航班日期": "2026-01-02",
      "航班代码": "FM9432",
      "价格": "508"
    },
    {
      "出发地": "南京",
      "目的地": "长春",
      "航班类型": "国内航班",
      "航班日期": "2026-01-03",
      "航班代码": "AQ1033",
      "价格": "519"
    },
    {
      "出发地": "南京",
      "目的地": "长春",
      "航班类型": "国内航班",
      "航班日期": "2026-01-04",
      "航班代码": "GJ8796",
      "价格": "620"
    },
    {
      "出发地": "南京",
      "目的地": "长春",
      "航班类型": "国内航班",
      "航班日期": "2026-01-05",
      "航班代码": "HO1702",
      "价格": "571"
    },
    {
      "出发地": "南京",
      "目的地": "长春",
      "航班类型": "国内航班",
      "航班日期": "2026-01-06",
      "航班代码": "CA1820/CA1649",
      "价格": "499"
    },
    {
      "出发地": "南京",
      "目的地": "长春",
      "航班类型": "国内航班",
      "航班日期": "2026-01-07",
      "航班代码": "CA1504/CA1609",
      "价格": "499"
    },
    {
      "出发地": "南京",
      "目的地": "长春",
      "航班类型": "国内航班",
      "航班日期": "2026-01-08",
      "航班代码": "HO1702",
      "价格": "560"
    },
    {
      "出发地": "南京",
      "目的地": "长春",
      "航班类型": "国内航班",
      "航班日期": "2026-01-09",
      "航班代码": "GJ8796",
      "价格": "489"
    },
    {
      "出发地": "南京",
      "目的地": "长春",
      "航班类型": "国内航班",
      "航班日期": "2026-01-10",
      "航班代码": "SC4692/SC4727",
      "价格": "569"
    },
    {
      "出发地": "南京",
      "目的地": "长春",
      "航班类型": "国内航班",
      "航班日期": "2026-01-11",
      "航班代码": "AQ1033",
      "价格": "519"
    },
    {
      "出发地": "南京",
      "目的地": "长春",
      "航班类型": "国内航班",
      "航班日期": "2026-01-12",
      "航班代码": "SC4692/SC4786",
      "价格": "569"
    },
    {
      "出发地": "南京",
      "目的地": "长春",
      "航班类型": "国内航班",
      "航班日期": "2026-01-13",
      "航班代码": "CA1504/CA1627",
      "价格": "499"
    },
    {
      "出发地": "南京",
      "目的地": "长春",
      "航班类型": "国内航班",
      "航班日期": "2026-01-14",
      "航班代码": "AQ1033",
      "价格": "589"
    },
    {
      "出发地": "南京",
      "目的地": "长春",
      "航班类型": "国内航班",
      "航班日期": "2026-01-15",
      "航班代码": "SC4692/SC4723",
      "价格": "569"
    },
    {
      "出发地": "南京",
      "目的地": "长春",
      "航班类型": "国内航班",
      "航班日期": "2026-01-16",
      "航班代码": "SC7632/SC7646",
      "价格": "629"
    },
    {
      "出发地": "南京",
      "目的地": "长春",
      "航班类型": "国内航班",
      "航班日期": "2026-01-17",
      "航班代码": "AQ1033",
      "价格": "589"
    },
    {
      "出发地": "南京",
      "目的地": "长春",
      "航班类型": "国内航班",
      "航班日期": "2026-01-18",
      "航班代码": "3U1726",
      "价格": "640"
    },
    {
      "出发地": "南京",
      "目的地": "长春",
      "航班类型": "国内航班",
      "航班日期": "2026-01-19",
      "航班代码": "MU2881/9C8935",
      "价格": "1028"
    },
    {
      "出发地": "南京",
      "目的地": "长春",
      "航班类型": "国内航班",
      "航班日期": "2026-01-22",
      "航班代码": "SC7632/SC7646",
      "价格": "630"
    },
    {
      "出发地": "南京",
      "目的地": "长春",
      "航班类型": "国内航班",
      "航班日期": "2026-01-23",
      "航班代码": "SC7632/SC7653",
      "价格": "649"
    },
    {
      "出发地": "南京",
      "目的地": "长春",
      "航班类型": "国内航班",
      "航班日期": "2026-01-25",
      "航班代码": "3U4826",
      "价格": "700"
    },
    {
      "出发地": "南京",
      "目的地": "长春",
      "航班类型": "国内航班",
      "航班日期": "2026-01-26",
      "航班代码": "3U4826",
      "价格": "700"
    },
    {
      "出发地": "南京",
      "目的地": "长春",
      "航班类型": "国内航班",
      "航班日期": "2026-01-27",
      "航班代码": "3U4826",
      "价格": "700"
    },
    {
      "出发地": "南京",
      "目的地": "长春",
      "航班类型": "国内航班",
      "航班日期": "2026-01-28",
      "航班代码": "QW6002",
      "价格": "930"
    },
    {
      "出发地": "南京",
      "目的地": "长春",
      "航班类型": "国内航班",
      "航班日期": "2026-01-30",
      "航班代码": "MU2739",
      "价格": "733"
    },
    {
      "出发地": "南京",
      "目的地": "长春",
      "航班类型": "国内航班",
      "航班日期": "2026-01-31",
      "航班代码": "FM9432",
      "价格": "847"
    },
    {
      "出发地": "南京",
      "目的地": "长春",
      "航班类型": "国内航班",
      "航班日期": "2026-02-03",
      "航班代码": "3U4826",
      "价格": "945"
    },
    {
      "出发地": "南京",
      "目的地": "长春",
      "航班类型": "国内航班",
      "航班日期": "2026-02-05",
      "航班代码": "FM9432",
      "价格": "1235"
    },
    {
      "出发地": "南京",
      "目的地": "长春",
      "航班类型": "国内航班",
      "航班日期": "2026-02-07",
      "航班代码": "3U4826",
      "价格": "1240"
    },
    {
      "出发地": "南京",
      "目的地": "长春",
      "航班类型": "国内航班",
      "航班日期": "2026-02-08",
      "航班代码": "3U4826",
      "价格": "1240"
    },
    {
      "出发地": "南京",
      "目的地": "长春",
      "航班类型": "国内航班",
      "航班日期": "2026-02-10",
      "航班代码": "3U4826",
      "价格": "1400"
    },
    {
      "出发地": "南京",
      "目的地": "长春",
      "航班类型": "国内航班",
      "航班日期": "2026-02-11",
      "航班代码": "MF3375",
      "价格": "1550"
    },
    {
      "出发地": "南京",
      "目的地": "长春",
      "航班类型": "国内航班",
      "航班日期": "2026-02-12",
      "航班代码": "MF3375",
      "价格": "1567"
    },
    {
      "出发地": "南京",
      "目的地": "长春",
      "航班类型": "国内航班",
      "航班日期": "2026-02-13",
      "航班代码": "MF3375",
      "价格": "1550"
    },
    {
      "出发地": "南京",
      "目的地": "长春",
      "航班类型": "国内航班",
      "航班日期": "2026-02-14",
      "航班代码": "MF3375",
      "价格": "1550"
    },
    {
      "出发地": "南京",
      "目的地": "长春",
      "航班类型": "国内航班",
      "航班日期": "2026-02-15",
      "航班代码": "MF3375",
      "价格": "1567"
    },
    {
      "出发地": "南京",
      "目的地": "长春",
      "航班类型": "国内航班",
      "航班日期": "2026-02-16",
      "航班代码": "3U4826",
      "价格": "930"
    },
    {
      "出发地": "南京",
      "目的地": "长春",
      "航班类型": "国内航班",
      "航班日期": "2026-02-17",
      "航班代码": "3U1726",
      "价格": "1030"
    },
    {
      "出发地": "南京",
      "目的地": "长春",
      "航班类型": "国内航班",
      "航班日期": "2026-02-19",
      "航班代码": "CA1562/CA1627",
      "价格": "519"
    },
    {
      "出发地": "南京",
      "目的地": "长春",
      "航班类型": "国内航班",
      "航班日期": "2026-02-20",
      "航班代码": "CA1820/CA1649",
      "价格": "517"
    },
    {
      "出发地": "南京",
      "目的地": "长春",
      "航班类型": "国内航班",
      "航班日期": "2026-02-21",
      "航班代码": "HO1702",
      "价格": "657"
    }
  ]
}