{
  "查询条件": {
    "出发地": "南京",
    "目的地": "贵阳"
  },
  "航班数量": 30,
  "航班列表": [
    {
      "出发地": "南京",
      "目的地": "贵阳",
      "航班类型": "国内航班",
      "航班日期": "2025-12-16",
      "航班代码": "MU2881/FM9459",
      "价格": "384"
    },
    {
      "出发地": "南京",
      "目的地": "贵阳",
      "航班类型": "国内航班",
      "航班日期": "2025-12-17",
      "航班代码": "HO1703",
      "价格": "365"
    },
    {
      "出发地": "南京",
      "目的地": "贵阳",
      "航班类型": "国内航班",
      "航班日期": "2025-12-18",
      "航班代码": "MF8098/MF8613",
      "价格": "340"
    },
    {
      "出发地": "南京",
      "目的地": "贵阳",
      "航班类型": "国内航班",
      "航班日期": "2025-12-19",
      "航班代码": "CZ8508",
      "价格": "460"
    },
    {
      "出发地": "南京",
      "目的地": "贵阳",
      "航班类型": "国内航班",
      "航班日期": "2025-12-20",
      "航班代码": "CZ8574",
      "价格": "420"
    },
    {
      "出发地": "南京",
      "目的地": "贵阳",
      "航班类型": "国内航班",
      "航班日期": "2025-12-21",
      "航班代码": "MU2865/CA2559",
      "价格": "488"
    },
    {
      "出发地": "南京",
      "目的地": "贵阳",
      "航班类型": "国内航班",
      "航班日期": "2025-12-22",
      "航班代码": "ZH9561/CA2559",
      "价格": "437"
    },
    {
      "出发地": "南京",
      "目的地": "贵阳",
      "航班类型": "国内航班",
      "航班日期": "2025-12-23",
      "航班代码": "MU2881/FM9459",
      "价格": "384"
    },
    {
      "出发地": "南京",
      "目的地": "贵阳",
      "航班类型": "国内航班",
      "航班日期": "2025-12-24",
      "航班代码": "HO1681/CA2559",
      "价格": "460"
    },
    {
      "出发地": "南京",
      "目的地": "贵阳",
      "航班类型": "国内航班",
      "航班日期": "2025-12-25",
      "航班代码": "GS7744/GY7144",
      "价格": "415"
    },
    {
      "出发地": "南京",
      "目的地": "贵阳",
      "航班类型": "国内航班",
      "航班日期": "2025-12-26",
      "航班代码": "CZ8508",
      "价格": "450"
    },
    {
      "出发地": "南京",
      "目的地": "贵阳",
      "航班类型": "国内航班",
      "航班日期": "2025-12-27",
      "航班代码": "GS7744/GY7144",
      "价格": "416"
    },
    {
      "出发地": "南京",
      "目的地": "贵阳",
      "航班类型": "国内航班",
      "航班日期": "2025-12-28",
      "航班代码": "MU2881/FM9459",
      "价格": "433"
    },
    {
      "出发地": "南京",
      "目的地": "贵阳",
      "航班类型": "国内航班",
      "航班日期": "2025-12-29",
      "航班代码": "CZ8574",
      "价格": "450"
    },
    {
      "出发地": "南京",
      "目的地": "贵阳",
      "航班类型": "国内航班",
      "航班日期": "2025-12-30",
      "航班代码": "GS7744/GY7144",
      "价格": "415"
    },
    {
      "出发地": "南京",
      "目的地": "贵阳",
      "航班类型": "国内航班",
      "航班日期": "2025-12-31",
      "航班代码": "CA1504/CA1433",
      "价格": "599"
    },
    {
      "出发地": "南京",
      "目的地": "贵阳",
      "航班类型": "国内航班",
      "航班日期": "2026-01-02",
      "航班代码": "HU4620",
      "价格": "450"
    },
    {
      "出发地": "南京",
      "目的地": "贵阳",
      "航班类型": "国内航班",
      "航班日期": "2026-01-03",
      "航班代码": "CA1818/CA1463",
      "价格": "499"
    },
    {
      "出发地": "南京",
      "目的地": "贵阳",
      "航班类型": "国内航班",
      "航班日期": "2026-01-04",
      "航班代码": "9H8470",
      "价格": "497"
    },
    {
      "出发地": "南京",
      "目的地": "贵阳",
      "航班类型": "国内航班",
      "航班日期": "2026-01-07",
      "航班代码": "MU2881/FM9467",
      "价格": "494"
    },
    {
      "出发地": "南京",
      "目的地": "贵阳",
      "航班类型": "国内航班",
      "航班日期": "2026-01-08",
      "航班代码": "MU2881/FM9467",
      "价格": "494"
    },
    {
      "出发地": "南京",
      "目的地": "贵阳",
      "航班类型": "国内航班",
      "航班日期": "2026-01-13",
      "航班代码": "CA1504/CA1461",
      "价格": "495"
    },
    {
      "出发地": "南京",
      "目的地": "贵阳",
      "航班类型": "国内航班",
      "航班日期": "2026-02-06",
      "航班代码": "9H8470",
      "价格": "980"
    },
    {
      "出发地": "南京",
      "目的地": "贵阳",
      "航班类型": "国内航班",
      "航班日期": "2026-02-07",
      "航班代码": "9H8470",
      "价格": "1022"
    },
    {
      "出发地": "南京",
      "目的地": "贵阳",
      "航班类型": "国内航班",
      "航班日期": "2026-02-13",
      "航班代码": "9H8470",
      "价格": "1370"
    },
    {
      "出发地": "南京",
      "目的地": "贵阳",
      "航班类型": "国内航班",
      "航班日期": "2026-02-17",
      "航班代码": "9H8470",
      "价格": "650"
    },
    {
      "出发地": "南京",
      "目的地": "贵阳",
      "航班类型": "国内航班",
      "航班日期": "2026-02-18",
      "航班代码": "MU2881/FM9459",
      "价格": "657"
    },
    {
      "出发地": "南京",
      "目的地": "贵阳",
      "航班类型": "国内航班",
      "航班日期": "2026-02-19",
      "航班代码": "MF7830",
      "价格": "530"
    },
    {
      "出发地": "南京",
      "目的地": "贵阳",
      "航班类型": "国内航班",
      "航班日期": "2026-02-26",
      "航班代码": "MF7830",
      "价格": "530"
    },
    {
      "出发地": "南京",
      "目的地": "贵阳",
      "航班类型": "国内航班",
      "航班日期": "2026-02-28",
      "航班代码": "CA1818/CA1463",
      "价格": "500"
    }
  ]
}