{
  "查询条件": {
    "出发地": "南京",
    "目的地": "深圳"
  },
  "航班数量": 49,
  "航班列表": [
    {
      "出发地": "南京",
      "目的地": "深圳",
      "航班类型": "国内航班",
      "航班日期": "2025-12-16",
      "航班代码": "DZ6258",
      "价格": "300"
    },
    {
      "出发地": "南京",
      "目的地": "深圳",
      "航班类型": "国内航班",
      "航班日期": "2025-12-17",
      "航班代码": "A67228",
      "价格": "320"
    },
    {
      "出发地": "南京",
      "目的地": "深圳",
      "航班类型": "国内航班",
      "航班日期": "2025-12-18",
      "航班代码": "MF8086/MF8064",
      "价格": "400"
    },
    {
      "出发地": "南京",
      "目的地": "深圳",
      "航班类型": "国内航班",
      "航班日期": "2025-12-19",
      "航班代码": "HU7502/HU7873",
      "价格": "560"
    },
    {
      "出发地": "南京",
      "目的地": "深圳",
      "航班类型": "国内航班",
      "航班日期": "2025-12-20",
      "航班代码": "MU2881/9C8955",
      "价格": "489"
    },
    {
      "出发地": "南京",
      "目的地": "深圳",
      "航班类型": "国内航班",
      "航班日期": "2025-12-21",
      "航班代码": "ZH9591/DZ6214",
      "价格": "567"
    },
    {
      "出发地": "南京",
      "目的地": "深圳",
      "航班类型": "国内航班",
      "航班日期": "2025-12-22",
      "航班代码": "CZ6642",
      "价格": "470"
    },
    {
      "出发地": "南京",
      "目的地": "深圳",
      "航班类型": "国内航班",
      "航班日期": "2025-12-23",
      "航班代码": "MU2881/MU5359",
      "价格": "400"
    },
    {
      "出发地": "南京",
      "目的地": "深圳",
      "航班类型": "国内航班",
      "航班日期": "2025-12-24",
      "航班代码": "MU792/9C8760",
      "价格": "536"
    },
    {
      "出发地": "南京",
      "目的地": "深圳",
      "航班类型": "国内航班",
      "航班日期": "2025-12-25",
      "航班代码": "MU2795/MU2331",
      "价格": "486"
    },
    {
      "出发地": "南京",
      "目的地": "深圳",
      "航班类型": "国内航班",
      "航班日期": "2025-12-26",
      "航班代码": "3U8046/3U8781",
      "价格": "600"
    },
    {
      "出发地": "南京",
      "目的地": "深圳",
      "航班类型": "国内航班",
      "航班日期": "2025-12-27",
      "航班代码": "MU2737/MU6611",
      "价格": "620"
    },
    {
      "出发地": "南京",
      "目的地": "深圳",
      "航班类型": "国内航班",
      "航班日期": "2025-12-28",
      "航班代码": "MU6942/MU6973",
      "价格": "690"
    },
    {
      "出发地": "南京",
      "目的地": "深圳",
      "航班类型": "国内航班",
      "航班日期": "2025-12-29",
      "航班代码": "MU2881/DZ6208",
      "价格": "571"
    },
    {
      "出发地": "南京",
      "目的地": "深圳",
      "航班类型": "国内航班",
      "航班日期": "2025-12-30",
      "航班代码": "MU2823/DZ6256",
      "价格": "656"
    },
    {
      "出发地": "南京",
      "目的地": "深圳",
      "航班类型": "国内航班",
      "航班日期": "2025-12-31",
      "航班代码": "MU2881/ZH9528",
      "价格": "780"
    },
    {
      "出发地": "南京",
      "目的地": "深圳",
      "航班类型": "国内航班",
      "航班日期": "2026-01-01",
      "航班代码": "HU7356",
      "价格": "380"
    },
    {
      "出发地": "南京",
      "目的地": "深圳",
      "航班类型": "国内航班",
      "航班日期": "2026-01-02",
      "航班代码": "MU2881/MU5343",
      "价格": "390"
    },
    {
      "出发地": "南京",
      "目的地": "深圳",
      "航班类型": "国内航班",
      "航班日期": "2026-01-03",
      "航班代码": "MU2881/HO1881",
      "价格": "698"
    },
    {
      "出发地": "南京",
      "目的地": "深圳",
      "航班类型": "国内航班",
      "航班日期": "2026-01-04",
      "航班代码": "CA4558/CA4367",
      "价格": "599"
    },
    {
      "出发地": "南京",
      "目的地": "深圳",
      "航班类型": "国内航班",
      "航班日期": "2026-01-05",
      "航班代码": "Y87534",
      "价格": "380"
    },
    {
      "出发地": "南京",
      "目的地": "深圳",
      "航班类型": "国内航班",
      "航班日期": "2026-01-06",
      "航班代码": "MU2881/MU5359",
      "价格": "390"
    },
    {
      "出发地": "南京",
      "目的地": "深圳",
      "航班类型": "国内航班",
      "航班日期": "2026-01-07",
      "航班代码": "Y87534",
      "价格": "380"
    },
    {
      "出发地": "南京",
      "目的地": "深圳",
      "航班类型": "国内航班",
      "航班日期": "2026-01-08",
      "航班代码": "HU7356",
      "价格": "500"
    },
    {
      "出发地": "南京",
      "目的地": "深圳",
      "航班类型": "国内航班",
      "航班日期": "2026-01-09",
      "航班代码": "MU2881/MU5359",
      "价格": "390"
    },
    {
      "出发地": "南京",
      "目的地": "深圳",
      "航班类型": "国内航班",
      "航班日期": "2026-01-10",
      "航班代码": "MU2881/MU5359",
      "价格": "390"
    },
    {
      "出发地": "南京",
      "目的地": "深圳",
      "航班类型": "国内航班",
      "航班日期": "2026-01-11",
      "航班代码": "MU2881/MU5359",
      "价格": "390"
    },
    {
      "出发地": "南京",
      "目的地": "深圳",
      "航班类型": "国内航班",
      "航班日期": "2026-01-12",
      "航班代码": "HU7356",
      "价格": "450"
    },
    {
      "出发地": "南京",
      "目的地": "深圳",
      "航班类型": "国内航班",
      "航班日期": "2026-01-13",
      "航班代码": "ZH9854",
      "价格": "500"
    },
    {
      "出发地": "南京",
      "目的地": "深圳",
      "航班类型": "国内航班",
      "航班日期": "2026-01-14",
      "航班代码": "SC9588",
      "价格": "500"
    },
    {
      "出发地": "南京",
      "目的地": "深圳",
      "航班类型": "国内航班",
      "航班日期": "2026-01-15",
      "航班代码": "HU7356",
      "价格": "450"
    },
    {
      "出发地": "南京",
      "目的地": "深圳",
      "航班类型": "国内航班",
      "航班日期": "2026-01-16",
      "航班代码": "Y87534",
      "价格": "400"
    },
    {
      "出发地": "南京",
      "目的地": "深圳",
      "航班类型": "国内航班",
      "航班日期": "2026-01-17",
      "航班代码": "HU7356",
      "价格": "450"
    },
    {
      "出发地": "南京",
      "目的地": "深圳",
      "航班类型": "国内航班",
      "航班日期": "2026-01-19",
      "航班代码": "A67228",
      "价格": "450"
    },
    {
      "出发地": "南京",
      "目的地": "深圳",
      "航班类型": "国内航班",
      "航班日期": "2026-01-23",
      "航班代码": "MU2835/MU6611",
      "价格": "620"
    },
    {
      "出发地": "南京",
      "目的地": "深圳",
      "航班类型": "国内航班",
      "航班日期": "2026-01-24",
      "航班代码": "MU2881/9C8949",
      "价格": "618"
    },
    {
      "出发地": "南京",
      "目的地": "深圳",
      "航班类型": "国内航班",
      "航班日期": "2026-01-29",
      "航班代码": "MU2881/MU5359",
      "价格": "615"
    },
    {
      "出发地": "南京",
      "目的地": "深圳",
      "航班类型": "国内航班",
      "航班日期": "2026-01-30",
      "航班代码": "MU2881/MU5359",
      "价格": "623"
    },
    {
      "出发地": "南京",
      "目的地": "深圳",
      "航班类型": "国内航班",
      "航班日期": "2026-01-31",
      "航班代码": "MU2881/MU5359",
      "价格": "570"
    },
    {
      "出发地": "南京",
      "目的地": "深圳",
      "航班类型": "国内航班",
      "航班日期": "2026-02-01",
      "航班代码": "MU2881/MU5359",
      "价格": "623"
    },
    {
      "出发地": "南京",
      "目的地": "深圳",
      "航班类型": "国内航班",
      "航班日期": "2026-02-05",
      "航班代码": "MU2881/MU5359",
      "价格": "723"
    },
    {
      "出发地": "南京",
      "目的地": "深圳",
      "航班类型": "国内航班",
      "航班日期": "2026-02-14",
      "航班代码": "HU7356",
      "价格": "700"
    },
    {
      "出发地": "南京",
      "目的地": "深圳",
      "航班类型": "国内航班",
      "航班日期": "2026-02-16",
      "航班代码": "HU7356",
      "价格": "680"
    },
    {
      "出发地": "南京",
      "目的地": "深圳",
      "航班类型": "国内航班",
      "航班日期": "2026-02-17",
      "航班代码": "HU7356",
      "价格": "770"
    },
    {
      "出发地": "南京",
      "目的地": "深圳",
      "航班类型": "国内航班",
      "航班日期": "2026-02-18",
      "航班代码": "MU2881/MU5343",
      "价格": "785"
    },
    {
      "出发地": "南京",
      "目的地": "深圳",
      "航班类型": "国内航班",
      "航班日期": "2026-02-19",
      "航班代码": "HU7356",
      "价格": "740"
    },
    {
      "出发地": "南京",
      "目的地": "深圳",
      "航班类型": "国内航班",
      "航班日期": "2026-02-21",
      "航班代码": "MU2881/9C8775",
      "价格": "857"
    },
    {
      "出发地": "南京",
      "目的地": "深圳",
      "航班类型": "国内航班",
      "航班日期": "2026-02-22",
      "航班代码": "MU2881/MU5345",
      "价格": "785"
    },
    {
      "出发地": "南京",
      "目的地": "深圳",
      "航班类型": "国内航班",
      "航班日期": "2026-02-23",
      "航班代码": "MU2881/9C8917",
      "价格": "856"
    }
  ]
}