{
  "查询条件": {
    "出发地": "南京",
    "目的地": "上海"
  },
  "航班数量": 17,
  "航班列表": [
    {
      "出发地": "南京",
      "目的地": "上海",
      "航班类型": "国内航班",
      "航班日期": "2025-12-16",
      "航班代码": "EU2256/9C8978",
      "价格": "417"
    },
    {
      "出发地": "南京",
      "目的地": "上海",
      "航班类型": "国内航班",
      "航班日期": "2025-12-17",
      "航班代码": "MU2881",
      "价格": "230"
    },
    {
      "出发地": "南京",
      "目的地": "上海",
      "航班类型": "国内航班",
      "航班日期": "2025-12-18",
      "航班代码": "MU2733/9C8982",
      "价格": "478"
    },
    {
      "出发地": "南京",
      "目的地": "上海",
      "航班类型": "国内航班",
      "航班日期": "2025-12-19",
      "航班代码": "EU2256/9C8982",
      "价格": "482"
    },
    {
      "出发地": "南京",
      "目的地": "上海",
      "航班类型": "国内航班",
      "航班日期": "2025-12-20",
      "航班代码": "MU2943/MU5626",
      "价格": "520"
    },
    {
      "出发地": "南京",
      "目的地": "上海",
      "航班类型": "国内航班",
      "航班日期": "2025-12-21",
      "航班代码": "EU2256/9C8978",
      "价格": "519"
    },
    {
      "出发地": "南京",
      "目的地": "上海",
      "航班类型": "国内航班",
      "航班日期": "2025-12-22",
      "航班代码": "MU2707/MU5532",
      "价格": "493"
    },
    {
      "出发地": "南京",
      "目的地": "上海",
      "航班类型": "国内航班",
      "航班日期": "2025-12-23",
      "航班代码": "MU2733/FM9244",
      "价格": "477"
    },
    {
      "出发地": "南京",
      "目的地": "上海",
      "航班类型": "国内航班",
      "航班日期": "2025-12-24",
      "航班代码": "MU2707/MU5532",
      "价格": "465"
    },
    {
      "出发地": "南京",
      "目的地": "上海",
      "航班类型": "国内航班",
      "航班日期": "2025-12-25",
      "航班代码": "MF8085/9C8982",
      "价格": "473"
    },
    {
      "出发地": "南京",
      "目的地": "上海",
      "航班类型": "国内航班",
      "航班日期": "2025-12-26",
      "航班代码": "MU2703/9C8750",
      "价格": "432"
    },
    {
      "出发地": "南京",
      "目的地": "上海",
      "航班类型": "国内航班",
      "航班日期": "2025-12-27",
      "航班代码": "MU2707/MU8396",
      "价格": "490"
    },
    {
      "出发地": "南京",
      "目的地": "上海",
      "航班类型": "国内航班",
      "航班日期": "2025-12-28",
      "航班代码": "MU2707/MU5532",
      "价格": "490"
    },
    {
      "出发地": "南京",
      "目的地": "上海",
      "航班类型": "国内航班",
      "航班日期": "2025-12-29",
      "航班代码": "MU2707/MU5506",
      "价格": "465"
    },
    {
      "出发地": "南京",
      "目的地": "上海",
      "航班类型": "国内航班",
      "航班日期": "2025-12-30",
      "航班代码": "MU2707/MU5532",
      "价格": "490"
    },
    {
      "出发地": "南京",
      "目的地": "上海",
      "航班类型": "国内航班",
      "航班日期": "2025-12-31",
      "航班代码": "MU2753/MU8472",
      "价格": "690"
    },
    {
      "出发地": "南京",
      "目的地": "上海",
      "航班类型": "国内航班",
      "航班日期": "2026-01-08",
      "航班代码": "MU2881",
      "价格": "231"
    }
  ]
}