{
  "查询条件": {
    "出发地": "南京",
    "目的地": "北京"
  },
  "航班数量": 29,
  "航班列表": [
    {
      "出发地": "南京",
      "目的地": "北京",
      "航班类型": "国内航班",
      "航班日期": "2025-12-16",
      "航班代码": "G56196F",
      "价格": "330"
    },
    {
      "出发地": "南京",
      "目的地": "北京",
      "航班类型": "国内航班",
      "航班日期": "2025-12-17",
      "航班代码": "MU2851",
      "价格": "340"
    },
    {
      "出发地": "南京",
      "目的地": "北京",
      "航班类型": "国内航班",
      "航班日期": "2025-12-18",
      "航班代码": "KN6483",
      "价格": "340"
    },
    {
      "出发地": "南京",
      "目的地": "北京",
      "航班类型": "国内航班",
      "航班日期": "2025-12-19",
      "航班代码": "MU2811",
      "价格": "340"
    },
    {
      "出发地": "南京",
      "目的地": "北京",
      "航班类型": "国内航班",
      "航班日期": "2025-12-20",
      "航班代码": "MU2881/MU5161",
      "价格": "390"
    },
    {
      "出发地": "南京",
      "目的地": "北京",
      "航班类型": "国内航班",
      "航班日期": "2025-12-21",
      "航班代码": "SC7632/SC7601",
      "价格": "529"
    },
    {
      "出发地": "南京",
      "目的地": "北京",
      "航班类型": "国内航班",
      "航班日期": "2025-12-22",
      "航班代码": "MU2851",
      "价格": "340"
    },
    {
      "出发地": "南京",
      "目的地": "北京",
      "航班类型": "国内航班",
      "航班日期": "2025-12-23",
      "航班代码": "KN2820/KN5396",
      "价格": "399"
    },
    {
      "出发地": "南京",
      "目的地": "北京",
      "航班类型": "国内航班",
      "航班日期": "2025-12-24",
      "航班代码": "SC7632/SC7601",
      "价格": "529"
    },
    {
      "出发地": "南京",
      "目的地": "北京",
      "航班类型": "国内航班",
      "航班日期": "2025-12-25",
      "航班代码": "KN2820/KN5396",
      "价格": "386"
    },
    {
      "出发地": "南京",
      "目的地": "北京",
      "航班类型": "国内航班",
      "航班日期": "2025-12-26",
      "航班代码": "CA1820",
      "价格": "400"
    },
    {
      "出发地": "南京",
      "目的地": "北京",
      "航班类型": "国内航班",
      "航班日期": "2025-12-27",
      "航班代码": "MU2851",
      "价格": "320"
    },
    {
      "出发地": "南京",
      "目的地": "北京",
      "航班类型": "国内航班",
      "航班日期": "2025-12-28",
      "航班代码": "KN2820/KN5396",
      "价格": "399"
    },
    {
      "出发地": "南京",
      "目的地": "北京",
      "航班类型": "国内航班",
      "航班日期": "2025-12-29",
      "航班代码": "KN2820/KN5396",
      "价格": "399"
    },
    {
      "出发地": "南京",
      "目的地": "北京",
      "航班类型": "国内航班",
      "航班日期": "2025-12-30",
      "航班代码": "KN2820/KN5396",
      "价格": "399"
    },
    {
      "出发地": "南京",
      "目的地": "北京",
      "航班类型": "国内航班",
      "航班日期": "2025-12-31",
      "航班代码": "MU2881/MU5165",
      "价格": "498"
    },
    {
      "出发地": "南京",
      "目的地": "北京",
      "航班类型": "国内航班",
      "航班日期": "2026-01-01",
      "航班代码": "MU2881/MU5163",
      "价格": "390"
    },
    {
      "出发地": "南京",
      "目的地": "北京",
      "航班类型": "国内航班",
      "航班日期": "2026-01-09",
      "航班代码": "MU2811",
      "价格": "400"
    },
    {
      "出发地": "南京",
      "目的地": "北京",
      "航班类型": "国内航班",
      "航班日期": "2026-01-18",
      "航班代码": "CA1820",
      "价格": "400"
    },
    {
      "出发地": "南京",
      "目的地": "北京",
      "航班类型": "国内航班",
      "航班日期": "2026-01-21",
      "航班代码": "MU2851",
      "价格": "400"
    },
    {
      "出发地": "南京",
      "目的地": "北京",
      "航班类型": "国内航班",
      "航班日期": "2026-02-03",
      "航班代码": "SC4692/SC5074",
      "价格": "610"
    },
    {
      "出发地": "南京",
      "目的地": "北京",
      "航班类型": "国内航班",
      "航班日期": "2026-02-06",
      "航班代码": "MU2881/MU5099",
      "价格": "709"
    },
    {
      "出发地": "南京",
      "目的地": "北京",
      "航班类型": "国内航班",
      "航班日期": "2026-02-07",
      "航班代码": "MU2881/MU5161",
      "价格": "669"
    },
    {
      "出发地": "南京",
      "目的地": "北京",
      "航班类型": "国内航班",
      "航班日期": "2026-02-17",
      "航班代码": "MU2881/MU5127",
      "价格": "634"
    },
    {
      "出发地": "南京",
      "目的地": "北京",
      "航班类型": "国内航班",
      "航班日期": "2026-02-18",
      "航班代码": "MU2881/MU5185",
      "价格": "690"
    },
    {
      "出发地": "南京",
      "目的地": "北京",
      "航班类型": "国内航班",
      "航班日期": "2026-02-19",
      "航班代码": "MU2881/MU5161",
      "价格": "689"
    },
    {
      "出发地": "南京",
      "目的地": "北京",
      "航班类型": "国内航班",
      "航班日期": "2026-02-20",
      "航班代码": "MU2881/MU5185",
      "价格": "561"
    },
    {
      "出发地": "南京",
      "目的地": "北京",
      "航班类型": "国内航班",
      "航班日期": "2026-03-04",
      "航班代码": "MU2851",
      "价格": "650"
    },
    {
      "出发地": "南京",
      "目的地": "北京",
      "航班类型": "国内航班",
      "航班日期": "2026-03-23",
      "航班代码": "KN2820/KN5396",
      "价格": "399"
    }
  ]
}