{
  "查询条件": {
    "出发地": "南京",
    "目的地": "兰州"
  },
  "航班数量": 25,
  "航班列表": [
    {
      "出发地": "南京",
      "目的地": "兰州",
      "航班类型": "国内航班",
      "航班日期": "2025-12-16",
      "航班代码": "MU2881/MU720",
      "价格": "398"
    },
    {
      "出发地": "南京",
      "目的地": "兰州",
      "航班类型": "国内航班",
      "航班日期": "2025-12-17",
      "航班代码": "9C6188",
      "价格": "400"
    },
    {
      "出发地": "南京",
      "目的地": "兰州",
      "航班类型": "国内航班",
      "航班日期": "2025-12-18",
      "航班代码": "MU2881/MU8363",
      "价格": "400"
    },
    {
      "出发地": "南京",
      "目的地": "兰州",
      "航班类型": "国内航班",
      "航班日期": "2025-12-19",
      "航班代码": "MU2881/MU6805",
      "价格": "390"
    },
    {
      "出发地": "南京",
      "目的地": "兰州",
      "航班类型": "国内航班",
      "航班日期": "2025-12-20",
      "航班代码": "MU2881/MU720",
      "价格": "390"
    },
    {
      "出发地": "南京",
      "目的地": "兰州",
      "航班类型": "国内航班",
      "航班日期": "2025-12-22",
      "航班代码": "MU2881/MU720",
      "价格": "390"
    },
    {
      "出发地": "南京",
      "目的地": "兰州",
      "航班类型": "国内航班",
      "航班日期": "2025-12-23",
      "航班代码": "MU2753/MU2400",
      "价格": "385"
    },
    {
      "出发地": "南京",
      "目的地": "兰州",
      "航班类型": "国内航班",
      "航班日期": "2025-12-24",
      "航班代码": "MU2881/MU720",
      "价格": "390"
    },
    {
      "出发地": "南京",
      "目的地": "兰州",
      "航班类型": "国内航班",
      "航班日期": "2025-12-25",
      "航班代码": "MU2881/MU8363",
      "价格": "400"
    },
    {
      "出发地": "南京",
      "目的地": "兰州",
      "航班类型": "国内航班",
      "航班日期": "2025-12-26",
      "航班代码": "MU2881/MU720",
      "价格": "388"
    },
    {
      "出发地": "南京",
      "目的地": "兰州",
      "航班类型": "国内航班",
      "航班日期": "2025-12-27",
      "航班代码": "MU2881/MU720",
      "价格": "394"
    },
    {
      "出发地": "南京",
      "目的地": "兰州",
      "航班类型": "国内航班",
      "航班日期": "2025-12-28",
      "航班代码": "MU2881/MU720",
      "价格": "390"
    },
    {
      "出发地": "南京",
      "目的地": "兰州",
      "航班类型": "国内航班",
      "航班日期": "2025-12-31",
      "航班代码": "MU2881/FM9217",
      "价格": "390"
    },
    {
      "出发地": "南京",
      "目的地": "兰州",
      "航班类型": "国内航班",
      "航班日期": "2026-01-02",
      "航班代码": "MU2881/MU6805",
      "价格": "390"
    },
    {
      "出发地": "南京",
      "目的地": "兰州",
      "航班类型": "国内航班",
      "航班日期": "2026-01-03",
      "航班代码": "CA1504/CA1239",
      "价格": "449"
    },
    {
      "出发地": "南京",
      "目的地": "兰州",
      "航班类型": "国内航班",
      "航班日期": "2026-01-04",
      "航班代码": "MU2881/9C7747",
      "价格": "497"
    },
    {
      "出发地": "南京",
      "目的地": "兰州",
      "航班类型": "国内航班",
      "航班日期": "2026-01-09",
      "航班代码": "MU2881/MU6805",
      "价格": "390"
    },
    {
      "出发地": "南京",
      "目的地": "兰州",
      "航班类型": "国内航班",
      "航班日期": "2026-01-13",
      "航班代码": "MU2881/MU720",
      "价格": "384"
    },
    {
      "出发地": "南京",
      "目的地": "兰州",
      "航班类型": "国内航班",
      "航班日期": "2026-01-19",
      "航班代码": "MU2881/MU720",
      "价格": "390"
    },
    {
      "出发地": "南京",
      "目的地": "兰州",
      "航班类型": "国内航班",
      "航班日期": "2026-01-29",
      "航班代码": "MU2881/MU720",
      "价格": "400"
    },
    {
      "出发地": "南京",
      "目的地": "兰州",
      "航班类型": "国内航班",
      "航班日期": "2026-02-05",
      "航班代码": "CA1504/CA1239",
      "价格": "699"
    },
    {
      "出发地": "南京",
      "目的地": "兰州",
      "航班类型": "国内航班",
      "航班日期": "2026-02-15",
      "航班代码": "PN6260/9C6282",
      "价格": "1354"
    },
    {
      "出发地": "南京",
      "目的地": "兰州",
      "航班类型": "国内航班",
      "航班日期": "2026-02-16",
      "航班代码": "A67705/9C6377",
      "价格": "899"
    },
    {
      "出发地": "南京",
      "目的地": "兰州",
      "航班类型": "国内航班",
      "航班日期": "2026-02-17",
      "航班代码": "CA1562/CA1207",
      "价格": "450"
    },
    {
      "出发地": "南京",
      "目的地": "兰州",
      "航班类型": "国内航班",
      "航班日期": "2026-02-18",
      "航班代码": "A67705/9C6377",
      "价格": "826"
    }
  ]
}