{
  "查询条件": {
    "出发地": "南京",
    "目的地": "青岛"
  },
  "航班数量": 16,
  "航班列表": [
    {
      "出发地": "南京",
      "目的地": "青岛",
      "航班类型": "国内航班",
      "航班日期": "2025-12-16",
      "航班代码": "MU2881/MU5521",
      "价格": "394"
    },
    {
      "出发地": "南京",
      "目的地": "青岛",
      "航班类型": "国内航班",
      "航班日期": "2025-12-17",
      "航班代码": "MU2707/MU6434",
      "价格": "390"
    },
    {
      "出发地": "南京",
      "目的地": "青岛",
      "航班类型": "国内航班",
      "航班日期": "2025-12-18",
      "航班代码": "SC4692",
      "价格": "420"
    },
    {
      "出发地": "南京",
      "目的地": "青岛",
      "航班类型": "国内航班",
      "航班日期": "2025-12-19",
      "航班代码": "MU2707/MU6434",
      "价格": "470"
    },
    {
      "出发地": "南京",
      "目的地": "青岛",
      "航班类型": "国内航班",
      "航班日期": "2025-12-20",
      "航班代码": "MU2881/FM9229",
      "价格": "394"
    },
    {
      "出发地": "南京",
      "目的地": "青岛",
      "航班类型": "国内航班",
      "航班日期": "2025-12-21",
      "航班代码": "MU2707/MU6434",
      "价格": "460"
    },
    {
      "出发地": "南京",
      "目的地": "青岛",
      "航班类型": "国内航班",
      "航班日期": "2025-12-22",
      "航班代码": "MU2881/QW9778",
      "价格": "415"
    },
    {
      "出发地": "南京",
      "目的地": "青岛",
      "航班类型": "国内航班",
      "航班日期": "2025-12-23",
      "航班代码": "MU2881/QW9778",
      "价格": "437"
    },
    {
      "出发地": "南京",
      "目的地": "青岛",
      "航班类型": "国内航班",
      "航班日期": "2025-12-24",
      "航班代码": "MU2707/MU6434",
      "价格": "470"
    },
    {
      "出发地": "南京",
      "目的地": "青岛",
      "航班类型": "国内航班",
      "航班日期": "2025-12-25",
      "航班代码": "MU2881/MU5521",
      "价格": "394"
    },
    {
      "出发地": "南京",
      "目的地": "青岛",
      "航班类型": "国内航班",
      "航班日期": "2025-12-26",
      "航班代码": "MU2881/QW9778",
      "价格": "435"
    },
    {
      "出发地": "南京",
      "目的地": "青岛",
      "航班类型": "国内航班",
      "航班日期": "2025-12-27",
      "航班代码": "MU2881/QW9778",
      "价格": "435"
    },
    {
      "出发地": "南京",
      "目的地": "青岛",
      "航班类型": "国内航班",
      "航班日期": "2025-12-28",
      "航班代码": "MU2881/QW9778",
      "价格": "435"
    },
    {
      "出发地": "南京",
      "目的地": "青岛",
      "航班类型": "国内航班",
      "航班日期": "2025-12-29",
      "航班代码": "MU2881/MU5521",
      "价格": "394"
    },
    {
      "出发地": "南京",
      "目的地": "青岛",
      "航班类型": "国内航班",
      "航班日期": "2025-12-30",
      "航班代码": "MU2881/QW9778",
      "价格": "435"
    },
    {
      "出发地": "南京",
      "目的地": "青岛",
      "航班类型": "国内航班",
      "航班日期": "2025-12-31",
      "航班代码": "MU2881/MU5519",
      "价格": "402"
    }
  ]
}