{
  "查询条件": {
    "出发地": "南京",
    "目的地": "大连"
  },
  "航班数量": 34,
  "航班列表": [
    {
      "出发地": "南京",
      "目的地": "大连",
      "航班类型": "国内航班",
      "航班日期": "2025-12-16",
      "航班代码": "MU2829",
      "价格": "300"
    },
    {
      "出发地": "南京",
      "目的地": "大连",
      "航班类型": "国内航班",
      "航班日期": "2025-12-17",
      "航班代码": "CZ6338",
      "价格": "360"
    },
    {
      "出发地": "南京",
      "目的地": "大连",
      "航班类型": "国内航班",
      "航班日期": "2025-12-18",
      "航班代码": "HO1720",
      "价格": "290"
    },
    {
      "出发地": "南京",
      "目的地": "大连",
      "航班类型": "国内航班",
      "航班日期": "2025-12-19",
      "航班代码": "CZ188",
      "价格": "390"
    },
    {
      "出发地": "南京",
      "目的地": "大连",
      "航班类型": "国内航班",
      "航班日期": "2025-12-20",
      "航班代码": "MU2829",
      "价格": "269"
    },
    {
      "出发地": "南京",
      "目的地": "大连",
      "航班类型": "国内航班",
      "航班日期": "2025-12-21",
      "航班代码": "MU2733",
      "价格": "349"
    },
    {
      "出发地": "南京",
      "目的地": "大连",
      "航班类型": "国内航班",
      "航班日期": "2025-12-22",
      "航班代码": "3U2253",
      "价格": "300"
    },
    {
      "出发地": "南京",
      "目的地": "大连",
      "航班类型": "国内航班",
      "航班日期": "2025-12-23",
      "航班代码": "EU2256",
      "价格": "330"
    },
    {
      "出发地": "南京",
      "目的地": "大连",
      "航班类型": "国内航班",
      "航班日期": "2025-12-24",
      "航班代码": "3U2253",
      "价格": "300"
    },
    {
      "出发地": "南京",
      "目的地": "大连",
      "航班类型": "国内航班",
      "航班日期": "2025-12-25",
      "航班代码": "MU2943",
      "价格": "300"
    },
    {
      "出发地": "南京",
      "目的地": "大连",
      "航班类型": "国内航班",
      "航班日期": "2025-12-26",
      "航班代码": "EU2256",
      "价格": "350"
    },
    {
      "出发地": "南京",
      "目的地": "大连",
      "航班类型": "国内航班",
      "航班日期": "2025-12-27",
      "航班代码": "MF8085",
      "价格": "300"
    },
    {
      "出发地": "南京",
      "目的地": "大连",
      "航班类型": "国内航班",
      "航班日期": "2025-12-28",
      "航班代码": "MU2829",
      "价格": "349"
    },
    {
      "出发地": "南京",
      "目的地": "大连",
      "航班类型": "国内航班",
      "航班日期": "2025-12-29",
      "航班代码": "MU2829",
      "价格": "349"
    },
    {
      "出发地": "南京",
      "目的地": "大连",
      "航班类型": "国内航班",
      "航班日期": "2025-12-30",
      "航班代码": "MU2881/MU8319",
      "价格": "398"
    },
    {
      "出发地": "南京",
      "目的地": "大连",
      "航班类型": "国内航班",
      "航班日期": "2025-12-31",
      "航班代码": "MU2881/MU5661",
      "价格": "384"
    },
    {
      "出发地": "南京",
      "目的地": "大连",
      "航班类型": "国内航班",
      "航班日期": "2026-01-01",
      "航班代码": "3U2253",
      "价格": "300"
    },
    {
      "出发地": "南京",
      "目的地": "大连",
      "航班类型": "国内航班",
      "航班日期": "2026-01-03",
      "航班代码": "MU2777",
      "价格": "256"
    },
    {
      "出发地": "南京",
      "目的地": "大连",
      "航班类型": "国内航班",
      "航班日期": "2026-01-04",
      "航班代码": "MU2777",
      "价格": "284"
    },
    {
      "出发地": "南京",
      "目的地": "大连",
      "航班类型": "国内航班",
      "航班日期": "2026-01-05",
      "航班代码": "MU2777",
      "价格": "256"
    },
    {
      "出发地": "南京",
      "目的地": "大连",
      "航班类型": "国内航班",
      "航班日期": "2026-01-13",
      "航班代码": "3U2253",
      "价格": "300"
    },
    {
      "出发地": "南京",
      "目的地": "大连",
      "航班类型": "国内航班",
      "航班日期": "2026-01-14",
      "航班代码": "3U2253",
      "价格": "300"
    },
    {
      "出发地": "南京",
      "目的地": "大连",
      "航班类型": "国内航班",
      "航班日期": "2026-01-18",
      "航班代码": "3U2253",
      "价格": "360"
    },
    {
      "出发地": "南京",
      "目的地": "大连",
      "航班类型": "国内航班",
      "航班日期": "2026-01-19",
      "航班代码": "MU2777",
      "价格": "349"
    },
    {
      "出发地": "南京",
      "目的地": "大连",
      "航班类型": "国内航班",
      "航班日期": "2026-01-20",
      "航班代码": "MU2777",
      "价格": "269"
    },
    {
      "出发地": "南京",
      "目的地": "大连",
      "航班类型": "国内航班",
      "航班日期": "2026-01-22",
      "航班代码": "MU2733",
      "价格": "330"
    },
    {
      "出发地": "南京",
      "目的地": "大连",
      "航班类型": "国内航班",
      "航班日期": "2026-01-23",
      "航班代码": "MU2777",
      "价格": "349"
    },
    {
      "出发地": "南京",
      "目的地": "大连",
      "航班类型": "国内航班",
      "航班日期": "2026-01-26",
      "航班代码": "CZ188",
      "价格": "410"
    },
    {
      "出发地": "南京",
      "目的地": "大连",
      "航班类型": "国内航班",
      "航班日期": "2026-01-28",
      "航班代码": "CZ188",
      "价格": "410"
    },
    {
      "出发地": "南京",
      "目的地": "大连",
      "航班类型": "国内航班",
      "航班日期": "2026-01-29",
      "航班代码": "CZ188",
      "价格": "410"
    },
    {
      "出发地": "南京",
      "目的地": "大连",
      "航班类型": "国内航班",
      "航班日期": "2026-01-30",
      "航班代码": "CA1818/CA153",
      "价格": "499"
    },
    {
      "出发地": "南京",
      "目的地": "大连",
      "航班类型": "国内航班",
      "航班日期": "2026-02-05",
      "航班代码": "CZ188",
      "价格": "610"
    },
    {
      "出发地": "南京",
      "目的地": "大连",
      "航班类型": "国内航班",
      "航班日期": "2026-02-16",
      "航班代码": "HO1720",
      "价格": "510"
    },
    {
      "出发地": "南京",
      "目的地": "大连",
      "航班类型": "国内航班",
      "航班日期": "2026-02-17",
      "航班代码": "CA1562/CA1617",
      "价格": "500"
    }
  ]
}