{
  "查询条件": {
    "出发地": "南京",
    "目的地": "南宁"
  },
  "航班数量": 50,
  "航班列表": [
    {
      "出发地": "南京",
      "目的地": "南宁",
      "航班类型": "国内航班",
      "航班日期": "2025-12-16",
      "航班代码": "G515O0B",
      "价格": "390"
    },
    {
      "出发地": "南京",
      "目的地": "南宁",
      "航班类型": "国内航班",
      "航班日期": "2025-12-17",
      "航班代码": "MU2881/MU8435",
      "价格": "400"
    },
    {
      "出发地": "南京",
      "目的地": "南宁",
      "航班类型": "国内航班",
      "航班日期": "2025-12-18",
      "航班代码": "MU2881/MU8435",
      "价格": "398"
    },
    {
      "出发地": "南京",
      "目的地": "南宁",
      "航班类型": "国内航班",
      "航班日期": "2025-12-19",
      "航班代码": "MU2881/MU6457",
      "价格": "390"
    },
    {
      "出发地": "南京",
      "目的地": "南宁",
      "航班类型": "国内航班",
      "航班日期": "2025-12-20",
      "航班代码": "G515O0B",
      "价格": "406"
    },
    {
      "出发地": "南京",
      "目的地": "南宁",
      "航班类型": "国内航班",
      "航班日期": "2025-12-21",
      "航班代码": "MU2881/MU8465",
      "价格": "398"
    },
    {
      "出发地": "南京",
      "目的地": "南宁",
      "航班类型": "国内航班",
      "航班日期": "2025-12-22",
      "航班代码": "MU2881/FM9383",
      "价格": "398"
    },
    {
      "出发地": "南京",
      "目的地": "南宁",
      "航班类型": "国内航班",
      "航班日期": "2025-12-23",
      "航班代码": "MU2881/FM9383",
      "价格": "388"
    },
    {
      "出发地": "南京",
      "目的地": "南宁",
      "航班类型": "国内航班",
      "航班日期": "2025-12-24",
      "航班代码": "MU2881/MU8435",
      "价格": "398"
    },
    {
      "出发地": "南京",
      "目的地": "南宁",
      "航班类型": "国内航班",
      "航班日期": "2025-12-25",
      "航班代码": "HO1718",
      "价格": "395"
    },
    {
      "出发地": "南京",
      "目的地": "南宁",
      "航班类型": "国内航班",
      "航班日期": "2025-12-26",
      "航班代码": "8L9572/GX8950",
      "价格": "490"
    },
    {
      "出发地": "南京",
      "目的地": "南宁",
      "航班类型": "国内航班",
      "航班日期": "2025-12-27",
      "航班代码": "HO1718",
      "价格": "450"
    },
    {
      "出发地": "南京",
      "目的地": "南宁",
      "航班类型": "国内航班",
      "航班日期": "2025-12-28",
      "航班代码": "MU2881/MU8465",
      "价格": "400"
    },
    {
      "出发地": "南京",
      "目的地": "南宁",
      "航班类型": "国内航班",
      "航班日期": "2025-12-29",
      "航班代码": "HO1730",
      "价格": "470"
    },
    {
      "出发地": "南京",
      "目的地": "南宁",
      "航班类型": "国内航班",
      "航班日期": "2025-12-30",
      "航班代码": "MU2687",
      "价格": "578"
    },
    {
      "出发地": "南京",
      "目的地": "南宁",
      "航班类型": "国内航班",
      "航班日期": "2025-12-31",
      "航班代码": "ZH9378",
      "价格": "670"
    },
    {
      "出发地": "南京",
      "目的地": "南宁",
      "航班类型": "国内航班",
      "航班日期": "2026-01-01",
      "航班代码": "CA1820/CA1935",
      "价格": "499"
    },
    {
      "出发地": "南京",
      "目的地": "南宁",
      "航班类型": "国内航班",
      "航班日期": "2026-01-02",
      "航班代码": "CA1818/CA1933",
      "价格": "499"
    },
    {
      "出发地": "南京",
      "目的地": "南宁",
      "航班类型": "国内航班",
      "航班日期": "2026-01-03",
      "航班代码": "CA1504/CA1931",
      "价格": "499"
    },
    {
      "出发地": "南京",
      "目的地": "南宁",
      "航班类型": "国内航班",
      "航班日期": "2026-01-04",
      "航班代码": "CA1820/CA1935",
      "价格": "499"
    },
    {
      "出发地": "南京",
      "目的地": "南宁",
      "航班类型": "国内航班",
      "航班日期": "2026-01-07",
      "航班代码": "CA1504/CA1335",
      "价格": "499"
    },
    {
      "出发地": "南京",
      "目的地": "南宁",
      "航班类型": "国内航班",
      "航班日期": "2026-01-09",
      "航班代码": "CZ186",
      "价格": "552"
    },
    {
      "出发地": "南京",
      "目的地": "南宁",
      "航班类型": "国内航班",
      "航班日期": "2026-01-10",
      "航班代码": "CZ186",
      "价格": "620"
    },
    {
      "出发地": "南京",
      "目的地": "南宁",
      "航班类型": "国内航班",
      "航班日期": "2026-01-12",
      "航班代码": "CA1820/CA1933",
      "价格": "499"
    },
    {
      "出发地": "南京",
      "目的地": "南宁",
      "航班类型": "国内航班",
      "航班日期": "2026-01-15",
      "航班代码": "CA1820/CA1935",
      "价格": "499"
    },
    {
      "出发地": "南京",
      "目的地": "南宁",
      "航班类型": "国内航班",
      "航班日期": "2026-01-16",
      "航班代码": "CA3720",
      "价格": "550"
    },
    {
      "出发地": "南京",
      "目的地": "南宁",
      "航班类型": "国内航班",
      "航班日期": "2026-01-21",
      "航班代码": "CA3720",
      "价格": "550"
    },
    {
      "出发地": "南京",
      "目的地": "南宁",
      "航班类型": "国内航班",
      "航班日期": "2026-01-22",
      "航班代码": "CA3720",
      "价格": "550"
    },
    {
      "出发地": "南京",
      "目的地": "南宁",
      "航班类型": "国内航班",
      "航班日期": "2026-01-23",
      "航班代码": "CA3720",
      "价格": "560"
    },
    {
      "出发地": "南京",
      "目的地": "南宁",
      "航班类型": "国内航班",
      "航班日期": "2026-01-24",
      "航班代码": "CA1504/CA1335",
      "价格": "499"
    },
    {
      "出发地": "南京",
      "目的地": "南宁",
      "航班类型": "国内航班",
      "航班日期": "2026-01-25",
      "航班代码": "CA1818/CA1335",
      "价格": "499"
    },
    {
      "出发地": "南京",
      "目的地": "南宁",
      "航班类型": "国内航班",
      "航班日期": "2026-01-26",
      "航班代码": "CA1818/CA1931",
      "价格": "499"
    },
    {
      "出发地": "南京",
      "目的地": "南宁",
      "航班类型": "国内航班",
      "航班日期": "2026-02-02",
      "航班代码": "CA1820/CA1935",
      "价格": "700"
    },
    {
      "出发地": "南京",
      "目的地": "南宁",
      "航班类型": "国内航班",
      "航班日期": "2026-02-05",
      "航班代码": "CZ186",
      "价格": "710"
    },
    {
      "出发地": "南京",
      "目的地": "南宁",
      "航班类型": "国内航班",
      "航班日期": "2026-02-06",
      "航班代码": "MF7859",
      "价格": "880"
    },
    {
      "出发地": "南京",
      "目的地": "南宁",
      "航班类型": "国内航班",
      "航班日期": "2026-02-07",
      "航班代码": "HO1718",
      "价格": "880"
    },
    {
      "出发地": "南京",
      "目的地": "南宁",
      "航班类型": "国内航班",
      "航班日期": "2026-02-08",
      "航班代码": "HO1718",
      "价格": "880"
    },
    {
      "出发地": "南京",
      "目的地": "南宁",
      "航班类型": "国内航班",
      "航班日期": "2026-02-09",
      "航班代码": "HO1718",
      "价格": "880"
    },
    {
      "出发地": "南京",
      "目的地": "南宁",
      "航班类型": "国内航班",
      "航班日期": "2026-02-10",
      "航班代码": "MF7859",
      "价格": "880"
    },
    {
      "出发地": "南京",
      "目的地": "南宁",
      "航班类型": "国内航班",
      "航班日期": "2026-02-12",
      "航班代码": "MU2687",
      "价格": "1590"
    },
    {
      "出发地": "南京",
      "目的地": "南宁",
      "航班类型": "国内航班",
      "航班日期": "2026-02-13",
      "航班代码": "HO1718",
      "价格": "1230"
    },
    {
      "出发地": "南京",
      "目的地": "南宁",
      "航班类型": "国内航班",
      "航班日期": "2026-02-14",
      "航班代码": "HO1718",
      "价格": "1230"
    },
    {
      "出发地": "南京",
      "目的地": "南宁",
      "航班类型": "国内航班",
      "航班日期": "2026-02-15",
      "航班代码": "MF7859",
      "价格": "1230"
    },
    {
      "出发地": "南京",
      "目的地": "南宁",
      "航班类型": "国内航班",
      "航班日期": "2026-02-16",
      "航班代码": "MF7859",
      "价格": "880"
    },
    {
      "出发地": "南京",
      "目的地": "南宁",
      "航班类型": "国内航班",
      "航班日期": "2026-02-17",
      "航班代码": "CZ186",
      "价格": "1060"
    },
    {
      "出发地": "南京",
      "目的地": "南宁",
      "航班类型": "国内航班",
      "航班日期": "2026-02-18",
      "航班代码": "CA1562/CA1933",
      "价格": "500"
    },
    {
      "出发地": "南京",
      "目的地": "南宁",
      "航班类型": "国内航班",
      "航班日期": "2026-02-19",
      "航班代码": "CA1818/CA1933",
      "价格": "500"
    },
    {
      "出发地": "南京",
      "目的地": "南宁",
      "航班类型": "国内航班",
      "航班日期": "2026-02-20",
      "航班代码": "CA1820/CA1935",
      "价格": "500"
    },
    {
      "出发地": "南京",
      "目的地": "南宁",
      "航班类型": "国内航班",
      "航班日期": "2026-02-22",
      "航班代码": "MU2687",
      "价格": "1590"
    },
    {
      "出发地": "南京",
      "目的地": "南宁",
      "航班类型": "国内航班",
      "航班日期": "2026-02-28",
      "航班代码": "9C8634/JD5388",
      "价格": "1420"
    }
  ]
}