{
  "查询条件": {
    "出发地": "南京",
    "目的地": "沈阳"
  },
  "航班数量": 51,
  "航班列表": [
    {
      "出发地": "南京",
      "目的地": "沈阳",
      "航班类型": "国内航班",
      "航班日期": "2025-12-16",
      "航班代码": "ZH9704",
      "价格": "300"
    },
    {
      "出发地": "南京",
      "目的地": "沈阳",
      "航班类型": "国内航班",
      "航班日期": "2025-12-17",
      "航班代码": "GS7416/GS7420",
      "价格": "339"
    },
    {
      "出发地": "南京",
      "目的地": "沈阳",
      "航班类型": "国内航班",
      "航班日期": "2025-12-18",
      "航班代码": "CA1848/CA1635",
      "价格": "450"
    },
    {
      "出发地": "南京",
      "目的地": "沈阳",
      "航班类型": "国内航班",
      "航班日期": "2025-12-19",
      "航班代码": "CA1504/CA1601",
      "价格": "450"
    },
    {
      "出发地": "南京",
      "目的地": "沈阳",
      "航班类型": "国内航班",
      "航班日期": "2025-12-20",
      "航班代码": "ZH9704",
      "价格": "410"
    },
    {
      "出发地": "南京",
      "目的地": "沈阳",
      "航班类型": "国内航班",
      "航班日期": "2025-12-21",
      "航班代码": "ZH9704",
      "价格": "420"
    },
    {
      "出发地": "南京",
      "目的地": "沈阳",
      "航班类型": "国内航班",
      "航班日期": "2025-12-22",
      "航班代码": "MU852/MU2183",
      "价格": "416"
    },
    {
      "出发地": "南京",
      "目的地": "沈阳",
      "航班类型": "国内航班",
      "航班日期": "2025-12-23",
      "航班代码": "MU2875/MU2183",
      "价格": "410"
    },
    {
      "出发地": "南京",
      "目的地": "沈阳",
      "航班类型": "国内航班",
      "航班日期": "2025-12-24",
      "航班代码": "GS7416/GS7420",
      "价格": "419"
    },
    {
      "出发地": "南京",
      "目的地": "沈阳",
      "航班类型": "国内航班",
      "航班日期": "2025-12-25",
      "航班代码": "SC4692/SC4715",
      "价格": "429"
    },
    {
      "出发地": "南京",
      "目的地": "沈阳",
      "航班类型": "国内航班",
      "航班日期": "2025-12-26",
      "航班代码": "SC4692/SC4717",
      "价格": "430"
    },
    {
      "出发地": "南京",
      "目的地": "沈阳",
      "航班类型": "国内航班",
      "航班日期": "2025-12-27",
      "航班代码": "SC7632/SC7917",
      "价格": "469"
    },
    {
      "出发地": "南京",
      "目的地": "沈阳",
      "航班类型": "国内航班",
      "航班日期": "2025-12-28",
      "航班代码": "SC4692/SC4717",
      "价格": "429"
    },
    {
      "出发地": "南京",
      "目的地": "沈阳",
      "航班类型": "国内航班",
      "航班日期": "2025-12-29",
      "航班代码": "ZH9702",
      "价格": "430"
    },
    {
      "出发地": "南京",
      "目的地": "沈阳",
      "航班类型": "国内航班",
      "航班日期": "2025-12-30",
      "航班代码": "SC7632/SC7630",
      "价格": "469"
    },
    {
      "出发地": "南京",
      "目的地": "沈阳",
      "航班类型": "国内航班",
      "航班日期": "2025-12-31",
      "航班代码": "ZH9702",
      "价格": "660"
    },
    {
      "出发地": "南京",
      "目的地": "沈阳",
      "航班类型": "国内航班",
      "航班日期": "2026-01-01",
      "航班代码": "RY2026",
      "价格": "400"
    },
    {
      "出发地": "南京",
      "目的地": "沈阳",
      "航班类型": "国内航班",
      "航班日期": "2026-01-02",
      "航班代码": "NS3282",
      "价格": "350"
    },
    {
      "出发地": "南京",
      "目的地": "沈阳",
      "航班类型": "国内航班",
      "航班日期": "2026-01-03",
      "航班代码": "SC9698",
      "价格": "450"
    },
    {
      "出发地": "南京",
      "目的地": "沈阳",
      "航班类型": "国内航班",
      "航班日期": "2026-01-04",
      "航班代码": "SC4692/SC4721",
      "价格": "560"
    },
    {
      "出发地": "南京",
      "目的地": "沈阳",
      "航班类型": "国内航班",
      "航班日期": "2026-01-05",
      "航班代码": "NS3282",
      "价格": "300"
    },
    {
      "出发地": "南京",
      "目的地": "沈阳",
      "航班类型": "国内航班",
      "航班日期": "2026-01-07",
      "航班代码": "NS3282",
      "价格": "417"
    },
    {
      "出发地": "南京",
      "目的地": "沈阳",
      "航班类型": "国内航班",
      "航班日期": "2026-01-09",
      "航班代码": "NS3282",
      "价格": "415"
    },
    {
      "出发地": "南京",
      "目的地": "沈阳",
      "航班类型": "国内航班",
      "航班日期": "2026-01-10",
      "航班代码": "SC4692/SC4715",
      "价格": "539"
    },
    {
      "出发地": "南京",
      "目的地": "沈阳",
      "航班类型": "国内航班",
      "航班日期": "2026-01-12",
      "航班代码": "CA1504/CA1651",
      "价格": "499"
    },
    {
      "出发地": "南京",
      "目的地": "沈阳",
      "航班类型": "国内航班",
      "航班日期": "2026-01-15",
      "航班代码": "HO1713",
      "价格": "670"
    },
    {
      "出发地": "南京",
      "目的地": "沈阳",
      "航班类型": "国内航班",
      "航班日期": "2026-01-16",
      "航班代码": "MU792/MU2183",
      "价格": "600"
    },
    {
      "出发地": "南京",
      "目的地": "沈阳",
      "航班类型": "国内航班",
      "航班日期": "2026-01-17",
      "航班代码": "HO1713",
      "价格": "590"
    },
    {
      "出发地": "南京",
      "目的地": "沈阳",
      "航班类型": "国内航班",
      "航班日期": "2026-01-19",
      "航班代码": "CA1504/CA1651",
      "价格": "509"
    },
    {
      "出发地": "南京",
      "目的地": "沈阳",
      "航班类型": "国内航班",
      "航班日期": "2026-01-20",
      "航班代码": "CA1504/CA1651",
      "价格": "516"
    },
    {
      "出发地": "南京",
      "目的地": "沈阳",
      "航班类型": "国内航班",
      "航班日期": "2026-01-21",
      "航班代码": "CA1504/CA1651",
      "价格": "513"
    },
    {
      "出发地": "南京",
      "目的地": "沈阳",
      "航班类型": "国内航班",
      "航班日期": "2026-01-22",
      "航班代码": "NS3282",
      "价格": "400"
    },
    {
      "出发地": "南京",
      "目的地": "沈阳",
      "航班类型": "国内航班",
      "航班日期": "2026-01-25",
      "航班代码": "9C7758",
      "价格": "780"
    },
    {
      "出发地": "南京",
      "目的地": "沈阳",
      "航班类型": "国内航班",
      "航班日期": "2026-01-26",
      "航班代码": "CZ5136",
      "价格": "624"
    },
    {
      "出发地": "南京",
      "目的地": "沈阳",
      "航班类型": "国内航班",
      "航班日期": "2026-01-28",
      "航班代码": "SC4692/QW9779",
      "价格": "788"
    },
    {
      "出发地": "南京",
      "目的地": "沈阳",
      "航班类型": "国内航班",
      "航班日期": "2026-01-29",
      "航班代码": "MU852/MU2183",
      "价格": "590"
    },
    {
      "出发地": "南京",
      "目的地": "沈阳",
      "航班类型": "国内航班",
      "航班日期": "2026-01-30",
      "航班代码": "MU2827",
      "价格": "667"
    },
    {
      "出发地": "南京",
      "目的地": "沈阳",
      "航班类型": "国内航班",
      "航班日期": "2026-01-31",
      "航班代码": "HO1713",
      "价格": "765"
    },
    {
      "出发地": "南京",
      "目的地": "沈阳",
      "航班类型": "国内航班",
      "航班日期": "2026-02-01",
      "航班代码": "HO1713",
      "价格": "765"
    },
    {
      "出发地": "南京",
      "目的地": "沈阳",
      "航班类型": "国内航班",
      "航班日期": "2026-02-02",
      "航班代码": "HO1713",
      "价格": "761"
    },
    {
      "出发地": "南京",
      "目的地": "沈阳",
      "航班类型": "国内航班",
      "航班日期": "2026-02-05",
      "航班代码": "GS7416/GJ8375",
      "价格": "1455"
    },
    {
      "出发地": "南京",
      "目的地": "沈阳",
      "航班类型": "国内航班",
      "航班日期": "2026-02-07",
      "航班代码": "HO1713",
      "价格": "1000"
    },
    {
      "出发地": "南京",
      "目的地": "沈阳",
      "航班类型": "国内航班",
      "航班日期": "2026-02-10",
      "航班代码": "HO1713",
      "价格": "1160"
    },
    {
      "出发地": "南京",
      "目的地": "沈阳",
      "航班类型": "国内航班",
      "航班日期": "2026-02-11",
      "航班代码": "HO1713",
      "价格": "1160"
    },
    {
      "出发地": "南京",
      "目的地": "沈阳",
      "航班类型": "国内航班",
      "航班日期": "2026-02-13",
      "航班代码": "9C7758",
      "价格": "1630"
    },
    {
      "出发地": "南京",
      "目的地": "沈阳",
      "航班类型": "国内航班",
      "航班日期": "2026-02-14",
      "航班代码": "HO1713",
      "价格": "1640"
    },
    {
      "出发地": "南京",
      "目的地": "沈阳",
      "航班类型": "国内航班",
      "航班日期": "2026-02-15",
      "航班代码": "GS7416/GJ8375",
      "价格": "1311"
    },
    {
      "出发地": "南京",
      "目的地": "沈阳",
      "航班类型": "国内航班",
      "航班日期": "2026-02-16",
      "航班代码": "CZ6361",
      "价格": "840"
    },
    {
      "出发地": "南京",
      "目的地": "沈阳",
      "航班类型": "国内航班",
      "航班日期": "2026-02-17",
      "航班代码": "HO1713",
      "价格": "750"
    },
    {
      "出发地": "南京",
      "目的地": "沈阳",
      "航班类型": "国内航班",
      "航班日期": "2026-02-18",
      "航班代码": "CZ5136",
      "价格": "771"
    },
    {
      "出发地": "南京",
      "目的地": "沈阳",
      "航班类型": "国内航班",
      "航班日期": "2026-06-19",
      "航班代码": "CZ6452",
      "价格": "1640"
    }
  ]
}