{
  "查询条件": {
    "出发地": "南京",
    "目的地": "重庆"
  },
  "航班数量": 47,
  "航班列表": [
    {
      "出发地": "南京",
      "目的地": "重庆",
      "航班类型": "国内航班",
      "航班日期": "2025-12-16",
      "航班代码": "CA4558",
      "价格": "270"
    },
    {
      "出发地": "南京",
      "目的地": "重庆",
      "航班类型": "国内航班",
      "航班日期": "2025-12-17",
      "航班代码": "MU2835",
      "价格": "230"
    },
    {
      "出发地": "南京",
      "目的地": "重庆",
      "航班类型": "国内航班",
      "航班日期": "2025-12-18",
      "航班代码": "G54481N",
      "价格": "210"
    },
    {
      "出发地": "南京",
      "目的地": "重庆",
      "航班类型": "国内航班",
      "航班日期": "2025-12-19",
      "航班代码": "ZH9591",
      "价格": "380"
    },
    {
      "出发地": "南京",
      "目的地": "重庆",
      "航班类型": "国内航班",
      "航班日期": "2025-12-20",
      "航班代码": "MU2835",
      "价格": "299"
    },
    {
      "出发地": "南京",
      "目的地": "重庆",
      "航班类型": "国内航班",
      "航班日期": "2025-12-21",
      "航班代码": "CA4558",
      "价格": "370"
    },
    {
      "出发地": "南京",
      "目的地": "重庆",
      "航班类型": "国内航班",
      "航班日期": "2025-12-22",
      "航班代码": "HO5284",
      "价格": "250"
    },
    {
      "出发地": "南京",
      "目的地": "重庆",
      "航班类型": "国内航班",
      "航班日期": "2025-12-23",
      "航班代码": "MF5400",
      "价格": "240"
    },
    {
      "出发地": "南京",
      "目的地": "重庆",
      "航班类型": "国内航班",
      "航班日期": "2025-12-24",
      "航班代码": "ZH9591",
      "价格": "250"
    },
    {
      "出发地": "南京",
      "目的地": "重庆",
      "航班类型": "国内航班",
      "航班日期": "2025-12-25",
      "航班代码": "CA4558",
      "价格": "250"
    },
    {
      "出发地": "南京",
      "目的地": "重庆",
      "航班类型": "国内航班",
      "航班日期": "2025-12-26",
      "航班代码": "MU2663",
      "价格": "380"
    },
    {
      "出发地": "南京",
      "目的地": "重庆",
      "航班类型": "国内航班",
      "航班日期": "2025-12-27",
      "航班代码": "MU2845",
      "价格": "330"
    },
    {
      "出发地": "南京",
      "目的地": "重庆",
      "航班类型": "国内航班",
      "航班日期": "2025-12-28",
      "航班代码": "ZH9591",
      "价格": "270"
    },
    {
      "出发地": "南京",
      "目的地": "重庆",
      "航班类型": "国内航班",
      "航班日期": "2025-12-29",
      "航班代码": "MF5398",
      "价格": "350"
    },
    {
      "出发地": "南京",
      "目的地": "重庆",
      "航班类型": "国内航班",
      "航班日期": "2025-12-30",
      "航班代码": "MU2925",
      "价格": "380"
    },
    {
      "出发地": "南京",
      "目的地": "重庆",
      "航班类型": "国内航班",
      "航班日期": "2025-12-31",
      "航班代码": "MU2881/MU5439",
      "价格": "390"
    },
    {
      "出发地": "南京",
      "目的地": "重庆",
      "航班类型": "国内航班",
      "航班日期": "2026-01-01",
      "航班代码": "MU2835",
      "价格": "230"
    },
    {
      "出发地": "南京",
      "目的地": "重庆",
      "航班类型": "国内航班",
      "航班日期": "2026-01-02",
      "航班代码": "MU2845",
      "价格": "300"
    },
    {
      "出发地": "南京",
      "目的地": "重庆",
      "航班类型": "国内航班",
      "航班日期": "2026-01-03",
      "航班代码": "MU2925",
      "价格": "398"
    },
    {
      "出发地": "南京",
      "目的地": "重庆",
      "航班类型": "国内航班",
      "航班日期": "2026-01-04",
      "航班代码": "MF5400",
      "价格": "350"
    },
    {
      "出发地": "南京",
      "目的地": "重庆",
      "航班类型": "国内航班",
      "航班日期": "2026-01-05",
      "航班代码": "3U8046",
      "价格": "370"
    },
    {
      "出发地": "南京",
      "目的地": "重庆",
      "航班类型": "国内航班",
      "航班日期": "2026-01-06",
      "航班代码": "MU2925",
      "价格": "398"
    },
    {
      "出发地": "南京",
      "目的地": "重庆",
      "航班类型": "国内航班",
      "航班日期": "2026-01-07",
      "航班代码": "MU2925",
      "价格": "398"
    },
    {
      "出发地": "南京",
      "目的地": "重庆",
      "航班类型": "国内航班",
      "航班日期": "2026-01-08",
      "航班代码": "MU2881/MU5439",
      "价格": "388"
    },
    {
      "出发地": "南京",
      "目的地": "重庆",
      "航班类型": "国内航班",
      "航班日期": "2026-01-09",
      "航班代码": "MU2881/MU5439",
      "价格": "398"
    },
    {
      "出发地": "南京",
      "目的地": "重庆",
      "航班类型": "国内航班",
      "航班日期": "2026-01-14",
      "航班代码": "MU2881/MU5439",
      "价格": "390"
    },
    {
      "出发地": "南京",
      "目的地": "重庆",
      "航班类型": "国内航班",
      "航班日期": "2026-01-15",
      "航班代码": "MU2881/MU5439",
      "价格": "388"
    },
    {
      "出发地": "南京",
      "目的地": "重庆",
      "航班类型": "国内航班",
      "航班日期": "2026-01-17",
      "航班代码": "MU2881/MU5439",
      "价格": "390"
    },
    {
      "出发地": "南京",
      "目的地": "重庆",
      "航班类型": "国内航班",
      "航班日期": "2026-01-18",
      "航班代码": "MU2925",
      "价格": "380"
    },
    {
      "出发地": "南京",
      "目的地": "重庆",
      "航班类型": "国内航班",
      "航班日期": "2026-01-19",
      "航班代码": "MU2881/MU5439",
      "价格": "398"
    },
    {
      "出发地": "南京",
      "目的地": "重庆",
      "航班类型": "国内航班",
      "航班日期": "2026-01-20",
      "航班代码": "MU2881/MU5439",
      "价格": "398"
    },
    {
      "出发地": "南京",
      "目的地": "重庆",
      "航班类型": "国内航班",
      "航班日期": "2026-01-21",
      "航班代码": "PN6260",
      "价格": "430"
    },
    {
      "出发地": "南京",
      "目的地": "重庆",
      "航班类型": "国内航班",
      "航班日期": "2026-01-25",
      "航班代码": "CA1504/CA1437",
      "价格": "499"
    },
    {
      "出发地": "南京",
      "目的地": "重庆",
      "航班类型": "国内航班",
      "航班日期": "2026-02-05",
      "航班代码": "CA1504/CA1429",
      "价格": "749"
    },
    {
      "出发地": "南京",
      "目的地": "重庆",
      "航班类型": "国内航班",
      "航班日期": "2026-02-06",
      "航班代码": "ZH5170",
      "价格": "830"
    },
    {
      "出发地": "南京",
      "目的地": "重庆",
      "航班类型": "国内航班",
      "航班日期": "2026-02-07",
      "航班代码": "CA1504/CA1437",
      "价格": "750"
    },
    {
      "出发地": "南京",
      "目的地": "重庆",
      "航班类型": "国内航班",
      "航班日期": "2026-02-09",
      "航班代码": "MF7832",
      "价格": "990"
    },
    {
      "出发地": "南京",
      "目的地": "重庆",
      "航班类型": "国内航班",
      "航班日期": "2026-02-10",
      "航班代码": "MU2881/MU5439",
      "价格": "1320"
    },
    {
      "出发地": "南京",
      "目的地": "重庆",
      "航班类型": "国内航班",
      "航班日期": "2026-02-13",
      "航班代码": "PN6260",
      "价格": "1350"
    },
    {
      "出发地": "南京",
      "目的地": "重庆",
      "航班类型": "国内航班",
      "航班日期": "2026-02-14",
      "航班代码": "PN6260",
      "价格": "1350"
    },
    {
      "出发地": "南京",
      "目的地": "重庆",
      "航班类型": "国内航班",
      "航班日期": "2026-02-15",
      "航班代码": "PN6260",
      "价格": "960"
    },
    {
      "出发地": "南京",
      "目的地": "重庆",
      "航班类型": "国内航班",
      "航班日期": "2026-02-16",
      "航班代码": "PN6260",
      "价格": "750"
    },
    {
      "出发地": "南京",
      "目的地": "重庆",
      "航班类型": "国内航班",
      "航班日期": "2026-02-17",
      "航班代码": "PN6260",
      "价格": "680"
    },
    {
      "出发地": "南京",
      "目的地": "重庆",
      "航班类型": "国内航班",
      "航班日期": "2026-02-18",
      "航班代码": "PN6260",
      "价格": "610"
    },
    {
      "出发地": "南京",
      "目的地": "重庆",
      "航班类型": "国内航班",
      "航班日期": "2026-02-19",
      "航班代码": "CA1562/CA1431",
      "价格": "500"
    },
    {
      "出发地": "南京",
      "目的地": "重庆",
      "航班类型": "国内航班",
      "航班日期": "2026-02-21",
      "航班代码": "CA1848/CA4142",
      "价格": "500"
    },
    {
      "出发地": "南京",
      "目的地": "重庆",
      "航班类型": "国内航班",
      "航班日期": "2026-02-22",
      "航班代码": "CA1818/CA1409",
      "价格": "500"
    }
  ]
}