{
  "查询条件": {
    "出发地": "南京",
    "目的地": "昆明"
  },
  "航班数量": 76,
  "航班列表": [
    {
      "出发地": "南京",
      "目的地": "昆明",
      "航班类型": "国内航班",
      "航班日期": "2025-12-16",
      "航班代码": "G54303H",
      "价格": "380"
    },
    {
      "出发地": "南京",
      "目的地": "昆明",
      "航班类型": "国内航班",
      "航班日期": "2025-12-17",
      "航班代码": "8L9572",
      "价格": "350"
    },
    {
      "出发地": "南京",
      "目的地": "昆明",
      "航班类型": "国内航班",
      "航班日期": "2025-12-18",
      "航班代码": "KY8226",
      "价格": "355"
    },
    {
      "出发地": "南京",
      "目的地": "昆明",
      "航班类型": "国内航班",
      "航班日期": "2025-12-19",
      "航班代码": "MU2895/MU2264",
      "价格": "516"
    },
    {
      "出发地": "南京",
      "目的地": "昆明",
      "航班类型": "国内航班",
      "航班日期": "2025-12-20",
      "航班代码": "MU2881/MU5818",
      "价格": "390"
    },
    {
      "出发地": "南京",
      "目的地": "昆明",
      "航班类型": "国内航班",
      "航班日期": "2025-12-21",
      "航班代码": "MU2881/MU748",
      "价格": "390"
    },
    {
      "出发地": "南京",
      "目的地": "昆明",
      "航班类型": "国内航班",
      "航班日期": "2025-12-22",
      "航班代码": "MU2881/MU8487",
      "价格": "398"
    },
    {
      "出发地": "南京",
      "目的地": "昆明",
      "航班类型": "国内航班",
      "航班日期": "2025-12-23",
      "航班代码": "G54250/8L9722",
      "价格": "440"
    },
    {
      "出发地": "南京",
      "目的地": "昆明",
      "航班类型": "国内航班",
      "航班日期": "2025-12-24",
      "航班代码": "MU2881/MU8487",
      "价格": "400"
    },
    {
      "出发地": "南京",
      "目的地": "昆明",
      "航班类型": "国内航班",
      "航班日期": "2025-12-25",
      "航班代码": "MU2881/FM9429",
      "价格": "398"
    },
    {
      "出发地": "南京",
      "目的地": "昆明",
      "航班类型": "国内航班",
      "航班日期": "2025-12-26",
      "航班代码": "MU2881/MU8487",
      "价格": "400"
    },
    {
      "出发地": "南京",
      "目的地": "昆明",
      "航班类型": "国内航班",
      "航班日期": "2025-12-27",
      "航班代码": "G54250/8L9722",
      "价格": "440"
    },
    {
      "出发地": "南京",
      "目的地": "昆明",
      "航班类型": "国内航班",
      "航班日期": "2025-12-28",
      "航班代码": "MU2881/MU748",
      "价格": "390"
    },
    {
      "出发地": "南京",
      "目的地": "昆明",
      "航班类型": "国内航班",
      "航班日期": "2025-12-29",
      "航班代码": "MU2881/MU5437",
      "价格": "390"
    },
    {
      "出发地": "南京",
      "目的地": "昆明",
      "航班类型": "国内航班",
      "航班日期": "2025-12-30",
      "航班代码": "MU2881/MU5437",
      "价格": "390"
    },
    {
      "出发地": "南京",
      "目的地": "昆明",
      "航班类型": "国内航班",
      "航班日期": "2025-12-31",
      "航班代码": "MU2865/MU5846",
      "价格": "550"
    },
    {
      "出发地": "南京",
      "目的地": "昆明",
      "航班类型": "国内航班",
      "航班日期": "2026-01-01",
      "航班代码": "KY8226",
      "价格": "475"
    },
    {
      "出发地": "南京",
      "目的地": "昆明",
      "航班类型": "国内航班",
      "航班日期": "2026-01-02",
      "航班代码": "8L9572",
      "价格": "500"
    },
    {
      "出发地": "南京",
      "目的地": "昆明",
      "航班类型": "国内航班",
      "航班日期": "2026-01-03",
      "航班代码": "MU2881/MU8487",
      "价格": "400"
    },
    {
      "出发地": "南京",
      "目的地": "昆明",
      "航班类型": "国内航班",
      "航班日期": "2026-01-04",
      "航班代码": "KY8232",
      "价格": "468"
    },
    {
      "出发地": "南京",
      "目的地": "昆明",
      "航班类型": "国内航班",
      "航班日期": "2026-01-05",
      "航班代码": "KN2820/KN2837",
      "价格": "417"
    },
    {
      "出发地": "南京",
      "目的地": "昆明",
      "航班类型": "国内航班",
      "航班日期": "2026-01-07",
      "航班代码": "MU2753/MU5323",
      "价格": "514"
    },
    {
      "出发地": "南京",
      "目的地": "昆明",
      "航班类型": "国内航班",
      "航班日期": "2026-01-08",
      "航班代码": "KN2820/KN2837",
      "价格": "399"
    },
    {
      "出发地": "南京",
      "目的地": "昆明",
      "航班类型": "国内航班",
      "航班日期": "2026-01-09",
      "航班代码": "MF8506/A67150",
      "价格": "546"
    },
    {
      "出发地": "南京",
      "目的地": "昆明",
      "航班类型": "国内航班",
      "航班日期": "2026-01-10",
      "航班代码": "KN2820/KN2837",
      "价格": "400"
    },
    {
      "出发地": "南京",
      "目的地": "昆明",
      "航班类型": "国内航班",
      "航班日期": "2026-01-11",
      "航班代码": "MU2881/MU748",
      "价格": "400"
    },
    {
      "出发地": "南京",
      "目的地": "昆明",
      "航班类型": "国内航班",
      "航班日期": "2026-01-12",
      "航班代码": "MU2805/MU5848",
      "价格": "550"
    },
    {
      "出发地": "南京",
      "目的地": "昆明",
      "航班类型": "国内航班",
      "航班日期": "2026-01-13",
      "航班代码": "TV8060",
      "价格": "540"
    },
    {
      "出发地": "南京",
      "目的地": "昆明",
      "航班类型": "国内航班",
      "航班日期": "2026-01-14",
      "航班代码": "MU2881/MU5818",
      "价格": "408"
    },
    {
      "出发地": "南京",
      "目的地": "昆明",
      "航班类型": "国内航班",
      "航班日期": "2026-01-15",
      "航班代码": "TV8060",
      "价格": "540"
    },
    {
      "出发地": "南京",
      "目的地": "昆明",
      "航班类型": "国内航班",
      "航班日期": "2026-01-16",
      "航班代码": "ZH8575/A67150",
      "价格": "539"
    },
    {
      "出发地": "南京",
      "目的地": "昆明",
      "航班类型": "国内航班",
      "航班日期": "2026-01-17",
      "航班代码": "MU2881/MU748",
      "价格": "400"
    },
    {
      "出发地": "南京",
      "目的地": "昆明",
      "航班类型": "国内航班",
      "航班日期": "2026-01-18",
      "航班代码": "MU2753/MU5323",
      "价格": "532"
    },
    {
      "出发地": "南京",
      "目的地": "昆明",
      "航班类型": "国内航班",
      "航班日期": "2026-01-19",
      "航班代码": "MU2883/MU8461",
      "价格": "540"
    },
    {
      "出发地": "南京",
      "目的地": "昆明",
      "航班类型": "国内航班",
      "航班日期": "2026-01-20",
      "航班代码": "ZH8575/A67150",
      "价格": "599"
    },
    {
      "出发地": "南京",
      "目的地": "昆明",
      "航班类型": "国内航班",
      "航班日期": "2026-01-21",
      "航班代码": "ZH8575/A67150",
      "价格": "599"
    },
    {
      "出发地": "南京",
      "目的地": "昆明",
      "航班类型": "国内航班",
      "航班日期": "2026-01-23",
      "航班代码": "HU7792/MU5323",
      "价格": "1318"
    },
    {
      "出发地": "南京",
      "目的地": "昆明",
      "航班类型": "国内航班",
      "航班日期": "2026-01-24",
      "航班代码": "MU2835/MU5449",
      "价格": "600"
    },
    {
      "出发地": "南京",
      "目的地": "昆明",
      "航班类型": "国内航班",
      "航班日期": "2026-01-25",
      "航班代码": "MU2755",
      "价格": "657"
    },
    {
      "出发地": "南京",
      "目的地": "昆明",
      "航班类型": "国内航班",
      "航班日期": "2026-01-26",
      "航班代码": "8L9572",
      "价格": "820"
    },
    {
      "出发地": "南京",
      "目的地": "昆明",
      "航班类型": "国内航班",
      "航班日期": "2026-01-28",
      "航班代码": "MU2865/MU5842",
      "价格": "550"
    },
    {
      "出发地": "南京",
      "目的地": "昆明",
      "航班类型": "国内航班",
      "航班日期": "2026-01-29",
      "航班代码": "CA4753",
      "价格": "890"
    },
    {
      "出发地": "南京",
      "目的地": "昆明",
      "航班类型": "国内航班",
      "航班日期": "2026-01-30",
      "航班代码": "MU6942/MU5754",
      "价格": "695"
    },
    {
      "出发地": "南京",
      "目的地": "昆明",
      "航班类型": "国内航班",
      "航班日期": "2026-01-31",
      "航班代码": "MU2815/MU5846",
      "价格": "845"
    },
    {
      "出发地": "南京",
      "目的地": "昆明",
      "航班类型": "国内航班",
      "航班日期": "2026-02-01",
      "航班代码": "9C6188/MU2449",
      "价格": "1890"
    },
    {
      "出发地": "南京",
      "目的地": "昆明",
      "航班类型": "国内航班",
      "航班日期": "2026-02-02",
      "航班代码": "9C6188/MU2449",
      "价格": "1889"
    },
    {
      "出发地": "南京",
      "目的地": "昆明",
      "航班类型": "国内航班",
      "航班日期": "2026-02-03",
      "航班代码": "8L9572",
      "价格": "1040"
    },
    {
      "出发地": "南京",
      "目的地": "昆明",
      "航班类型": "国内航班",
      "航班日期": "2026-02-04",
      "航班代码": "8L9572",
      "价格": "1040"
    },
    {
      "出发地": "南京",
      "目的地": "昆明",
      "航班类型": "国内航班",
      "航班日期": "2026-02-05",
      "航班代码": "ZH8575/A67152",
      "价格": "1049"
    },
    {
      "出发地": "南京",
      "目的地": "昆明",
      "航班类型": "国内航班",
      "航班日期": "2026-02-06",
      "航班代码": "8L9572",
      "价格": "1170"
    },
    {
      "出发地": "南京",
      "目的地": "昆明",
      "航班类型": "国内航班",
      "航班日期": "2026-02-07",
      "航班代码": "ZH8575/A67152",
      "价格": "1178"
    },
    {
      "出发地": "南京",
      "目的地": "昆明",
      "航班类型": "国内航班",
      "航班日期": "2026-02-08",
      "航班代码": "8L9572",
      "价格": "1300"
    },
    {
      "出发地": "南京",
      "目的地": "昆明",
      "航班类型": "国内航班",
      "航班日期": "2026-02-09",
      "航班代码": "ZH8575/A67152",
      "价格": "1338"
    },
    {
      "出发地": "南京",
      "目的地": "昆明",
      "航班类型": "国内航班",
      "航班日期": "2026-02-10",
      "航班代码": "SC9103/A67150",
      "价格": "1377"
    },
    {
      "出发地": "南京",
      "目的地": "昆明",
      "航班类型": "国内航班",
      "航班日期": "2026-02-11",
      "航班代码": "8L9572",
      "价格": "1470"
    },
    {
      "出发地": "南京",
      "目的地": "昆明",
      "航班类型": "国内航班",
      "航班日期": "2026-02-12",
      "航班代码": "3U4551",
      "价格": "1530"
    },
    {
      "出发地": "南京",
      "目的地": "昆明",
      "航班类型": "国内航班",
      "航班日期": "2026-02-13",
      "航班代码": "3U4551",
      "价格": "1640"
    },
    {
      "出发地": "南京",
      "目的地": "昆明",
      "航班类型": "国内航班",
      "航班日期": "2026-02-14",
      "航班代码": "MF8506/DR6534",
      "价格": "1516"
    },
    {
      "出发地": "南京",
      "目的地": "昆明",
      "航班类型": "国内航班",
      "航班日期": "2026-02-15",
      "航班代码": "MF8506/DR6534",
      "价格": "1445"
    },
    {
      "出发地": "南京",
      "目的地": "昆明",
      "航班类型": "国内航班",
      "航班日期": "2026-02-16",
      "航班代码": "HU7792/A67150",
      "价格": "1160"
    },
    {
      "出发地": "南京",
      "目的地": "昆明",
      "航班类型": "国内航班",
      "航班日期": "2026-02-17",
      "航班代码": "HU7792/A67150",
      "价格": "1228"
    },
    {
      "出发地": "南京",
      "目的地": "昆明",
      "航班类型": "国内航班",
      "航班日期": "2026-02-18",
      "航班代码": "ZH8575/A67152",
      "价格": "1008"
    },
    {
      "出发地": "南京",
      "目的地": "昆明",
      "航班类型": "国内航班",
      "航班日期": "2026-02-19",
      "航班代码": "A67706",
      "价格": "900"
    },
    {
      "出发地": "南京",
      "目的地": "昆明",
      "航班类型": "国内航班",
      "航班日期": "2026-02-20",
      "航班代码": "8L9572",
      "价格": "1040"
    },
    {
      "出发地": "南京",
      "目的地": "昆明",
      "航班类型": "国内航班",
      "航班日期": "2026-02-21",
      "航班代码": "A67706",
      "价格": "1070"
    },
    {
      "出发地": "南京",
      "目的地": "昆明",
      "航班类型": "国内航班",
      "航班日期": "2026-02-22",
      "航班代码": "MU2881/MU5281",
      "价格": "640"
    },
    {
      "出发地": "南京",
      "目的地": "昆明",
      "航班类型": "国内航班",
      "航班日期": "2026-02-23",
      "航班代码": "MU2881/MU8487",
      "价格": "640"
    },
    {
      "出发地": "南京",
      "目的地": "昆明",
      "航班类型": "国内航班",
      "航班日期": "2026-02-24",
      "航班代码": "HU7792/FM9479",
      "价格": "1964"
    },
    {
      "出发地": "南京",
      "目的地": "昆明",
      "航班类型": "国内航班",
      "航班日期": "2026-02-26",
      "航班代码": "A67706",
      "价格": "500"
    },
    {
      "出发地": "南京",
      "目的地": "昆明",
      "航班类型": "国内航班",
      "航班日期": "2026-02-28",
      "航班代码": "A67706",
      "价格": "330"
    },
    {
      "出发地": "南京",
      "目的地": "昆明",
      "航班类型": "国内航班",
      "航班日期": "2026-03-01",
      "航班代码": "A67706",
      "价格": "347"
    },
    {
      "出发地": "南京",
      "目的地": "昆明",
      "航班类型": "国内航班",
      "航班日期": "2026-03-04",
      "航班代码": "A67706",
      "价格": "343"
    },
    {
      "出发地": "南京",
      "目的地": "昆明",
      "航班类型": "国内航班",
      "航班日期": "2026-03-05",
      "航班代码": "A67706",
      "价格": "344"
    },
    {
      "出发地": "南京",
      "目的地": "昆明",
      "航班类型": "国内航班",
      "航班日期": "2026-03-06",
      "航班代码": "A67706",
      "价格": "347"
    },
    {
      "出发地": "南京",
      "目的地": "昆明",
      "航班类型": "国内航班",
      "航班日期": "2026-03-21",
      "航班代码": "KN2820/KN2837",
      "价格": "399"
    },
    {
      "出发地": "南京",
      "目的地": "昆明",
      "航班类型": "国内航班",
      "航班日期": "2026-06-18",
      "航班代码": "MU5878",
      "价格": "1494"
    }
  ]
}