{
  "查询条件": {
    "出发地": "南京",
    "目的地": "成都"
  },
  "航班数量": 56,
  "航班列表": [
    {
      "出发地": "南京",
      "目的地": "成都",
      "航班类型": "国内航班",
      "航班日期": "2025-12-16",
      "航班代码": "G54250",
      "价格": "240"
    },
    {
      "出发地": "南京",
      "目的地": "成都",
      "航班类型": "国内航班",
      "航班日期": "2025-12-17",
      "航班代码": "MF8560/MF8431",
      "价格": "370"
    },
    {
      "出发地": "南京",
      "目的地": "成都",
      "航班类型": "国内航班",
      "航班日期": "2025-12-18",
      "航班代码": "G54250",
      "价格": "240"
    },
    {
      "出发地": "南京",
      "目的地": "成都",
      "航班类型": "国内航班",
      "航班日期": "2025-12-19",
      "航班代码": "SC9467",
      "价格": "310"
    },
    {
      "出发地": "南京",
      "目的地": "成都",
      "航班类型": "国内航班",
      "航班日期": "2025-12-20",
      "航班代码": "MU2881/MU5411",
      "价格": "398"
    },
    {
      "出发地": "南京",
      "目的地": "成都",
      "航班类型": "国内航班",
      "航班日期": "2025-12-21",
      "航班代码": "HO1681",
      "价格": "270"
    },
    {
      "出发地": "南京",
      "目的地": "成都",
      "航班类型": "国内航班",
      "航班日期": "2025-12-22",
      "航班代码": "MU2881/MU5411",
      "价格": "390"
    },
    {
      "出发地": "南京",
      "目的地": "成都",
      "航班类型": "国内航班",
      "航班日期": "2025-12-23",
      "航班代码": "MU2881/MU5411",
      "价格": "390"
    },
    {
      "出发地": "南京",
      "目的地": "成都",
      "航班类型": "国内航班",
      "航班日期": "2025-12-24",
      "航班代码": "MU2881/MU5405",
      "价格": "390"
    },
    {
      "出发地": "南京",
      "目的地": "成都",
      "航班类型": "国内航班",
      "航班日期": "2025-12-25",
      "航班代码": "G54250",
      "价格": "240"
    },
    {
      "出发地": "南京",
      "目的地": "成都",
      "航班类型": "国内航班",
      "航班日期": "2025-12-26",
      "航班代码": "MU2881/MU5407",
      "价格": "388"
    },
    {
      "出发地": "南京",
      "目的地": "成都",
      "航班类型": "国内航班",
      "航班日期": "2025-12-27",
      "航班代码": "G54250",
      "价格": "240"
    },
    {
      "出发地": "南京",
      "目的地": "成都",
      "航班类型": "国内航班",
      "航班日期": "2025-12-28",
      "航班代码": "MU2881/MU5411",
      "价格": "388"
    },
    {
      "出发地": "南京",
      "目的地": "成都",
      "航班类型": "国内航班",
      "航班日期": "2025-12-29",
      "航班代码": "MU2881/MU5441",
      "价格": "388"
    },
    {
      "出发地": "南京",
      "目的地": "成都",
      "航班类型": "国内航班",
      "航班日期": "2025-12-30",
      "航班代码": "MU2881/MU5407",
      "价格": "388"
    },
    {
      "出发地": "南京",
      "目的地": "成都",
      "航班类型": "国内航班",
      "航班日期": "2025-12-31",
      "航班代码": "JD5761/9C7535",
      "价格": "567"
    },
    {
      "出发地": "南京",
      "目的地": "成都",
      "航班类型": "国内航班",
      "航班日期": "2026-01-01",
      "航班代码": "MU2881/MU5407",
      "价格": "390"
    },
    {
      "出发地": "南京",
      "目的地": "成都",
      "航班类型": "国内航班",
      "航班日期": "2026-01-02",
      "航班代码": "SC5576",
      "价格": "430"
    },
    {
      "出发地": "南京",
      "目的地": "成都",
      "航班类型": "国内航班",
      "航班日期": "2026-01-03",
      "航班代码": "CA1820/CA4114",
      "价格": "495"
    },
    {
      "出发地": "南京",
      "目的地": "成都",
      "航班类型": "国内航班",
      "航班日期": "2026-01-04",
      "航班代码": "MU2881/MU5411",
      "价格": "390"
    },
    {
      "出发地": "南京",
      "目的地": "成都",
      "航班类型": "国内航班",
      "航班日期": "2026-01-06",
      "航班代码": "MU2881/MU5419",
      "价格": "390"
    },
    {
      "出发地": "南京",
      "目的地": "成都",
      "航班类型": "国内航班",
      "航班日期": "2026-01-07",
      "航班代码": "MU2881/MU5405",
      "价格": "388"
    },
    {
      "出发地": "南京",
      "目的地": "成都",
      "航班类型": "国内航班",
      "航班日期": "2026-01-08",
      "航班代码": "MU2881/MU5407",
      "价格": "388"
    },
    {
      "出发地": "南京",
      "目的地": "成都",
      "航班类型": "国内航班",
      "航班日期": "2026-01-09",
      "航班代码": "MU2881/MU5407",
      "价格": "388"
    },
    {
      "出发地": "南京",
      "目的地": "成都",
      "航班类型": "国内航班",
      "航班日期": "2026-01-10",
      "航班代码": "MU2881/MU5407",
      "价格": "388"
    },
    {
      "出发地": "南京",
      "目的地": "成都",
      "航班类型": "国内航班",
      "航班日期": "2026-01-13",
      "航班代码": "MU2881/MU5407",
      "价格": "388"
    },
    {
      "出发地": "南京",
      "目的地": "成都",
      "航班类型": "国内航班",
      "航班日期": "2026-01-14",
      "航班代码": "MU2881/MU5405",
      "价格": "388"
    },
    {
      "出发地": "南京",
      "目的地": "成都",
      "航班类型": "国内航班",
      "航班日期": "2026-01-15",
      "航班代码": "MU2881/MU5407",
      "价格": "398"
    },
    {
      "出发地": "南京",
      "目的地": "成都",
      "航班类型": "国内航班",
      "航班日期": "2026-01-16",
      "航班代码": "MU2881/MU5407",
      "价格": "388"
    },
    {
      "出发地": "南京",
      "目的地": "成都",
      "航班类型": "国内航班",
      "航班日期": "2026-01-20",
      "航班代码": "MU2881/MU5407",
      "价格": "390"
    },
    {
      "出发地": "南京",
      "目的地": "成都",
      "航班类型": "国内航班",
      "航班日期": "2026-01-22",
      "航班代码": "SC9467",
      "价格": "587"
    },
    {
      "出发地": "南京",
      "目的地": "成都",
      "航班类型": "国内航班",
      "航班日期": "2026-01-23",
      "航班代码": "MU2881/MU5441",
      "价格": "390"
    },
    {
      "出发地": "南京",
      "目的地": "成都",
      "航班类型": "国内航班",
      "航班日期": "2026-01-24",
      "航班代码": "MU2881/MU5441",
      "价格": "390"
    },
    {
      "出发地": "南京",
      "目的地": "成都",
      "航班类型": "国内航班",
      "航班日期": "2026-01-25",
      "航班代码": "MU2881/MU5441",
      "价格": "390"
    },
    {
      "出发地": "南京",
      "目的地": "成都",
      "航班类型": "国内航班",
      "航班日期": "2026-01-26",
      "航班代码": "MU2881/MU5419",
      "价格": "390"
    },
    {
      "出发地": "南京",
      "目的地": "成都",
      "航班类型": "国内航班",
      "航班日期": "2026-01-28",
      "航班代码": "CA1848/CA1425",
      "价格": "495"
    },
    {
      "出发地": "南京",
      "目的地": "成都",
      "航班类型": "国内航班",
      "航班日期": "2026-01-31",
      "航班代码": "ZH9561",
      "价格": "570"
    },
    {
      "出发地": "南京",
      "目的地": "成都",
      "航班类型": "国内航班",
      "航班日期": "2026-02-01",
      "航班代码": "CA1820/CA4102",
      "价格": "799"
    },
    {
      "出发地": "南京",
      "目的地": "成都",
      "航班类型": "国内航班",
      "航班日期": "2026-02-03",
      "航班代码": "G54250",
      "价格": "750"
    },
    {
      "出发地": "南京",
      "目的地": "成都",
      "航班类型": "国内航班",
      "航班日期": "2026-02-06",
      "航班代码": "CA1820/CA4104",
      "价格": "799"
    },
    {
      "出发地": "南京",
      "目的地": "成都",
      "航班类型": "国内航班",
      "航班日期": "2026-02-07",
      "航班代码": "3U4198",
      "价格": "880"
    },
    {
      "出发地": "南京",
      "目的地": "成都",
      "航班类型": "国内航班",
      "航班日期": "2026-02-08",
      "航班代码": "JD5761/9C7535",
      "价格": "1279"
    },
    {
      "出发地": "南京",
      "目的地": "成都",
      "航班类型": "国内航班",
      "航班日期": "2026-02-10",
      "航班代码": "3U4198",
      "价格": "970"
    },
    {
      "出发地": "南京",
      "目的地": "成都",
      "航班类型": "国内航班",
      "航班日期": "2026-02-13",
      "航班代码": "MF5674",
      "价格": "1250"
    },
    {
      "出发地": "南京",
      "目的地": "成都",
      "航班类型": "国内航班",
      "航班日期": "2026-02-14",
      "航班代码": "HO1681",
      "价格": "1190"
    },
    {
      "出发地": "南京",
      "目的地": "成都",
      "航班类型": "国内航班",
      "航班日期": "2026-02-15",
      "航班代码": "CA1562/CA4182",
      "价格": "800"
    },
    {
      "出发地": "南京",
      "目的地": "成都",
      "航班类型": "国内航班",
      "航班日期": "2026-02-16",
      "航班代码": "CA1562/CA4118",
      "价格": "510"
    },
    {
      "出发地": "南京",
      "目的地": "成都",
      "航班类型": "国内航班",
      "航班日期": "2026-02-17",
      "航班代码": "HO1681",
      "价格": "1060"
    },
    {
      "出发地": "南京",
      "目的地": "成都",
      "航班类型": "国内航班",
      "航班日期": "2026-02-18",
      "航班代码": "CA1818/CA1407",
      "价格": "510"
    },
    {
      "出发地": "南京",
      "目的地": "成都",
      "航班类型": "国内航班",
      "航班日期": "2026-02-20",
      "航班代码": "CA1820/CA1417",
      "价格": "510"
    },
    {
      "出发地": "南京",
      "目的地": "成都",
      "航班类型": "国内航班",
      "航班日期": "2026-02-21",
      "航班代码": "CA1820/CA1417",
      "价格": "510"
    },
    {
      "出发地": "南京",
      "目的地": "成都",
      "航班类型": "国内航班",
      "航班日期": "2026-02-22",
      "航班代码": "CA1818/CA1401",
      "价格": "510"
    },
    {
      "出发地": "南京",
      "目的地": "成都",
      "航班类型": "国内航班",
      "航班日期": "2026-02-23",
      "航班代码": "MU2805",
      "价格": "647"
    },
    {
      "出发地": "南京",
      "目的地": "成都",
      "航班类型": "国内航班",
      "航班日期": "2026-02-24",
      "航班代码": "CA1820/CA1417",
      "价格": "510"
    },
    {
      "出发地": "南京",
      "目的地": "成都",
      "航班类型": "国内航班",
      "航班日期": "2026-03-11",
      "航班代码": "CA1820/CA1417",
      "价格": "510"
    },
    {
      "出发地": "南京",
      "目的地": "成都",
      "航班类型": "国内航班",
      "航班日期": "2026-09-20",
      "航班代码": "HU7792/MU6374",
      "价格": "1938"
    }
  ]
}