{
  "查询条件": {
    "出发地": "南京",
    "目的地": "西安"
  },
  "航班数量": 29,
  "航班列表": [
    {
      "出发地": "南京",
      "目的地": "西安",
      "航班类型": "国内航班",
      "航班日期": "2025-12-16",
      "航班代码": "G52706",
      "价格": "330"
    },
    {
      "出发地": "南京",
      "目的地": "西安",
      "航班类型": "国内航班",
      "航班日期": "2025-12-17",
      "航班代码": "MU792",
      "价格": "299"
    },
    {
      "出发地": "南京",
      "目的地": "西安",
      "航班类型": "国内航班",
      "航班日期": "2025-12-18",
      "航班代码": "G52706",
      "价格": "220"
    },
    {
      "出发地": "南京",
      "目的地": "西安",
      "航班类型": "国内航班",
      "航班日期": "2025-12-19",
      "航班代码": "MU9763",
      "价格": "319"
    },
    {
      "出发地": "南京",
      "目的地": "西安",
      "航班类型": "国内航班",
      "航班日期": "2025-12-20",
      "航班代码": "G52706",
      "价格": "240"
    },
    {
      "出发地": "南京",
      "目的地": "西安",
      "航班类型": "国内航班",
      "航班日期": "2025-12-21",
      "航班代码": "MU2881/MU2296",
      "价格": "388"
    },
    {
      "出发地": "南京",
      "目的地": "西安",
      "航班类型": "国内航班",
      "航班日期": "2025-12-22",
      "航班代码": "MU852",
      "价格": "279"
    },
    {
      "出发地": "南京",
      "目的地": "西安",
      "航班类型": "国内航班",
      "航班日期": "2025-12-23",
      "航班代码": "MU2881/9C8947",
      "价格": "578"
    },
    {
      "出发地": "南京",
      "目的地": "西安",
      "航班类型": "国内航班",
      "航班日期": "2025-12-25",
      "航班代码": "SC3524",
      "价格": "370"
    },
    {
      "出发地": "南京",
      "目的地": "西安",
      "航班类型": "国内航班",
      "航班日期": "2025-12-26",
      "航班代码": "MU9763",
      "价格": "378"
    },
    {
      "出发地": "南京",
      "目的地": "西安",
      "航班类型": "国内航班",
      "航班日期": "2025-12-27",
      "航班代码": "MU852",
      "价格": "319"
    },
    {
      "出发地": "南京",
      "目的地": "西安",
      "航班类型": "国内航班",
      "航班日期": "2025-12-29",
      "航班代码": "MU852",
      "价格": "360"
    },
    {
      "出发地": "南京",
      "目的地": "西安",
      "航班类型": "国内航班",
      "航班日期": "2025-12-30",
      "航班代码": "MU2795",
      "价格": "360"
    },
    {
      "出发地": "南京",
      "目的地": "西安",
      "航班类型": "国内航班",
      "航班日期": "2025-12-31",
      "航班代码": "MU2881/MU2193",
      "价格": "497"
    },
    {
      "出发地": "南京",
      "目的地": "西安",
      "航班类型": "国内航班",
      "航班日期": "2026-01-01",
      "航班代码": "MU2895",
      "价格": "468"
    },
    {
      "出发地": "南京",
      "目的地": "西安",
      "航班类型": "国内航班",
      "航班日期": "2026-01-02",
      "航班代码": "ZH8567",
      "价格": "450"
    },
    {
      "出发地": "南京",
      "目的地": "西安",
      "航班类型": "国内航班",
      "航班日期": "2026-01-03",
      "航班代码": "MU2388",
      "价格": "450"
    },
    {
      "出发地": "南京",
      "目的地": "西安",
      "航班类型": "国内航班",
      "航班日期": "2026-01-04",
      "航班代码": "MU792",
      "价格": "418"
    },
    {
      "出发地": "南京",
      "目的地": "西安",
      "航班类型": "国内航班",
      "航班日期": "2026-01-07",
      "航班代码": "MU2881/MU2296",
      "价格": "390"
    },
    {
      "出发地": "南京",
      "目的地": "西安",
      "航班类型": "国内航班",
      "航班日期": "2026-01-08",
      "航班代码": "SC3524",
      "价格": "370"
    },
    {
      "出发地": "南京",
      "目的地": "西安",
      "航班类型": "国内航班",
      "航班日期": "2026-01-09",
      "航班代码": "MU2881/MU2296",
      "价格": "390"
    },
    {
      "出发地": "南京",
      "目的地": "西安",
      "航班类型": "国内航班",
      "航班日期": "2026-01-10",
      "航班代码": "MU2881/MU2296",
      "价格": "388"
    },
    {
      "出发地": "南京",
      "目的地": "西安",
      "航班类型": "国内航班",
      "航班日期": "2026-01-18",
      "航班代码": "MU2881/MU2296",
      "价格": "390"
    },
    {
      "出发地": "南京",
      "目的地": "西安",
      "航班类型": "国内航班",
      "航班日期": "2026-01-19",
      "航班代码": "MU2881/MU2193",
      "价格": "390"
    },
    {
      "出发地": "南京",
      "目的地": "西安",
      "航班类型": "国内航班",
      "航班日期": "2026-02-12",
      "航班代码": "HO1712",
      "价格": "1090"
    },
    {
      "出发地": "南京",
      "目的地": "西安",
      "航班类型": "国内航班",
      "航班日期": "2026-02-13",
      "航班代码": "ZH8567",
      "价格": "1180"
    },
    {
      "出发地": "南京",
      "目的地": "西安",
      "航班类型": "国内航班",
      "航班日期": "2026-02-14",
      "航班代码": "ZH8567",
      "价格": "1180"
    },
    {
      "出发地": "南京",
      "目的地": "西安",
      "航班类型": "国内航班",
      "航班日期": "2026-02-18",
      "航班代码": "CA1818/CA1229",
      "价格": "510"
    },
    {
      "出发地": "南京",
      "目的地": "西安",
      "航班类型": "国内航班",
      "航班日期": "2026-02-25",
      "航班代码": "HO1712",
      "价格": "480"
    }
  ]
}