{
  "查询条件": {
    "出发地": "南京",
    "目的地": "天津"
  },
  "航班数量": 7,
  "航班列表": [
    {
      "出发地": "南京",
      "目的地": "天津",
      "航班类型": "国内航班",
      "航班日期": "2025-12-17",
      "航班代码": "MU2881/FM9111",
      "价格": "398"
    },
    {
      "出发地": "南京",
      "目的地": "天津",
      "航班类型": "国内航班",
      "航班日期": "2025-12-26",
      "航班代码": "HU7697/GS7804",
      "价格": "439"
    },
    {
      "出发地": "南京",
      "目的地": "天津",
      "航班类型": "国内航班",
      "航班日期": "2025-12-27",
      "航班代码": "MU2881/FM9119",
      "价格": "388"
    },
    {
      "出发地": "南京",
      "目的地": "天津",
      "航班类型": "国内航班",
      "航班日期": "2025-12-28",
      "航班代码": "MU2881/FM9119",
      "价格": "388"
    },
    {
      "出发地": "南京",
      "目的地": "天津",
      "航班类型": "国内航班",
      "航班日期": "2025-12-29",
      "航班代码": "HU7697/GS7804",
      "价格": "459"
    },
    {
      "出发地": "南京",
      "目的地": "天津",
      "航班类型": "国内航班",
      "航班日期": "2025-12-30",
      "航班代码": "MU2881/MU5227",
      "价格": "398"
    },
    {
      "出发地": "南京",
      "目的地": "天津",
      "航班类型": "国内航班",
      "航班日期": "2025-12-31",
      "航班代码": "MU2881/FM9119",
      "价格": "446"
    }
  ]
}