{
  "查询条件": {
    "出发地": "南京",
    "目的地": "郑州"
  },
  "航班数量": 2,
  "航班列表": [
    {
      "出发地": "南京",
      "目的地": "郑州",
      "航班类型": "国内航班",
      "航班日期": "2025-12-31",
      "航班代码": "MU2881/FM9323",
      "价格": "384"
    },
    {
      "出发地": "南京",
      "目的地": "郑州",
      "航班类型": "国内航班",
      "航班日期": "2026-01-01",
      "航班代码": "MU2881/FM9323",
      "价格": "543"
    }
  ]
}