{
  "查询条件": {
    "出发地": "南京",
    "目的地": "乌鲁木齐"
  },
  "航班数量": 57,
  "航班列表": [
    {
      "出发地": "南京",
      "目的地": "乌鲁木齐",
      "航班类型": "国内航班",
      "航班日期": "2025-12-16",
      "航班代码": "PN6260/PN6497",
      "价格": "520"
    },
    {
      "出发地": "南京",
      "目的地": "乌鲁木齐",
      "航班类型": "国内航班",
      "航班日期": "2025-12-17",
      "航班代码": "UQ2590",
      "价格": "420"
    },
    {
      "出发地": "南京",
      "目的地": "乌鲁木齐",
      "航班类型": "国内航班",
      "航班日期": "2025-12-18",
      "航班代码": "MU6942/MU2783",
      "价格": "514"
    },
    {
      "出发地": "南京",
      "目的地": "乌鲁木齐",
      "航班类型": "国内航班",
      "航班日期": "2025-12-19",
      "航班代码": "HU7697/HU7834",
      "价格": "460"
    },
    {
      "出发地": "南京",
      "目的地": "乌鲁木齐",
      "航班类型": "国内航班",
      "航班日期": "2025-12-20",
      "航班代码": "HU7697/HU7834",
      "价格": "460"
    },
    {
      "出发地": "南京",
      "目的地": "乌鲁木齐",
      "航班类型": "国内航班",
      "航班日期": "2025-12-21",
      "航班代码": "HU7502/HU7898",
      "价格": "460"
    },
    {
      "出发地": "南京",
      "目的地": "乌鲁木齐",
      "航班类型": "国内航班",
      "航班日期": "2025-12-22",
      "航班代码": "HU7697/HU7834",
      "价格": "460"
    },
    {
      "出发地": "南京",
      "目的地": "乌鲁木齐",
      "航班类型": "国内航班",
      "航班日期": "2025-12-23",
      "航班代码": "HU7697/HU7834",
      "价格": "460"
    },
    {
      "出发地": "南京",
      "目的地": "乌鲁木齐",
      "航班类型": "国内航班",
      "航班日期": "2025-12-24",
      "航班代码": "MU2703/MU2783",
      "价格": "489"
    },
    {
      "出发地": "南京",
      "目的地": "乌鲁木齐",
      "航班类型": "国内航班",
      "航班日期": "2025-12-25",
      "航班代码": "HU7502/HU7868",
      "价格": "600"
    },
    {
      "出发地": "南京",
      "目的地": "乌鲁木齐",
      "航班类型": "国内航班",
      "航班日期": "2025-12-26",
      "航班代码": "CA4524/CA4209",
      "价格": "600"
    },
    {
      "出发地": "南京",
      "目的地": "乌鲁木齐",
      "航班类型": "国内航班",
      "航班日期": "2025-12-27",
      "航班代码": "CA1504/CA1253",
      "价格": "599"
    },
    {
      "出发地": "南京",
      "目的地": "乌鲁木齐",
      "航班类型": "国内航班",
      "航班日期": "2025-12-28",
      "航班代码": "MU2703/MU2783",
      "价格": "499"
    },
    {
      "出发地": "南京",
      "目的地": "乌鲁木齐",
      "航班类型": "国内航班",
      "航班日期": "2025-12-29",
      "航班代码": "CA4524/CA4209",
      "价格": "600"
    },
    {
      "出发地": "南京",
      "目的地": "乌鲁木齐",
      "航班类型": "国内航班",
      "航班日期": "2025-12-30",
      "航班代码": "CA4506/CA4201",
      "价格": "600"
    },
    {
      "出发地": "南京",
      "目的地": "乌鲁木齐",
      "航班类型": "国内航班",
      "航班日期": "2025-12-31",
      "航班代码": "MU792/MU2251",
      "价格": "745"
    },
    {
      "出发地": "南京",
      "目的地": "乌鲁木齐",
      "航班类型": "国内航班",
      "航班日期": "2026-01-01",
      "航班代码": "ZH9591/ZH4391",
      "价格": "600"
    },
    {
      "出发地": "南京",
      "目的地": "乌鲁木齐",
      "航班类型": "国内航班",
      "航班日期": "2026-01-02",
      "航班代码": "HU7502/9H8329",
      "价格": "739"
    },
    {
      "出发地": "南京",
      "目的地": "乌鲁木齐",
      "航班类型": "国内航班",
      "航班日期": "2026-01-03",
      "航班代码": "HO1683/UQ2534",
      "价格": "689"
    },
    {
      "出发地": "南京",
      "目的地": "乌鲁木齐",
      "航班类型": "国内航班",
      "航班日期": "2026-01-04",
      "航班代码": "MU2815/FM9545",
      "价格": "650"
    },
    {
      "出发地": "南京",
      "目的地": "乌鲁木齐",
      "航班类型": "国内航班",
      "航班日期": "2026-01-05",
      "航班代码": "ZH9591/ZH4391",
      "价格": "600"
    },
    {
      "出发地": "南京",
      "目的地": "乌鲁木齐",
      "航班类型": "国内航班",
      "航班日期": "2026-01-07",
      "航班代码": "UQ2590",
      "价格": "630"
    },
    {
      "出发地": "南京",
      "目的地": "乌鲁木齐",
      "航班类型": "国内航班",
      "航班日期": "2026-01-09",
      "航班代码": "CA4558/CA4255",
      "价格": "594"
    },
    {
      "出发地": "南京",
      "目的地": "乌鲁木齐",
      "航班类型": "国内航班",
      "航班日期": "2026-01-11",
      "航班代码": "CA1504/CA1287",
      "价格": "718"
    },
    {
      "出发地": "南京",
      "目的地": "乌鲁木齐",
      "航班类型": "国内航班",
      "航班日期": "2026-01-12",
      "航班代码": "MU852/9H8329",
      "价格": "932"
    },
    {
      "出发地": "南京",
      "目的地": "乌鲁木齐",
      "航班类型": "国内航班",
      "航班日期": "2026-01-13",
      "航班代码": "PN6260/PN6497",
      "价格": "760"
    },
    {
      "出发地": "南京",
      "目的地": "乌鲁木齐",
      "航班类型": "国内航班",
      "航班日期": "2026-01-15",
      "航班代码": "CA1504/CA1287",
      "价格": "699"
    },
    {
      "出发地": "南京",
      "目的地": "乌鲁木齐",
      "航班类型": "国内航班",
      "航班日期": "2026-01-16",
      "航班代码": "MU2805/FM9545",
      "价格": "862"
    },
    {
      "出发地": "南京",
      "目的地": "乌鲁木齐",
      "航班类型": "国内航班",
      "航班日期": "2026-01-17",
      "航班代码": "PN6260/PN6497",
      "价格": "770"
    },
    {
      "出发地": "南京",
      "目的地": "乌鲁木齐",
      "航班类型": "国内航班",
      "航班日期": "2026-01-18",
      "航班代码": "PN6260/GS7592",
      "价格": "879"
    },
    {
      "出发地": "南京",
      "目的地": "乌鲁木齐",
      "航班类型": "国内航班",
      "航班日期": "2026-01-23",
      "航班代码": "CA1818/CA1291",
      "价格": "709"
    },
    {
      "出发地": "南京",
      "目的地": "乌鲁木齐",
      "航班类型": "国内航班",
      "航班日期": "2026-01-25",
      "航班代码": "MU2676",
      "价格": "1175"
    },
    {
      "出发地": "南京",
      "目的地": "乌鲁木齐",
      "航班类型": "国内航班",
      "航班日期": "2026-01-26",
      "航班代码": "CA1504/CA1901",
      "价格": "693"
    },
    {
      "出发地": "南京",
      "目的地": "乌鲁木齐",
      "航班类型": "国内航班",
      "航班日期": "2026-01-29",
      "航班代码": "MU2811/MU9851",
      "价格": "790"
    },
    {
      "出发地": "南京",
      "目的地": "乌鲁木齐",
      "航班类型": "国内航班",
      "航班日期": "2026-01-30",
      "航班代码": "MU2676",
      "价格": "1175"
    },
    {
      "出发地": "南京",
      "目的地": "乌鲁木齐",
      "航班类型": "国内航班",
      "航班日期": "2026-01-31",
      "航班代码": "CA1504/CA1287",
      "价格": "700"
    },
    {
      "出发地": "南京",
      "目的地": "乌鲁木齐",
      "航班类型": "国内航班",
      "航班日期": "2026-02-01",
      "航班代码": "MU2881/9C6927",
      "价格": "1845"
    },
    {
      "出发地": "南京",
      "目的地": "乌鲁木齐",
      "航班类型": "国内航班",
      "航班日期": "2026-02-06",
      "航班代码": "ZH8567/RY8939",
      "价格": "1246"
    },
    {
      "出发地": "南京",
      "目的地": "乌鲁木齐",
      "航班类型": "国内航班",
      "航班日期": "2026-02-07",
      "航班代码": "HO1712/9H8329",
      "价格": "1403"
    },
    {
      "出发地": "南京",
      "目的地": "乌鲁木齐",
      "航班类型": "国内航班",
      "航班日期": "2026-02-10",
      "航班代码": "A67705/CZ6934",
      "价格": "1730"
    },
    {
      "出发地": "南京",
      "目的地": "乌鲁木齐",
      "航班类型": "国内航班",
      "航班日期": "2026-02-11",
      "航班代码": "RY6636/CZ6976",
      "价格": "1695"
    },
    {
      "出发地": "南京",
      "目的地": "乌鲁木齐",
      "航班类型": "国内航班",
      "航班日期": "2026-02-12",
      "航班代码": "HO1712/9C8845",
      "价格": "1903"
    },
    {
      "出发地": "南京",
      "目的地": "乌鲁木齐",
      "航班类型": "国内航班",
      "航班日期": "2026-02-13",
      "航班代码": "RY6636/CZ6976",
      "价格": "1958"
    },
    {
      "出发地": "南京",
      "目的地": "乌鲁木齐",
      "航班类型": "国内航班",
      "航班日期": "2026-02-14",
      "航班代码": "UQ2596",
      "价格": "1800"
    },
    {
      "出发地": "南京",
      "目的地": "乌鲁木齐",
      "航班类型": "国内航班",
      "航班日期": "2026-02-15",
      "航班代码": "G55098",
      "价格": "1660"
    },
    {
      "出发地": "南京",
      "目的地": "乌鲁木齐",
      "航班类型": "国内航班",
      "航班日期": "2026-02-16",
      "航班代码": "UQ2590",
      "价格": "1240"
    },
    {
      "出发地": "南京",
      "目的地": "乌鲁木齐",
      "航班类型": "国内航班",
      "航班日期": "2026-02-17",
      "航班代码": "MU2743/GJ6018",
      "价格": "2025"
    },
    {
      "出发地": "南京",
      "目的地": "乌鲁木齐",
      "航班类型": "国内航班",
      "航班日期": "2026-02-18",
      "航班代码": "UQ2590",
      "价格": "1340"
    },
    {
      "出发地": "南京",
      "目的地": "乌鲁木齐",
      "航班类型": "国内航班",
      "航班日期": "2026-02-19",
      "航班代码": "MU2815/FM9545",
      "价格": "1145"
    },
    {
      "出发地": "南京",
      "目的地": "乌鲁木齐",
      "航班类型": "国内航班",
      "航班日期": "2026-02-20",
      "航班代码": "UQ2590",
      "价格": "1240"
    },
    {
      "出发地": "南京",
      "目的地": "乌鲁木齐",
      "航班类型": "国内航班",
      "航班日期": "2026-02-22",
      "航班代码": "CA1818/CA1251",
      "价格": "810"
    },
    {
      "出发地": "南京",
      "目的地": "乌鲁木齐",
      "航班类型": "国内航班",
      "航班日期": "2026-02-23",
      "航班代码": "9C6188/9C7371",
      "价格": "1829"
    },
    {
      "出发地": "南京",
      "目的地": "乌鲁木齐",
      "航班类型": "国内航班",
      "航班日期": "2026-02-25",
      "航班代码": "CA1848/CA1287",
      "价格": "713"
    },
    {
      "出发地": "南京",
      "目的地": "乌鲁木齐",
      "航班类型": "国内航班",
      "航班日期": "2026-02-28",
      "航班代码": "MU2881/FM9223",
      "价格": "2053"
    },
    {
      "出发地": "南京",
      "目的地": "乌鲁木齐",
      "航班类型": "国内航班",
      "航班日期": "2026-03-18",
      "航班代码": "CA1818/CA1291",
      "价格": "718"
    },
    {
      "出发地": "南京",
      "目的地": "乌鲁木齐",
      "航班类型": "国内航班",
      "航班日期": "2026-06-08",
      "航班代码": "MU2360/9C7371",
      "价格": "2160"
    },
    {
      "出发地": "南京",
      "目的地": "乌鲁木齐",
      "航班类型": "国内航班",
      "航班日期": "2026-07-11",
      "航班代码": "MU2881/9C8865",
      "价格": "2639"
    }
  ]
}