{
  "查询条件": {
    "出发地": "南京",
    "目的地": "济南"
  },
  "航班数量": 8,
  "航班列表": [
    {
      "出发地": "南京",
      "目的地": "济南",
      "航班类型": "国内航班",
      "航班日期": "2025-12-20",
      "航班代码": "MU852/MU9919",
      "价格": "380"
    },
    {
      "出发地": "南京",
      "目的地": "济南",
      "航班类型": "国内航班",
      "航班日期": "2025-12-21",
      "航班代码": "MU2881/MU5577",
      "价格": "414"
    },
    {
      "出发地": "南京",
      "目的地": "济南",
      "航班类型": "国内航班",
      "航班日期": "2025-12-26",
      "航班代码": "MU2795/MU9919",
      "价格": "400"
    },
    {
      "出发地": "南京",
      "目的地": "济南",
      "航班类型": "国内航班",
      "航班日期": "2025-12-27",
      "航班代码": "MU2881/MU5533",
      "价格": "384"
    },
    {
      "出发地": "南京",
      "目的地": "济南",
      "航班类型": "国内航班",
      "航班日期": "2025-12-28",
      "航班代码": "JD5052/GX8920",
      "价格": "449"
    },
    {
      "出发地": "南京",
      "目的地": "济南",
      "航班类型": "国内航班",
      "航班日期": "2025-12-29",
      "航班代码": "MU2795/MU2430",
      "价格": "500"
    },
    {
      "出发地": "南京",
      "目的地": "济南",
      "航班类型": "国内航班",
      "航班日期": "2026-01-01",
      "航班代码": "MU2881/MU5533",
      "价格": "476"
    },
    {
      "出发地": "南京",
      "目的地": "济南",
      "航班类型": "国内航班",
      "航班日期": "2026-01-08",
      "航班代码": "MU2881/MU5533",
      "价格": "384"
    }
  ]
}