{
  "查询条件": {
    "出发地": "南京",
    "目的地": "太原"
  },
  "航班数量": 33,
  "航班列表": [
    {
      "出发地": "南京",
      "目的地": "太原",
      "航班类型": "国内航班",
      "航班日期": "2025-12-16",
      "航班代码": "HO2325",
      "价格": "270"
    },
    {
      "出发地": "南京",
      "目的地": "太原",
      "航班类型": "国内航班",
      "航班日期": "2025-12-17",
      "航班代码": "MU2881/MU2401",
      "价格": "390"
    },
    {
      "出发地": "南京",
      "目的地": "太原",
      "航班类型": "国内航班",
      "航班日期": "2025-12-18",
      "航班代码": "MU6942",
      "价格": "249"
    },
    {
      "出发地": "南京",
      "目的地": "太原",
      "航班类型": "国内航班",
      "航班日期": "2025-12-19",
      "航班代码": "ZH8585",
      "价格": "320"
    },
    {
      "出发地": "南京",
      "目的地": "太原",
      "航班类型": "国内航班",
      "航班日期": "2025-12-20",
      "航班代码": "MU2881/MU2401",
      "价格": "390"
    },
    {
      "出发地": "南京",
      "目的地": "太原",
      "航班类型": "国内航班",
      "航班日期": "2025-12-21",
      "航班代码": "ZH8585",
      "价格": "250"
    },
    {
      "出发地": "南京",
      "目的地": "太原",
      "航班类型": "国内航班",
      "航班日期": "2025-12-22",
      "航班代码": "MU2881/MU2401",
      "价格": "398"
    },
    {
      "出发地": "南京",
      "目的地": "太原",
      "航班类型": "国内航班",
      "航班日期": "2025-12-23",
      "航班代码": "MU2881/MU2401",
      "价格": "388"
    },
    {
      "出发地": "南京",
      "目的地": "太原",
      "航班类型": "国内航班",
      "航班日期": "2025-12-24",
      "航班代码": "ZH8585",
      "价格": "260"
    },
    {
      "出发地": "南京",
      "目的地": "太原",
      "航班类型": "国内航班",
      "航班日期": "2025-12-25",
      "航班代码": "ZH8585",
      "价格": "260"
    },
    {
      "出发地": "南京",
      "目的地": "太原",
      "航班类型": "国内航班",
      "航班日期": "2025-12-26",
      "航班代码": "ZH8585",
      "价格": "360"
    },
    {
      "出发地": "南京",
      "目的地": "太原",
      "航班类型": "国内航班",
      "航班日期": "2025-12-27",
      "航班代码": "ZH8585",
      "价格": "260"
    },
    {
      "出发地": "南京",
      "目的地": "太原",
      "航班类型": "国内航班",
      "航班日期": "2025-12-28",
      "航班代码": "ZH8585",
      "价格": "310"
    },
    {
      "出发地": "南京",
      "目的地": "太原",
      "航班类型": "国内航班",
      "航班日期": "2025-12-29",
      "航班代码": "ZH8585",
      "价格": "310"
    },
    {
      "出发地": "南京",
      "目的地": "太原",
      "航班类型": "国内航班",
      "航班日期": "2025-12-30",
      "航班代码": "ZH8585",
      "价格": "360"
    },
    {
      "出发地": "南京",
      "目的地": "太原",
      "航班类型": "国内航班",
      "航班日期": "2025-12-31",
      "航班代码": "MU8032/MU5274",
      "价格": "445"
    },
    {
      "出发地": "南京",
      "目的地": "太原",
      "航班类型": "国内航班",
      "航班日期": "2026-01-01",
      "航班代码": "MU2881/MU5297",
      "价格": "388"
    },
    {
      "出发地": "南京",
      "目的地": "太原",
      "航班类型": "国内航班",
      "航班日期": "2026-01-02",
      "航班代码": "MU2703",
      "价格": "349"
    },
    {
      "出发地": "南京",
      "目的地": "太原",
      "航班类型": "国内航班",
      "航班日期": "2026-01-03",
      "航班代码": "HO2325",
      "价格": "530"
    },
    {
      "出发地": "南京",
      "目的地": "太原",
      "航班类型": "国内航班",
      "航班日期": "2026-01-04",
      "航班代码": "MU2703",
      "价格": "330"
    },
    {
      "出发地": "南京",
      "目的地": "太原",
      "航班类型": "国内航班",
      "航班日期": "2026-01-09",
      "航班代码": "MU2881/MU2401",
      "价格": "388"
    },
    {
      "出发地": "南京",
      "目的地": "太原",
      "航班类型": "国内航班",
      "航班日期": "2026-01-14",
      "航班代码": "MU2881/MU2401",
      "价格": "388"
    },
    {
      "出发地": "南京",
      "目的地": "太原",
      "航班类型": "国内航班",
      "航班日期": "2026-01-15",
      "航班代码": "MU2703",
      "价格": "299"
    },
    {
      "出发地": "南京",
      "目的地": "太原",
      "航班类型": "国内航班",
      "航班日期": "2026-01-16",
      "航班代码": "MU2703",
      "价格": "299"
    },
    {
      "出发地": "南京",
      "目的地": "太原",
      "航班类型": "国内航班",
      "航班日期": "2026-01-21",
      "航班代码": "MU2703",
      "价格": "299"
    },
    {
      "出发地": "南京",
      "目的地": "太原",
      "航班类型": "国内航班",
      "航班日期": "2026-01-22",
      "航班代码": "MU2703",
      "价格": "299"
    },
    {
      "出发地": "南京",
      "目的地": "太原",
      "航班类型": "国内航班",
      "航班日期": "2026-01-28",
      "航班代码": "MU2703",
      "价格": "299"
    },
    {
      "出发地": "南京",
      "目的地": "太原",
      "航班类型": "国内航班",
      "航班日期": "2026-02-01",
      "航班代码": "G59733",
      "价格": "490"
    },
    {
      "出发地": "南京",
      "目的地": "太原",
      "航班类型": "国内航班",
      "航班日期": "2026-02-05",
      "航班代码": "G59733",
      "价格": "560"
    },
    {
      "出发地": "南京",
      "目的地": "太原",
      "航班类型": "国内航班",
      "航班日期": "2026-02-08",
      "航班代码": "HU7697",
      "价格": "810"
    },
    {
      "出发地": "南京",
      "目的地": "太原",
      "航班类型": "国内航班",
      "航班日期": "2026-02-12",
      "航班代码": "G56015",
      "价格": "1150"
    },
    {
      "出发地": "南京",
      "目的地": "太原",
      "航班类型": "国内航班",
      "航班日期": "2026-02-18",
      "航班代码": "MU2881/FM9139",
      "价格": "1116"
    },
    {
      "出发地": "南京",
      "目的地": "太原",
      "航班类型": "国内航班",
      "航班日期": "2026-02-19",
      "航班代码": "MU2881/MU5297",
      "价格": "544"
    }
  ]
}