{
  "查询条件": {
    "出发地": "南京",
    "目的地": "福州"
  },
  "航班数量": 21,
  "航班列表": [
    {
      "出发地": "南京",
      "目的地": "福州",
      "航班类型": "国内航班",
      "航班日期": "2025-12-16",
      "航班代码": "HU7792/HU7793",
      "价格": "489"
    },
    {
      "出发地": "南京",
      "目的地": "福州",
      "航班类型": "国内航班",
      "航班日期": "2025-12-17",
      "航班代码": "MU2881/MU5531",
      "价格": "453"
    },
    {
      "出发地": "南京",
      "目的地": "福州",
      "航班类型": "国内航班",
      "航班日期": "2025-12-18",
      "航班代码": "ZH9703",
      "价格": "380"
    },
    {
      "出发地": "南京",
      "目的地": "福州",
      "航班类型": "国内航班",
      "航班日期": "2025-12-19",
      "航班代码": "ZH9703",
      "价格": "610"
    },
    {
      "出发地": "南京",
      "目的地": "福州",
      "航班类型": "国内航班",
      "航班日期": "2025-12-20",
      "航班代码": "ZH9703",
      "价格": "380"
    },
    {
      "出发地": "南京",
      "目的地": "福州",
      "航班类型": "国内航班",
      "航班日期": "2025-12-21",
      "航班代码": "MU2881/MU5662",
      "价格": "493"
    },
    {
      "出发地": "南京",
      "目的地": "福州",
      "航班类型": "国内航班",
      "航班日期": "2025-12-22",
      "航班代码": "ZH9703",
      "价格": "380"
    },
    {
      "出发地": "南京",
      "目的地": "福州",
      "航班类型": "国内航班",
      "航班日期": "2025-12-23",
      "航班代码": "ZH9703",
      "价格": "280"
    },
    {
      "出发地": "南京",
      "目的地": "福州",
      "航班类型": "国内航班",
      "航班日期": "2025-12-24",
      "航班代码": "ZH9703",
      "价格": "280"
    },
    {
      "出发地": "南京",
      "目的地": "福州",
      "航班类型": "国内航班",
      "航班日期": "2025-12-25",
      "航班代码": "ZH9703",
      "价格": "280"
    },
    {
      "出发地": "南京",
      "目的地": "福州",
      "航班类型": "国内航班",
      "航班日期": "2025-12-26",
      "航班代码": "ZH9703",
      "价格": "430"
    },
    {
      "出发地": "南京",
      "目的地": "福州",
      "航班类型": "国内航班",
      "航班日期": "2025-12-27",
      "航班代码": "ZH9703",
      "价格": "280"
    },
    {
      "出发地": "南京",
      "目的地": "福州",
      "航班类型": "国内航班",
      "航班日期": "2025-12-28",
      "航班代码": "MU2881/FM9265",
      "价格": "392"
    },
    {
      "出发地": "南京",
      "目的地": "福州",
      "航班类型": "国内航班",
      "航班日期": "2025-12-29",
      "航班代码": "ZH9703",
      "价格": "280"
    },
    {
      "出发地": "南京",
      "目的地": "福州",
      "航班类型": "国内航班",
      "航班日期": "2025-12-30",
      "航班代码": "ZH9703",
      "价格": "350"
    },
    {
      "出发地": "南京",
      "目的地": "福州",
      "航班类型": "国内航班",
      "航班日期": "2025-12-31",
      "航班代码": "MU2881/MU5531",
      "价格": "462"
    },
    {
      "出发地": "南京",
      "目的地": "福州",
      "航班类型": "国内航班",
      "航班日期": "2026-01-01",
      "航班代码": "MF8190",
      "价格": "370"
    },
    {
      "出发地": "南京",
      "目的地": "福州",
      "航班类型": "国内航班",
      "航班日期": "2026-01-02",
      "航班代码": "MU2707",
      "价格": "299"
    },
    {
      "出发地": "南京",
      "目的地": "福州",
      "航班类型": "国内航班",
      "航班日期": "2026-01-03",
      "航班代码": "MU2707",
      "价格": "398"
    },
    {
      "出发地": "南京",
      "目的地": "福州",
      "航班类型": "国内航班",
      "航班日期": "2026-02-07",
      "航班代码": "MU4755",
      "价格": "660"
    },
    {
      "出发地": "南京",
      "目的地": "福州",
      "航班类型": "国内航班",
      "航班日期": "2026-02-08",
      "航班代码": "MU4755",
      "价格": "660"
    }
  ]
}