{
  "查询条件": {
    "出发地": "南京",
    "目的地": "三亚"
  },
  "航班数量": 63,
  "航班列表": [
    {
      "出发地": "南京",
      "目的地": "三亚",
      "航班类型": "国内航班",
      "航班日期": "2025-12-16",
      "航班代码": "HU7229/JD5046",
      "价格": "769"
    },
    {
      "出发地": "南京",
      "目的地": "三亚",
      "航班类型": "国内航班",
      "航班日期": "2025-12-17",
      "航班代码": "ZH9848/ZH9321",
      "价格": "660"
    },
    {
      "出发地": "南京",
      "目的地": "三亚",
      "航班类型": "国内航班",
      "航班日期": "2025-12-18",
      "航班代码": "MU2771/JD5766",
      "价格": "846"
    },
    {
      "出发地": "南京",
      "目的地": "三亚",
      "航班类型": "国内航班",
      "航班日期": "2025-12-19",
      "航班代码": "8L9572/JD5018",
      "价格": "699"
    },
    {
      "出发地": "南京",
      "目的地": "三亚",
      "航班类型": "国内航班",
      "航班日期": "2025-12-20",
      "航班代码": "HU7792/JD5766",
      "价格": "745"
    },
    {
      "出发地": "南京",
      "目的地": "三亚",
      "航班类型": "国内航班",
      "航班日期": "2025-12-21",
      "航班代码": "JD5126",
      "价格": "699"
    },
    {
      "出发地": "南京",
      "目的地": "三亚",
      "航班类型": "国内航班",
      "航班日期": "2025-12-22",
      "航班代码": "JD5126",
      "价格": "649"
    },
    {
      "出发地": "南京",
      "目的地": "三亚",
      "航班类型": "国内航班",
      "航班日期": "2025-12-23",
      "航班代码": "JD5126",
      "价格": "700"
    },
    {
      "出发地": "南京",
      "目的地": "三亚",
      "航班类型": "国内航班",
      "航班日期": "2025-12-24",
      "航班代码": "JD5126",
      "价格": "750"
    },
    {
      "出发地": "南京",
      "目的地": "三亚",
      "航班类型": "国内航班",
      "航班日期": "2025-12-25",
      "航班代码": "3U8988/3U8759",
      "价格": "1049"
    },
    {
      "出发地": "南京",
      "目的地": "三亚",
      "航班类型": "国内航班",
      "航班日期": "2025-12-26",
      "航班代码": "JD5052/GS7573",
      "价格": "959"
    },
    {
      "出发地": "南京",
      "目的地": "三亚",
      "航班类型": "国内航班",
      "航班日期": "2025-12-27",
      "航班代码": "JD5126",
      "价格": "810"
    },
    {
      "出发地": "南京",
      "目的地": "三亚",
      "航班类型": "国内航班",
      "航班日期": "2025-12-28",
      "航班代码": "MU2707/JD5618",
      "价格": "770"
    },
    {
      "出发地": "南京",
      "目的地": "三亚",
      "航班类型": "国内航班",
      "航班日期": "2025-12-29",
      "航班代码": "8L9572/8L9965",
      "价格": "849"
    },
    {
      "出发地": "南京",
      "目的地": "三亚",
      "航班类型": "国内航班",
      "航班日期": "2025-12-30",
      "航班代码": "HU7698",
      "价格": "950"
    },
    {
      "出发地": "南京",
      "目的地": "三亚",
      "航班类型": "国内航班",
      "航班日期": "2025-12-31",
      "航班代码": "MU2881/MU5397",
      "价格": "1155"
    },
    {
      "出发地": "南京",
      "目的地": "三亚",
      "航班类型": "国内航班",
      "航班日期": "2026-01-01",
      "航班代码": "JD5126",
      "价格": "700"
    },
    {
      "出发地": "南京",
      "目的地": "三亚",
      "航班类型": "国内航班",
      "航班日期": "2026-01-02",
      "航班代码": "MU2881/MU5397",
      "价格": "897"
    },
    {
      "出发地": "南京",
      "目的地": "三亚",
      "航班类型": "国内航班",
      "航班日期": "2026-01-03",
      "航班代码": "MU2881/9C8801",
      "价格": "874"
    },
    {
      "出发地": "南京",
      "目的地": "三亚",
      "航班类型": "国内航班",
      "航班日期": "2026-01-04",
      "航班代码": "ZH8563/JD5046",
      "价格": "789"
    },
    {
      "出发地": "南京",
      "目的地": "三亚",
      "航班类型": "国内航班",
      "航班日期": "2026-01-05",
      "航班代码": "HO1749/GT1101",
      "价格": "859"
    },
    {
      "出发地": "南京",
      "目的地": "三亚",
      "航班类型": "国内航班",
      "航班日期": "2026-01-06",
      "航班代码": "HO1749/JD5080",
      "价格": "929"
    },
    {
      "出发地": "南京",
      "目的地": "三亚",
      "航班类型": "国内航班",
      "航班日期": "2026-01-08",
      "航班代码": "HU7698",
      "价格": "900"
    },
    {
      "出发地": "南京",
      "目的地": "三亚",
      "航班类型": "国内航班",
      "航班日期": "2026-01-09",
      "航班代码": "CA1504/CA1369",
      "价格": "999"
    },
    {
      "出发地": "南京",
      "目的地": "三亚",
      "航班类型": "国内航班",
      "航班日期": "2026-01-10",
      "航班代码": "AQ1030/AQ1113",
      "价格": "936"
    },
    {
      "出发地": "南京",
      "目的地": "三亚",
      "航班类型": "国内航班",
      "航班日期": "2026-01-11",
      "航班代码": "ZH8563/JD5046",
      "价格": "878"
    },
    {
      "出发地": "南京",
      "目的地": "三亚",
      "航班类型": "国内航班",
      "航班日期": "2026-01-12",
      "航班代码": "ZH8563/JD5046",
      "价格": "877"
    },
    {
      "出发地": "南京",
      "目的地": "三亚",
      "航班类型": "国内航班",
      "航班日期": "2026-01-13",
      "航班代码": "3U8996/3U8757",
      "价格": "930"
    },
    {
      "出发地": "南京",
      "目的地": "三亚",
      "航班类型": "国内航班",
      "航班日期": "2026-01-14",
      "航班代码": "ZH8563/JD5046",
      "价格": "877"
    },
    {
      "出发地": "南京",
      "目的地": "三亚",
      "航班类型": "国内航班",
      "航班日期": "2026-01-15",
      "航班代码": "HO1735",
      "价格": "930"
    },
    {
      "出发地": "南京",
      "目的地": "三亚",
      "航班类型": "国内航班",
      "航班日期": "2026-01-16",
      "航班代码": "HO1749/GT1101",
      "价格": "1067"
    },
    {
      "出发地": "南京",
      "目的地": "三亚",
      "航班类型": "国内航班",
      "航班日期": "2026-01-18",
      "航班代码": "MU2881/MU5397",
      "价格": "1012"
    },
    {
      "出发地": "南京",
      "目的地": "三亚",
      "航班类型": "国内航班",
      "航班日期": "2026-01-19",
      "航班代码": "3U8996/3U8757",
      "价格": "910"
    },
    {
      "出发地": "南京",
      "目的地": "三亚",
      "航班类型": "国内航班",
      "航班日期": "2026-01-20",
      "航班代码": "MU2881/MU5375",
      "价格": "1013"
    },
    {
      "出发地": "南京",
      "目的地": "三亚",
      "航班类型": "国内航班",
      "航班日期": "2026-01-22",
      "航班代码": "MU2907/CZ6732",
      "价格": "946"
    },
    {
      "出发地": "南京",
      "目的地": "三亚",
      "航班类型": "国内航班",
      "航班日期": "2026-01-24",
      "航班代码": "MU2881/9C8779",
      "价格": "1098"
    },
    {
      "出发地": "南京",
      "目的地": "三亚",
      "航班类型": "国内航班",
      "航班日期": "2026-01-25",
      "航班代码": "MU9767/AQ1113",
      "价格": "1089"
    },
    {
      "出发地": "南京",
      "目的地": "三亚",
      "航班类型": "国内航班",
      "航班日期": "2026-01-27",
      "航班代码": "CA1820/CA1377",
      "价格": "999"
    },
    {
      "出发地": "南京",
      "目的地": "三亚",
      "航班类型": "国内航班",
      "航班日期": "2026-01-28",
      "航班代码": "MU2881/9C8779",
      "价格": "1308"
    },
    {
      "出发地": "南京",
      "目的地": "三亚",
      "航班类型": "国内航班",
      "航班日期": "2026-01-30",
      "航班代码": "HU7792/3U3226",
      "价格": "1674"
    },
    {
      "出发地": "南京",
      "目的地": "三亚",
      "航班类型": "国内航班",
      "航班日期": "2026-01-31",
      "航班代码": "ZH8575/CZ3943",
      "价格": "1524"
    },
    {
      "出发地": "南京",
      "目的地": "三亚",
      "航班类型": "国内航班",
      "航班日期": "2026-02-01",
      "航班代码": "MF7821",
      "价格": "1320"
    },
    {
      "出发地": "南京",
      "目的地": "三亚",
      "航班类型": "国内航班",
      "航班日期": "2026-02-02",
      "航班代码": "MF7821",
      "价格": "1320"
    },
    {
      "出发地": "南京",
      "目的地": "三亚",
      "航班类型": "国内航班",
      "航班日期": "2026-02-03",
      "航班代码": "MU2881/9C8801",
      "价格": "1877"
    },
    {
      "出发地": "南京",
      "目的地": "三亚",
      "航班类型": "国内航班",
      "航班日期": "2026-02-04",
      "航班代码": "JD5126",
      "价格": "1287"
    },
    {
      "出发地": "南京",
      "目的地": "三亚",
      "航班类型": "国内航班",
      "航班日期": "2026-02-05",
      "航班代码": "MF7821",
      "价格": "1334"
    },
    {
      "出发地": "南京",
      "目的地": "三亚",
      "航班类型": "国内航班",
      "航班日期": "2026-02-06",
      "航班代码": "CZ6668",
      "价格": "1960"
    },
    {
      "出发地": "南京",
      "目的地": "三亚",
      "航班类型": "国内航班",
      "航班日期": "2026-02-07",
      "航班代码": "HU7792/JD5766",
      "价格": "1540"
    },
    {
      "出发地": "南京",
      "目的地": "三亚",
      "航班类型": "国内航班",
      "航班日期": "2026-02-08",
      "航班代码": "JD5126",
      "价格": "1600"
    },
    {
      "出发地": "南京",
      "目的地": "三亚",
      "航班类型": "国内航班",
      "航班日期": "2026-02-09",
      "航班代码": "HO1791/MF8307",
      "价格": "1822"
    },
    {
      "出发地": "南京",
      "目的地": "三亚",
      "航班类型": "国内航班",
      "航班日期": "2026-02-11",
      "航班代码": "HO1791/MF8307",
      "价格": "1784"
    },
    {
      "出发地": "南京",
      "目的地": "三亚",
      "航班类型": "国内航班",
      "航班日期": "2026-02-12",
      "航班代码": "HU7356/ZH9323",
      "价格": "1891"
    },
    {
      "出发地": "南京",
      "目的地": "三亚",
      "航班类型": "国内航班",
      "航班日期": "2026-02-13",
      "航班代码": "CZ6668",
      "价格": "1960"
    },
    {
      "出发地": "南京",
      "目的地": "三亚",
      "航班类型": "国内航班",
      "航班日期": "2026-02-14",
      "航班代码": "CZ6668",
      "价格": "1960"
    },
    {
      "出发地": "南京",
      "目的地": "三亚",
      "航班类型": "国内航班",
      "航班日期": "2026-02-15",
      "航班代码": "CZ6668",
      "价格": "1960"
    },
    {
      "出发地": "南京",
      "目的地": "三亚",
      "航班类型": "国内航班",
      "航班日期": "2026-02-16",
      "航班代码": "MU9793/GT1101",
      "价格": "1933"
    },
    {
      "出发地": "南京",
      "目的地": "三亚",
      "航班类型": "国内航班",
      "航班日期": "2026-02-17",
      "航班代码": "SC7631/GT1101",
      "价格": "1937"
    },
    {
      "出发地": "南京",
      "目的地": "三亚",
      "航班类型": "国内航班",
      "航班日期": "2026-02-18",
      "航班代码": "MU2881/MU5379",
      "价格": "1400"
    },
    {
      "出发地": "南京",
      "目的地": "三亚",
      "航班类型": "国内航班",
      "航班日期": "2026-02-19",
      "航班代码": "MU2881/Y87501",
      "价格": "1175"
    },
    {
      "出发地": "南京",
      "目的地": "三亚",
      "航班类型": "国内航班",
      "航班日期": "2026-02-20",
      "航班代码": "MU2881/Y87501",
      "价格": "725"
    },
    {
      "出发地": "南京",
      "目的地": "三亚",
      "航班类型": "国内航班",
      "航班日期": "2026-02-21",
      "航班代码": "MU2881/FM9537",
      "价格": "1292"
    },
    {
      "出发地": "南京",
      "目的地": "三亚",
      "航班类型": "国内航班",
      "航班日期": "2026-02-24",
      "航班代码": "MU2881/9C8779",
      "价格": "797"
    },
    {
      "出发地": "南京",
      "目的地": "三亚",
      "航班类型": "国内航班",
      "航班日期": "2026-02-27",
      "航班代码": "MU2881/9C8779",
      "价格": "1408"
    }
  ]
}