{
  "查询条件": {
    "出发地": "南京",
    "目的地": "海口"
  },
  "航班数量": 77,
  "航班列表": [
    {
      "出发地": "南京",
      "目的地": "海口",
      "航班类型": "国内航班",
      "航班日期": "2025-12-16",
      "航班代码": "CZ6666",
      "价格": "650"
    },
    {
      "出发地": "南京",
      "目的地": "海口",
      "航班类型": "国内航班",
      "航班日期": "2025-12-17",
      "航班代码": "JD5761",
      "价格": "600"
    },
    {
      "出发地": "南京",
      "目的地": "海口",
      "航班类型": "国内航班",
      "航班日期": "2025-12-18",
      "航班代码": "SC7631/SC8845",
      "价格": "509"
    },
    {
      "出发地": "南京",
      "目的地": "海口",
      "航班类型": "国内航班",
      "航班日期": "2025-12-19",
      "航班代码": "JD5912",
      "价格": "594"
    },
    {
      "出发地": "南京",
      "目的地": "海口",
      "航班类型": "国内航班",
      "航班日期": "2025-12-20",
      "航班代码": "MF8098/MF8867",
      "价格": "550"
    },
    {
      "出发地": "南京",
      "目的地": "海口",
      "航班类型": "国内航班",
      "航班日期": "2025-12-21",
      "航班代码": "CZ6666",
      "价格": "600"
    },
    {
      "出发地": "南京",
      "目的地": "海口",
      "航班类型": "国内航班",
      "航班日期": "2025-12-22",
      "航班代码": "SC7631/SC8843",
      "价格": "459"
    },
    {
      "出发地": "南京",
      "目的地": "海口",
      "航班类型": "国内航班",
      "航班日期": "2025-12-23",
      "航班代码": "SC7631/SC8845",
      "价格": "459"
    },
    {
      "出发地": "南京",
      "目的地": "海口",
      "航班类型": "国内航班",
      "航班日期": "2025-12-24",
      "航班代码": "CZ6666",
      "价格": "600"
    },
    {
      "出发地": "南京",
      "目的地": "海口",
      "航班类型": "国内航班",
      "航班日期": "2025-12-25",
      "航班代码": "GS7744/GS7601",
      "价格": "640"
    },
    {
      "出发地": "南京",
      "目的地": "海口",
      "航班类型": "国内航班",
      "航班日期": "2025-12-26",
      "航班代码": "9C8634/GS6560",
      "价格": "709"
    },
    {
      "出发地": "南京",
      "目的地": "海口",
      "航班类型": "国内航班",
      "航班日期": "2025-12-27",
      "航班代码": "HU7229/JD5024",
      "价格": "549"
    },
    {
      "出发地": "南京",
      "目的地": "海口",
      "航班类型": "国内航班",
      "航班日期": "2025-12-28",
      "航班代码": "SC7631/SC8843",
      "价格": "459"
    },
    {
      "出发地": "南京",
      "目的地": "海口",
      "航班类型": "国内航班",
      "航班日期": "2025-12-29",
      "航班代码": "SC7631/SC8843",
      "价格": "459"
    },
    {
      "出发地": "南京",
      "目的地": "海口",
      "航班类型": "国内航班",
      "航班日期": "2025-12-30",
      "航班代码": "HU7229/JD5024",
      "价格": "639"
    },
    {
      "出发地": "南京",
      "目的地": "海口",
      "航班类型": "国内航班",
      "航班日期": "2025-12-31",
      "航班代码": "JD5912",
      "价格": "800"
    },
    {
      "出发地": "南京",
      "目的地": "海口",
      "航班类型": "国内航班",
      "航班日期": "2026-01-01",
      "航班代码": "JD5156/JD5036",
      "价格": "770"
    },
    {
      "出发地": "南京",
      "目的地": "海口",
      "航班类型": "国内航班",
      "航班日期": "2026-01-02",
      "航班代码": "ZH8563/HU7652",
      "价格": "698"
    },
    {
      "出发地": "南京",
      "目的地": "海口",
      "航班类型": "国内航班",
      "航班日期": "2026-01-03",
      "航班代码": "JD5912",
      "价格": "600"
    },
    {
      "出发地": "南京",
      "目的地": "海口",
      "航班类型": "国内航班",
      "航班日期": "2026-01-04",
      "航班代码": "JD5912",
      "价格": "600"
    },
    {
      "出发地": "南京",
      "目的地": "海口",
      "航班类型": "国内航班",
      "航班日期": "2026-01-05",
      "航班代码": "JD5912",
      "价格": "600"
    },
    {
      "出发地": "南京",
      "目的地": "海口",
      "航班类型": "国内航班",
      "航班日期": "2026-01-06",
      "航班代码": "AQ1502",
      "价格": "639"
    },
    {
      "出发地": "南京",
      "目的地": "海口",
      "航班类型": "国内航班",
      "航班日期": "2026-01-07",
      "航班代码": "JD5912",
      "价格": "600"
    },
    {
      "出发地": "南京",
      "目的地": "海口",
      "航班类型": "国内航班",
      "航班日期": "2026-01-08",
      "航班代码": "JD5912",
      "价格": "600"
    },
    {
      "出发地": "南京",
      "目的地": "海口",
      "航班类型": "国内航班",
      "航班日期": "2026-01-10",
      "航班代码": "HO1749/GT1132",
      "价格": "648"
    },
    {
      "出发地": "南京",
      "目的地": "海口",
      "航班类型": "国内航班",
      "航班日期": "2026-01-11",
      "航班代码": "JD5912",
      "价格": "700"
    },
    {
      "出发地": "南京",
      "目的地": "海口",
      "航班类型": "国内航班",
      "航班日期": "2026-01-12",
      "航班代码": "JD5912",
      "价格": "744"
    },
    {
      "出发地": "南京",
      "目的地": "海口",
      "航班类型": "国内航班",
      "航班日期": "2026-01-13",
      "航班代码": "HO1749/GT1132",
      "价格": "790"
    },
    {
      "出发地": "南京",
      "目的地": "海口",
      "航班类型": "国内航班",
      "航班日期": "2026-01-14",
      "航班代码": "ZH8575/JD5634",
      "价格": "778"
    },
    {
      "出发地": "南京",
      "目的地": "海口",
      "航班类型": "国内航班",
      "航班日期": "2026-01-15",
      "航班代码": "JD5912",
      "价格": "750"
    },
    {
      "出发地": "南京",
      "目的地": "海口",
      "航班类型": "国内航班",
      "航班日期": "2026-01-16",
      "航班代码": "JD5912",
      "价格": "740"
    },
    {
      "出发地": "南京",
      "目的地": "海口",
      "航班类型": "国内航班",
      "航班日期": "2026-01-17",
      "航班代码": "9C8634/9C7461",
      "价格": "749"
    },
    {
      "出发地": "南京",
      "目的地": "海口",
      "航班类型": "国内航班",
      "航班日期": "2026-01-18",
      "航班代码": "9C8634/JD5528",
      "价格": "798"
    },
    {
      "出发地": "南京",
      "目的地": "海口",
      "航班类型": "国内航班",
      "航班日期": "2026-01-19",
      "航班代码": "HO1749/GT1132",
      "价格": "737"
    },
    {
      "出发地": "南京",
      "目的地": "海口",
      "航班类型": "国内航班",
      "航班日期": "2026-01-22",
      "航班代码": "9C8634/9C7461",
      "价格": "778"
    },
    {
      "出发地": "南京",
      "目的地": "海口",
      "航班类型": "国内航班",
      "航班日期": "2026-01-24",
      "航班代码": "9C8634/9C7461",
      "价格": "827"
    },
    {
      "出发地": "南京",
      "目的地": "海口",
      "航班类型": "国内航班",
      "航班日期": "2026-01-25",
      "航班代码": "9C8634/9C7461",
      "价格": "767"
    },
    {
      "出发地": "南京",
      "目的地": "海口",
      "航班类型": "国内航班",
      "航班日期": "2026-01-26",
      "航班代码": "HO1749/GT1132",
      "价格": "879"
    },
    {
      "出发地": "南京",
      "目的地": "海口",
      "航班类型": "国内航班",
      "航班日期": "2026-01-27",
      "航班代码": "9C8634/CZ5887",
      "价格": "822"
    },
    {
      "出发地": "南京",
      "目的地": "海口",
      "航班类型": "国内航班",
      "航班日期": "2026-01-28",
      "航班代码": "MU2883/9C7461",
      "价格": "985"
    },
    {
      "出发地": "南京",
      "目的地": "海口",
      "航班类型": "国内航班",
      "航班日期": "2026-01-30",
      "航班代码": "MU2883/9C7461",
      "价格": "1091"
    },
    {
      "出发地": "南京",
      "目的地": "海口",
      "航班类型": "国内航班",
      "航班日期": "2026-01-31",
      "航班代码": "9C8634/9C7461",
      "价格": "887"
    },
    {
      "出发地": "南京",
      "目的地": "海口",
      "航班类型": "国内航班",
      "航班日期": "2026-02-01",
      "航班代码": "CA1818/CA1949",
      "价格": "999"
    },
    {
      "出发地": "南京",
      "目的地": "海口",
      "航班类型": "国内航班",
      "航班日期": "2026-02-03",
      "航班代码": "9C8634/9C7461",
      "价格": "988"
    },
    {
      "出发地": "南京",
      "目的地": "海口",
      "航班类型": "国内航班",
      "航班日期": "2026-02-04",
      "航班代码": "CA1504/CA1361",
      "价格": "1000"
    },
    {
      "出发地": "南京",
      "目的地": "海口",
      "航班类型": "国内航班",
      "航班日期": "2026-02-05",
      "航班代码": "9C8634/9C7461",
      "价格": "1218"
    },
    {
      "出发地": "南京",
      "目的地": "海口",
      "航班类型": "国内航班",
      "航班日期": "2026-02-06",
      "航班代码": "JD5912",
      "价格": "1020"
    },
    {
      "出发地": "南京",
      "目的地": "海口",
      "航班类型": "国内航班",
      "航班日期": "2026-02-07",
      "航班代码": "JD5912",
      "价格": "1150"
    },
    {
      "出发地": "南京",
      "目的地": "海口",
      "航班类型": "国内航班",
      "航班日期": "2026-02-08",
      "航班代码": "9C8634/9C7461",
      "价格": "1338"
    },
    {
      "出发地": "南京",
      "目的地": "海口",
      "航班类型": "国内航班",
      "航班日期": "2026-02-09",
      "航班代码": "9C8634/JD5528",
      "价格": "1590"
    },
    {
      "出发地": "南京",
      "目的地": "海口",
      "航班类型": "国内航班",
      "航班日期": "2026-02-10",
      "航班代码": "9C8634/9C7461",
      "价格": "1347"
    },
    {
      "出发地": "南京",
      "目的地": "海口",
      "航班类型": "国内航班",
      "航班日期": "2026-02-12",
      "航班代码": "JD5156",
      "价格": "1450"
    },
    {
      "出发地": "南京",
      "目的地": "海口",
      "航班类型": "国内航班",
      "航班日期": "2026-02-13",
      "航班代码": "JD5761",
      "价格": "1620"
    },
    {
      "出发地": "南京",
      "目的地": "海口",
      "航班类型": "国内航班",
      "航班日期": "2026-02-14",
      "航班代码": "9C8634/9C7461",
      "价格": "1645"
    },
    {
      "出发地": "南京",
      "目的地": "海口",
      "航班类型": "国内航班",
      "航班日期": "2026-02-15",
      "航班代码": "HU7229/Y87563",
      "价格": "1440"
    },
    {
      "出发地": "南京",
      "目的地": "海口",
      "航班类型": "国内航班",
      "航班日期": "2026-02-16",
      "航班代码": "Y87534/DZ6259",
      "价格": "1368"
    },
    {
      "出发地": "南京",
      "目的地": "海口",
      "航班类型": "国内航班",
      "航班日期": "2026-02-17",
      "航班代码": "HU7356/DZ6259",
      "价格": "1225"
    },
    {
      "出发地": "南京",
      "目的地": "海口",
      "航班类型": "国内航班",
      "航班日期": "2026-02-18",
      "航班代码": "HU7356/DZ6259",
      "价格": "1155"
    },
    {
      "出发地": "南京",
      "目的地": "海口",
      "航班类型": "国内航班",
      "航班日期": "2026-02-19",
      "航班代码": "JD5912",
      "价格": "890"
    },
    {
      "出发地": "南京",
      "目的地": "海口",
      "航班类型": "国内航班",
      "航班日期": "2026-02-21",
      "航班代码": "JD5912",
      "价格": "550"
    },
    {
      "出发地": "南京",
      "目的地": "海口",
      "航班类型": "国内航班",
      "航班日期": "2026-02-24",
      "航班代码": "MU2881/MU6355",
      "价格": "531"
    },
    {
      "出发地": "南京",
      "目的地": "海口",
      "航班类型": "国内航班",
      "航班日期": "2026-02-25",
      "航班代码": "9C8634/CZ5390",
      "价格": "1428"
    },
    {
      "出发地": "南京",
      "目的地": "海口",
      "航班类型": "国内航班",
      "航班日期": "2026-02-26",
      "航班代码": "CZ6666",
      "价格": "1940"
    },
    {
      "出发地": "南京",
      "目的地": "海口",
      "航班类型": "国内航班",
      "航班日期": "2026-03-01",
      "航班代码": "MU2881/MU6355",
      "价格": "435"
    },
    {
      "出发地": "南京",
      "目的地": "海口",
      "航班类型": "国内航班",
      "航班日期": "2026-03-07",
      "航班代码": "MU2881/MU6355",
      "价格": "435"
    },
    {
      "出发地": "南京",
      "目的地": "海口",
      "航班类型": "国内航班",
      "航班日期": "2026-03-08",
      "航班代码": "MU2881/MU6355",
      "价格": "435"
    },
    {
      "出发地": "南京",
      "目的地": "海口",
      "航班类型": "国内航班",
      "航班日期": "2026-03-10",
      "航班代码": "MU2881/MU8385",
      "价格": "540"
    },
    {
      "出发地": "南京",
      "目的地": "海口",
      "航班类型": "国内航班",
      "航班日期": "2026-03-11",
      "航班代码": "MU2881/MU6355",
      "价格": "540"
    },
    {
      "出发地": "南京",
      "目的地": "海口",
      "航班类型": "国内航班",
      "航班日期": "2026-03-12",
      "航班代码": "MU2881/MU6355",
      "价格": "540"
    },
    {
      "出发地": "南京",
      "目的地": "海口",
      "航班类型": "国内航班",
      "航班日期": "2026-03-13",
      "航班代码": "MU2881/MU8385",
      "价格": "540"
    },
    {
      "出发地": "南京",
      "目的地": "海口",
      "航班类型": "国内航班",
      "航班日期": "2026-03-14",
      "航班代码": "KN2820/KN2117",
      "价格": "500"
    },
    {
      "出发地": "南京",
      "目的地": "海口",
      "航班类型": "国内航班",
      "航班日期": "2026-03-15",
      "航班代码": "9C8634/9C7461",
      "价格": "500"
    },
    {
      "出发地": "南京",
      "目的地": "海口",
      "航班类型": "国内航班",
      "航班日期": "2026-03-16",
      "航班代码": "KN2820/KN2117",
      "价格": "500"
    },
    {
      "出发地": "南京",
      "目的地": "海口",
      "航班类型": "国内航班",
      "航班日期": "2026-03-17",
      "航班代码": "KN2820/KN2117",
      "价格": "500"
    },
    {
      "出发地": "南京",
      "目的地": "海口",
      "航班类型": "国内航班",
      "航班日期": "2026-03-18",
      "航班代码": "KN2820/KN2117",
      "价格": "500"
    },
    {
      "出发地": "南京",
      "目的地": "海口",
      "航班类型": "国内航班",
      "航班日期": "2026-03-19",
      "航班代码": "KN2820/KN2117",
      "价格": "500"
    },
    {
      "出发地": "南京",
      "目的地": "海口",
      "航班类型": "国内航班",
      "航班日期": "2026-03-31",
      "航班代码": "MU2881/MU5549",
      "价格": "1810"
    }
  ]
}