{
  "查询条件": {
    "出发地": "南京",
    "目的地": "哈尔滨"
  },
  "航班数量": 69,
  "航班列表": [
    {
      "出发地": "南京",
      "目的地": "哈尔滨",
      "航班类型": "国内航班",
      "航班日期": "2025-12-16",
      "航班代码": "3U2265",
      "价格": "520"
    },
    {
      "出发地": "南京",
      "目的地": "哈尔滨",
      "航班类型": "国内航班",
      "航班日期": "2025-12-17",
      "航班代码": "CZ4702",
      "价格": "400"
    },
    {
      "出发地": "南京",
      "目的地": "哈尔滨",
      "航班类型": "国内航班",
      "航班日期": "2025-12-18",
      "航班代码": "HO1723",
      "价格": "400"
    },
    {
      "出发地": "南京",
      "目的地": "哈尔滨",
      "航班类型": "国内航班",
      "航班日期": "2025-12-19",
      "航班代码": "CA1820/CA1621",
      "价格": "630"
    },
    {
      "出发地": "南京",
      "目的地": "哈尔滨",
      "航班类型": "国内航班",
      "航班日期": "2025-12-20",
      "航班代码": "SC7632/ZH9675",
      "价格": "500"
    },
    {
      "出发地": "南京",
      "目的地": "哈尔滨",
      "航班类型": "国内航班",
      "航班日期": "2025-12-21",
      "航班代码": "SC4692/SC4745",
      "价格": "529"
    },
    {
      "出发地": "南京",
      "目的地": "哈尔滨",
      "航班类型": "国内航班",
      "航班日期": "2025-12-22",
      "航班代码": "GS7416/QW6098",
      "价格": "509"
    },
    {
      "出发地": "南京",
      "目的地": "哈尔滨",
      "航班类型": "国内航班",
      "航班日期": "2025-12-23",
      "航班代码": "GS7416/QW6098",
      "价格": "509"
    },
    {
      "出发地": "南京",
      "目的地": "哈尔滨",
      "航班类型": "国内航班",
      "航班日期": "2025-12-24",
      "航班代码": "GS7416/HU6010",
      "价格": "580"
    },
    {
      "出发地": "南京",
      "目的地": "哈尔滨",
      "航班类型": "国内航班",
      "航班日期": "2025-12-25",
      "航班代码": "GS7416/ZH9675",
      "价格": "703"
    },
    {
      "出发地": "南京",
      "目的地": "哈尔滨",
      "航班类型": "国内航班",
      "航班日期": "2025-12-26",
      "航班代码": "SC7632/ZH9675",
      "价格": "819"
    },
    {
      "出发地": "南京",
      "目的地": "哈尔滨",
      "航班类型": "国内航班",
      "航班日期": "2025-12-27",
      "航班代码": "SC7632/ZH9675",
      "价格": "819"
    },
    {
      "出发地": "南京",
      "目的地": "哈尔滨",
      "航班类型": "国内航班",
      "航班日期": "2025-12-28",
      "航班代码": "SC7632/ZH9675",
      "价格": "860"
    },
    {
      "出发地": "南京",
      "目的地": "哈尔滨",
      "航班类型": "国内航班",
      "航班日期": "2025-12-29",
      "航班代码": "CA1818/CA1639",
      "价格": "630"
    },
    {
      "出发地": "南京",
      "目的地": "哈尔滨",
      "航班类型": "国内航班",
      "航班日期": "2025-12-30",
      "航班代码": "A67705/LT6670",
      "价格": "938"
    },
    {
      "出发地": "南京",
      "目的地": "哈尔滨",
      "航班类型": "国内航班",
      "航班日期": "2025-12-31",
      "航班代码": "MU2881/3U3314",
      "价格": "1026"
    },
    {
      "出发地": "南京",
      "目的地": "哈尔滨",
      "航班类型": "国内航班",
      "航班日期": "2026-01-01",
      "航班代码": "CZ5938",
      "价格": "650"
    },
    {
      "出发地": "南京",
      "目的地": "哈尔滨",
      "航班类型": "国内航班",
      "航班日期": "2026-01-02",
      "航班代码": "3U2265",
      "价格": "610"
    },
    {
      "出发地": "南京",
      "目的地": "哈尔滨",
      "航班类型": "国内航班",
      "航班日期": "2026-01-03",
      "航班代码": "ZH8595",
      "价格": "550"
    },
    {
      "出发地": "南京",
      "目的地": "哈尔滨",
      "航班类型": "国内航班",
      "航班日期": "2026-01-04",
      "航班代码": "CA1504/CA1603",
      "价格": "499"
    },
    {
      "出发地": "南京",
      "目的地": "哈尔滨",
      "航班类型": "国内航班",
      "航班日期": "2026-01-05",
      "航班代码": "EU7060",
      "价格": "500"
    },
    {
      "出发地": "南京",
      "目的地": "哈尔滨",
      "航班类型": "国内航班",
      "航班日期": "2026-01-06",
      "航班代码": "ZH8595",
      "价格": "550"
    },
    {
      "出发地": "南京",
      "目的地": "哈尔滨",
      "航班类型": "国内航班",
      "航班日期": "2026-01-07",
      "航班代码": "CZ5938",
      "价格": "620"
    },
    {
      "出发地": "南京",
      "目的地": "哈尔滨",
      "航班类型": "国内航班",
      "航班日期": "2026-01-08",
      "航班代码": "ZH8595",
      "价格": "600"
    },
    {
      "出发地": "南京",
      "目的地": "哈尔滨",
      "航班类型": "国内航班",
      "航班日期": "2026-01-09",
      "航班代码": "MU2883/MU5388",
      "价格": "740"
    },
    {
      "出发地": "南京",
      "目的地": "哈尔滨",
      "航班类型": "国内航班",
      "航班日期": "2026-01-10",
      "航班代码": "MU2883/MU5388",
      "价格": "740"
    },
    {
      "出发地": "南京",
      "目的地": "哈尔滨",
      "航班类型": "国内航班",
      "航班日期": "2026-01-11",
      "航班代码": "MU2883/MU5388",
      "价格": "740"
    },
    {
      "出发地": "南京",
      "目的地": "哈尔滨",
      "航班类型": "国内航班",
      "航班日期": "2026-01-13",
      "航班代码": "ZH5181",
      "价格": "890"
    },
    {
      "出发地": "南京",
      "目的地": "哈尔滨",
      "航班类型": "国内航班",
      "航班日期": "2026-01-15",
      "航班代码": "3U2265",
      "价格": "750"
    },
    {
      "出发地": "南京",
      "目的地": "哈尔滨",
      "航班类型": "国内航班",
      "航班日期": "2026-01-16",
      "航班代码": "GS7416/HU6010",
      "价格": "799"
    },
    {
      "出发地": "南京",
      "目的地": "哈尔滨",
      "航班类型": "国内航班",
      "航班日期": "2026-01-17",
      "航班代码": "SC7632/ZH9675",
      "价格": "889"
    },
    {
      "出发地": "南京",
      "目的地": "哈尔滨",
      "航班类型": "国内航班",
      "航班日期": "2026-01-18",
      "航班代码": "MU2811/MU8123",
      "价格": "770"
    },
    {
      "出发地": "南京",
      "目的地": "哈尔滨",
      "航班类型": "国内航班",
      "航班日期": "2026-01-19",
      "航班代码": "MU2883/MU5388",
      "价格": "758"
    },
    {
      "出发地": "南京",
      "目的地": "哈尔滨",
      "航班类型": "国内航班",
      "航班日期": "2026-01-20",
      "航班代码": "ZH5181",
      "价格": "1060"
    },
    {
      "出发地": "南京",
      "目的地": "哈尔滨",
      "航班类型": "国内航班",
      "航班日期": "2026-01-21",
      "航班代码": "EU7060",
      "价格": "840"
    },
    {
      "出发地": "南京",
      "目的地": "哈尔滨",
      "航班类型": "国内航班",
      "航班日期": "2026-01-22",
      "航班代码": "SC7632/SC7911",
      "价格": "822"
    },
    {
      "出发地": "南京",
      "目的地": "哈尔滨",
      "航班类型": "国内航班",
      "航班日期": "2026-01-23",
      "航班代码": "EU7060",
      "价格": "852"
    },
    {
      "出发地": "南京",
      "目的地": "哈尔滨",
      "航班类型": "国内航班",
      "航班日期": "2026-01-24",
      "航班代码": "CZ5938",
      "价格": "890"
    },
    {
      "出发地": "南京",
      "目的地": "哈尔滨",
      "航班类型": "国内航班",
      "航班日期": "2026-01-25",
      "航班代码": "MU2721/DR5009",
      "价格": "908"
    },
    {
      "出发地": "南京",
      "目的地": "哈尔滨",
      "航班类型": "国内航班",
      "航班日期": "2026-01-28",
      "航班代码": "CZ6665",
      "价格": "890"
    },
    {
      "出发地": "南京",
      "目的地": "哈尔滨",
      "航班类型": "国内航班",
      "航班日期": "2026-01-30",
      "航班代码": "CZ5938",
      "价格": "908"
    },
    {
      "出发地": "南京",
      "目的地": "哈尔滨",
      "航班类型": "国内航班",
      "航班日期": "2026-01-31",
      "航班代码": "CZ5938",
      "价格": "940"
    },
    {
      "出发地": "南京",
      "目的地": "哈尔滨",
      "航班类型": "国内航班",
      "航班日期": "2026-02-01",
      "航班代码": "ZH5191",
      "价格": "1240"
    },
    {
      "出发地": "南京",
      "目的地": "哈尔滨",
      "航班类型": "国内航班",
      "航班日期": "2026-02-02",
      "航班代码": "MU2763",
      "价格": "1740"
    },
    {
      "出发地": "南京",
      "目的地": "哈尔滨",
      "航班类型": "国内航班",
      "航班日期": "2026-02-03",
      "航班代码": "ZH5191",
      "价格": "1240"
    },
    {
      "出发地": "南京",
      "目的地": "哈尔滨",
      "航班类型": "国内航班",
      "航班日期": "2026-02-04",
      "航班代码": "MU2763",
      "价格": "1740"
    },
    {
      "出发地": "南京",
      "目的地": "哈尔滨",
      "航班类型": "国内航班",
      "航班日期": "2026-02-05",
      "航班代码": "MU2763",
      "价格": "1740"
    },
    {
      "出发地": "南京",
      "目的地": "哈尔滨",
      "航班类型": "国内航班",
      "航班日期": "2026-02-06",
      "航班代码": "ZH5181",
      "价格": "1567"
    },
    {
      "出发地": "南京",
      "目的地": "哈尔滨",
      "航班类型": "国内航班",
      "航班日期": "2026-02-07",
      "航班代码": "MU2763",
      "价格": "1740"
    },
    {
      "出发地": "南京",
      "目的地": "哈尔滨",
      "航班类型": "国内航班",
      "航班日期": "2026-02-08",
      "航班代码": "MU2763",
      "价格": "1740"
    },
    {
      "出发地": "南京",
      "目的地": "哈尔滨",
      "航班类型": "国内航班",
      "航班日期": "2026-02-09",
      "航班代码": "MU2763",
      "价格": "1740"
    },
    {
      "出发地": "南京",
      "目的地": "哈尔滨",
      "航班类型": "国内航班",
      "航班日期": "2026-02-10",
      "航班代码": "MU2763",
      "价格": "1740"
    },
    {
      "出发地": "南京",
      "目的地": "哈尔滨",
      "航班类型": "国内航班",
      "航班日期": "2026-02-11",
      "航班代码": "MU2763",
      "价格": "1740"
    },
    {
      "出发地": "南京",
      "目的地": "哈尔滨",
      "航班类型": "国内航班",
      "航班日期": "2026-02-12",
      "航班代码": "MU2763",
      "价格": "1740"
    },
    {
      "出发地": "南京",
      "目的地": "哈尔滨",
      "航班类型": "国内航班",
      "航班日期": "2026-02-13",
      "航班代码": "MU2763",
      "价格": "1740"
    },
    {
      "出发地": "南京",
      "目的地": "哈尔滨",
      "航班类型": "国内航班",
      "航班日期": "2026-02-14",
      "航班代码": "MU2763",
      "价格": "1740"
    },
    {
      "出发地": "南京",
      "目的地": "哈尔滨",
      "航班类型": "国内航班",
      "航班日期": "2026-02-15",
      "航班代码": "HU7856/HU7327",
      "价格": "1615"
    },
    {
      "出发地": "南京",
      "目的地": "哈尔滨",
      "航班类型": "国内航班",
      "航班日期": "2026-02-16",
      "航班代码": "A67705/FU6642",
      "价格": "1229"
    },
    {
      "出发地": "南京",
      "目的地": "哈尔滨",
      "航班类型": "国内航班",
      "航班日期": "2026-02-17",
      "航班代码": "A67705/FU6642",
      "价格": "1109"
    },
    {
      "出发地": "南京",
      "目的地": "哈尔滨",
      "航班类型": "国内航班",
      "航班日期": "2026-02-18",
      "航班代码": "MU2881/3U3314",
      "价格": "1297"
    },
    {
      "出发地": "南京",
      "目的地": "哈尔滨",
      "航班类型": "国内航班",
      "航班日期": "2026-02-19",
      "航班代码": "A67705/FU6642",
      "价格": "1210"
    },
    {
      "出发地": "南京",
      "目的地": "哈尔滨",
      "航班类型": "国内航班",
      "航班日期": "2026-02-20",
      "航班代码": "MU2881/MU5619",
      "价格": "1209"
    },
    {
      "出发地": "南京",
      "目的地": "哈尔滨",
      "航班类型": "国内航班",
      "航班日期": "2026-02-21",
      "航班代码": "MU2881/3U3314",
      "价格": "1407"
    },
    {
      "出发地": "南京",
      "目的地": "哈尔滨",
      "航班类型": "国内航班",
      "航班日期": "2026-02-22",
      "航班代码": "MU2763",
      "价格": "1740"
    },
    {
      "出发地": "南京",
      "目的地": "哈尔滨",
      "航班类型": "国内航班",
      "航班日期": "2026-02-24",
      "航班代码": "MU2881/3U3312",
      "价格": "1173"
    },
    {
      "出发地": "南京",
      "目的地": "哈尔滨",
      "航班类型": "国内航班",
      "航班日期": "2026-02-25",
      "航班代码": "MU2763",
      "价格": "1740"
    },
    {
      "出发地": "南京",
      "目的地": "哈尔滨",
      "航班类型": "国内航班",
      "航班日期": "2026-02-26",
      "航班代码": "MU2881/9C6803",
      "价格": "1086"
    },
    {
      "出发地": "南京",
      "目的地": "哈尔滨",
      "航班类型": "国内航班",
      "航班日期": "2026-02-27",
      "航班代码": "MU2881/9C8869",
      "价格": "1003"
    },
    {
      "出发地": "南京",
      "目的地": "哈尔滨",
      "航班类型": "国内航班",
      "航班日期": "2026-02-28",
      "航班代码": "HO1723",
      "价格": "540"
    }
  ]
}