{
  "查询条件": {
    "出发地": "南京",
    "目的地": "长沙"
  },
  "航班数量": 28,
  "航班列表": [
    {
      "出发地": "南京",
      "目的地": "长沙",
      "航班类型": "国内航班",
      "航班日期": "2025-12-16",
      "航班代码": "MU2753",
      "价格": "269"
    },
    {
      "出发地": "南京",
      "目的地": "长沙",
      "航班类型": "国内航班",
      "航班日期": "2025-12-17",
      "航班代码": "MU2753",
      "价格": "269"
    },
    {
      "出发地": "南京",
      "目的地": "长沙",
      "航班类型": "国内航班",
      "航班日期": "2025-12-18",
      "航班代码": "MU2753",
      "价格": "230"
    },
    {
      "出发地": "南京",
      "目的地": "长沙",
      "航班类型": "国内航班",
      "航班日期": "2025-12-19",
      "航班代码": "HU7792",
      "价格": "370"
    },
    {
      "出发地": "南京",
      "目的地": "长沙",
      "航班类型": "国内航班",
      "航班日期": "2025-12-20",
      "航班代码": "HU7792",
      "价格": "300"
    },
    {
      "出发地": "南京",
      "目的地": "长沙",
      "航班类型": "国内航班",
      "航班日期": "2025-12-21",
      "航班代码": "MU2753",
      "价格": "359"
    },
    {
      "出发地": "南京",
      "目的地": "长沙",
      "航班类型": "国内航班",
      "航班日期": "2025-12-22",
      "航班代码": "MF8506",
      "价格": "310"
    },
    {
      "出发地": "南京",
      "目的地": "长沙",
      "航班类型": "国内航班",
      "航班日期": "2025-12-23",
      "航班代码": "MU2753",
      "价格": "269"
    },
    {
      "出发地": "南京",
      "目的地": "长沙",
      "航班类型": "国内航班",
      "航班日期": "2025-12-24",
      "航班代码": "MU2753",
      "价格": "269"
    },
    {
      "出发地": "南京",
      "目的地": "长沙",
      "航班类型": "国内航班",
      "航班日期": "2025-12-25",
      "航班代码": "MU2753",
      "价格": "250"
    },
    {
      "出发地": "南京",
      "目的地": "长沙",
      "航班类型": "国内航班",
      "航班日期": "2025-12-26",
      "航班代码": "MU2773",
      "价格": "319"
    },
    {
      "出发地": "南京",
      "目的地": "长沙",
      "航班类型": "国内航班",
      "航班日期": "2025-12-27",
      "航班代码": "HU7792",
      "价格": "300"
    },
    {
      "出发地": "南京",
      "目的地": "长沙",
      "航班类型": "国内航班",
      "航班日期": "2025-12-28",
      "航班代码": "MU2753",
      "价格": "359"
    },
    {
      "出发地": "南京",
      "目的地": "长沙",
      "航班类型": "国内航班",
      "航班日期": "2025-12-29",
      "航班代码": "MF8506",
      "价格": "310"
    },
    {
      "出发地": "南京",
      "目的地": "长沙",
      "航班类型": "国内航班",
      "航班日期": "2025-12-31",
      "航班代码": "MU2753",
      "价格": "340"
    },
    {
      "出发地": "南京",
      "目的地": "长沙",
      "航班类型": "国内航班",
      "航班日期": "2026-01-02",
      "航班代码": "MU2753",
      "价格": "230"
    },
    {
      "出发地": "南京",
      "目的地": "长沙",
      "航班类型": "国内航班",
      "航班日期": "2026-02-05",
      "航班代码": "MU2881/FM9399",
      "价格": "722"
    },
    {
      "出发地": "南京",
      "目的地": "长沙",
      "航班类型": "国内航班",
      "航班日期": "2026-02-06",
      "航班代码": "MU2881/MU8473",
      "价格": "540"
    },
    {
      "出发地": "南京",
      "目的地": "长沙",
      "航班类型": "国内航班",
      "航班日期": "2026-02-07",
      "航班代码": "MU2881/MU8473",
      "价格": "540"
    },
    {
      "出发地": "南京",
      "目的地": "长沙",
      "航班类型": "国内航班",
      "航班日期": "2026-02-08",
      "航班代码": "MU2881/MU8473",
      "价格": "540"
    },
    {
      "出发地": "南京",
      "目的地": "长沙",
      "航班类型": "国内航班",
      "航班日期": "2026-02-09",
      "航班代码": "HU7792",
      "价格": "890"
    },
    {
      "出发地": "南京",
      "目的地": "长沙",
      "航班类型": "国内航班",
      "航班日期": "2026-02-10",
      "航班代码": "HU7792",
      "价格": "890"
    },
    {
      "出发地": "南京",
      "目的地": "长沙",
      "航班类型": "国内航班",
      "航班日期": "2026-02-14",
      "航班代码": "HU7792",
      "价格": "890"
    },
    {
      "出发地": "南京",
      "目的地": "长沙",
      "航班类型": "国内航班",
      "航班日期": "2026-02-15",
      "航班代码": "MU2881/FM9390",
      "价格": "594"
    },
    {
      "出发地": "南京",
      "目的地": "长沙",
      "航班类型": "国内航班",
      "航班日期": "2026-02-16",
      "航班代码": "MU2881/MU8473",
      "价格": "540"
    },
    {
      "出发地": "南京",
      "目的地": "长沙",
      "航班类型": "国内航班",
      "航班日期": "2026-02-17",
      "航班代码": "MU2881/MU8473",
      "价格": "540"
    },
    {
      "出发地": "南京",
      "目的地": "长沙",
      "航班类型": "国内航班",
      "航班日期": "2026-02-18",
      "航班代码": "HU7792",
      "价格": "890"
    },
    {
      "出发地": "南京",
      "目的地": "长沙",
      "航班类型": "国内航班",
      "航班日期": "2026-02-19",
      "航班代码": "HU7792",
      "价格": "890"
    }
  ]
}