{
  "查询条件": {
    "出发地": "南京",
    "目的地": "厦门"
  },
  "航班数量": 28,
  "航班列表": [
    {
      "出发地": "南京",
      "目的地": "厦门",
      "航班类型": "国内航班",
      "航班日期": "2025-12-16",
      "航班代码": "MU2881/MU5637",
      "价格": "390"
    },
    {
      "出发地": "南京",
      "目的地": "厦门",
      "航班类型": "国内航班",
      "航班日期": "2025-12-17",
      "航班代码": "MU2863",
      "价格": "299"
    },
    {
      "出发地": "南京",
      "目的地": "厦门",
      "航班类型": "国内航班",
      "航班日期": "2025-12-18",
      "航班代码": "KN2820/KN2119",
      "价格": "399"
    },
    {
      "出发地": "南京",
      "目的地": "厦门",
      "航班类型": "国内航班",
      "航班日期": "2025-12-19",
      "航班代码": "MU2881/MU5637",
      "价格": "390"
    },
    {
      "出发地": "南京",
      "目的地": "厦门",
      "航班类型": "国内航班",
      "航班日期": "2025-12-20",
      "航班代码": "MU2881/MU5637",
      "价格": "388"
    },
    {
      "出发地": "南京",
      "目的地": "厦门",
      "航班类型": "国内航班",
      "航班日期": "2025-12-21",
      "航班代码": "KN2820/KN2119",
      "价格": "399"
    },
    {
      "出发地": "南京",
      "目的地": "厦门",
      "航班类型": "国内航班",
      "航班日期": "2025-12-22",
      "航班代码": "KN2820/KN2119",
      "价格": "400"
    },
    {
      "出发地": "南京",
      "目的地": "厦门",
      "航班类型": "国内航班",
      "航班日期": "2025-12-23",
      "航班代码": "MU2881/MU5641",
      "价格": "390"
    },
    {
      "出发地": "南京",
      "目的地": "厦门",
      "航班类型": "国内航班",
      "航班日期": "2025-12-24",
      "航班代码": "KN2820/KN2119",
      "价格": "399"
    },
    {
      "出发地": "南京",
      "目的地": "厦门",
      "航班类型": "国内航班",
      "航班日期": "2025-12-25",
      "航班代码": "KN2820/KN2119",
      "价格": "399"
    },
    {
      "出发地": "南京",
      "目的地": "厦门",
      "航班类型": "国内航班",
      "航班日期": "2025-12-26",
      "航班代码": "MU2881/MU5637",
      "价格": "388"
    },
    {
      "出发地": "南京",
      "目的地": "厦门",
      "航班类型": "国内航班",
      "航班日期": "2025-12-27",
      "航班代码": "MU2881/MU5641",
      "价格": "388"
    },
    {
      "出发地": "南京",
      "目的地": "厦门",
      "航班类型": "国内航班",
      "航班日期": "2025-12-28",
      "航班代码": "MU2881/MU5637",
      "价格": "388"
    },
    {
      "出发地": "南京",
      "目的地": "厦门",
      "航班类型": "国内航班",
      "航班日期": "2025-12-29",
      "航班代码": "MU2881/MU5637",
      "价格": "388"
    },
    {
      "出发地": "南京",
      "目的地": "厦门",
      "航班类型": "国内航班",
      "航班日期": "2025-12-30",
      "航班代码": "MU2881/MU5641",
      "价格": "388"
    },
    {
      "出发地": "南京",
      "目的地": "厦门",
      "航班类型": "国内航班",
      "航班日期": "2025-12-31",
      "航班代码": "MU2881/MU5641",
      "价格": "584"
    },
    {
      "出发地": "南京",
      "目的地": "厦门",
      "航班类型": "国内航班",
      "航班日期": "2026-01-01",
      "航班代码": "MF8560",
      "价格": "400"
    },
    {
      "出发地": "南京",
      "目的地": "厦门",
      "航班类型": "国内航班",
      "航班日期": "2026-01-02",
      "航班代码": "MU2881/MU5637",
      "价格": "398"
    },
    {
      "出发地": "南京",
      "目的地": "厦门",
      "航班类型": "国内航班",
      "航班日期": "2026-01-03",
      "航班代码": "MU2881/9C8815",
      "价格": "515"
    },
    {
      "出发地": "南京",
      "目的地": "厦门",
      "航班类型": "国内航班",
      "航班日期": "2026-01-09",
      "航班代码": "KN2820/KN2119",
      "价格": "417"
    },
    {
      "出发地": "南京",
      "目的地": "厦门",
      "航班类型": "国内航班",
      "航班日期": "2026-01-10",
      "航班代码": "KN2820/KN2119",
      "价格": "399"
    },
    {
      "出发地": "南京",
      "目的地": "厦门",
      "航班类型": "国内航班",
      "航班日期": "2026-01-13",
      "航班代码": "MU2881/MU5637",
      "价格": "390"
    },
    {
      "出发地": "南京",
      "目的地": "厦门",
      "航班类型": "国内航班",
      "航班日期": "2026-01-16",
      "航班代码": "MU2881/MU5637",
      "价格": "390"
    },
    {
      "出发地": "南京",
      "目的地": "厦门",
      "航班类型": "国内航班",
      "航班日期": "2026-01-17",
      "航班代码": "MU2913",
      "价格": "299"
    },
    {
      "出发地": "南京",
      "目的地": "厦门",
      "航班类型": "国内航班",
      "航班日期": "2026-01-18",
      "航班代码": "MU2863",
      "价格": "259"
    },
    {
      "出发地": "南京",
      "目的地": "厦门",
      "航班类型": "国内航班",
      "航班日期": "2026-01-19",
      "航班代码": "MU2863",
      "价格": "259"
    },
    {
      "出发地": "南京",
      "目的地": "厦门",
      "航班类型": "国内航班",
      "航班日期": "2026-01-22",
      "航班代码": "MU2863",
      "价格": "299"
    },
    {
      "出发地": "南京",
      "目的地": "厦门",
      "航班类型": "国内航班",
      "航班日期": "2026-01-23",
      "航班代码": "MU2863",
      "价格": "299"
    }
  ]
}