{
  "查询条件": {
    "出发地": "广州",
    "目的地": "三亚"
  },
  "航班数量": 67,
  "航班列表": [
    {
      "出发地": "广州",
      "目的地": "三亚",
      "航班类型": "国内航班",
      "航班日期": "2025-12-16",
      "航班代码": "CZ6732",
      "价格": "670"
    },
    {
      "出发地": "广州",
      "目的地": "三亚",
      "航班类型": "国内航班",
      "航班日期": "2025-12-17",
      "航班代码": "AQ1113",
      "价格": "639"
    },
    {
      "出发地": "广州",
      "目的地": "三亚",
      "航班类型": "国内航班",
      "航班日期": "2025-12-18",
      "航班代码": "CZ6732",
      "价格": "720"
    },
    {
      "出发地": "广州",
      "目的地": "三亚",
      "航班类型": "国内航班",
      "航班日期": "2025-12-19",
      "航班代码": "AQ1113",
      "价格": "559"
    },
    {
      "出发地": "广州",
      "目的地": "三亚",
      "航班类型": "国内航班",
      "航班日期": "2025-12-20",
      "航班代码": "CZ6736",
      "价格": "740"
    },
    {
      "出发地": "广州",
      "目的地": "三亚",
      "航班类型": "国内航班",
      "航班日期": "2025-12-21",
      "航班代码": "AQ1113",
      "价格": "559"
    },
    {
      "出发地": "广州",
      "目的地": "三亚",
      "航班类型": "国内航班",
      "航班日期": "2025-12-22",
      "航班代码": "MF1263",
      "价格": "590"
    },
    {
      "出发地": "广州",
      "目的地": "三亚",
      "航班类型": "国内航班",
      "航班日期": "2025-12-23",
      "航班代码": "HU7151/HU7304",
      "价格": "500"
    },
    {
      "出发地": "广州",
      "目的地": "三亚",
      "航班类型": "国内航班",
      "航班日期": "2025-12-24",
      "航班代码": "AQ1113",
      "价格": "639"
    },
    {
      "出发地": "广州",
      "目的地": "三亚",
      "航班类型": "国内航班",
      "航班日期": "2025-12-25",
      "航班代码": "CZ6411/GY7105",
      "价格": "1144"
    },
    {
      "出发地": "广州",
      "目的地": "三亚",
      "航班类型": "国内航班",
      "航班日期": "2025-12-26",
      "航班代码": "MU5734/MU5771",
      "价格": "1118"
    },
    {
      "出发地": "广州",
      "目的地": "三亚",
      "航班类型": "国内航班",
      "航班日期": "2025-12-27",
      "航班代码": "CZ3805/MF8307",
      "价格": "847"
    },
    {
      "出发地": "广州",
      "目的地": "三亚",
      "航班类型": "国内航班",
      "航班日期": "2025-12-28",
      "航班代码": "MF1263",
      "价格": "730"
    },
    {
      "出发地": "广州",
      "目的地": "三亚",
      "航班类型": "国内航班",
      "航班日期": "2025-12-29",
      "航班代码": "HU7207/8L9965",
      "价格": "769"
    },
    {
      "出发地": "广州",
      "目的地": "三亚",
      "航班类型": "国内航班",
      "航班日期": "2025-12-30",
      "航班代码": "3U8750/3U3210",
      "价格": "919"
    },
    {
      "出发地": "广州",
      "目的地": "三亚",
      "航班类型": "国内航班",
      "航班日期": "2025-12-31",
      "航班代码": "AQ1113",
      "价格": "879"
    },
    {
      "出发地": "广州",
      "目的地": "三亚",
      "航班类型": "国内航班",
      "航班日期": "2026-01-01",
      "航班代码": "CZ6732",
      "价格": "570"
    },
    {
      "出发地": "广州",
      "目的地": "三亚",
      "航班类型": "国内航班",
      "航班日期": "2026-01-02",
      "航班代码": "CZ6732",
      "价格": "480"
    },
    {
      "出发地": "广州",
      "目的地": "三亚",
      "航班类型": "国内航班",
      "航班日期": "2026-01-03",
      "航班代码": "MF1263",
      "价格": "570"
    },
    {
      "出发地": "广州",
      "目的地": "三亚",
      "航班类型": "国内航班",
      "航班日期": "2026-01-04",
      "航班代码": "AQ1111",
      "价格": "479"
    },
    {
      "出发地": "广州",
      "目的地": "三亚",
      "航班类型": "国内航班",
      "航班日期": "2026-01-06",
      "航班代码": "MF1263",
      "价格": "580"
    },
    {
      "出发地": "广州",
      "目的地": "三亚",
      "航班类型": "国内航班",
      "航班日期": "2026-01-07",
      "航班代码": "AQ1113",
      "价格": "479"
    },
    {
      "出发地": "广州",
      "目的地": "三亚",
      "航班类型": "国内航班",
      "航班日期": "2026-01-08",
      "航班代码": "MF1263",
      "价格": "570"
    },
    {
      "出发地": "广州",
      "目的地": "三亚",
      "航班类型": "国内航班",
      "航班日期": "2026-01-09",
      "航班代码": "AQ1113",
      "价格": "479"
    },
    {
      "出发地": "广州",
      "目的地": "三亚",
      "航班类型": "国内航班",
      "航班日期": "2026-01-10",
      "航班代码": "MF1263",
      "价格": "570"
    },
    {
      "出发地": "广州",
      "目的地": "三亚",
      "航班类型": "国内航班",
      "航班日期": "2026-01-11",
      "航班代码": "AQ1113",
      "价格": "479"
    },
    {
      "出发地": "广州",
      "目的地": "三亚",
      "航班类型": "国内航班",
      "航班日期": "2026-01-12",
      "航班代码": "AQ1113",
      "价格": "559"
    },
    {
      "出发地": "广州",
      "目的地": "三亚",
      "航班类型": "国内航班",
      "航班日期": "2026-01-13",
      "航班代码": "AQ1111",
      "价格": "959"
    },
    {
      "出发地": "广州",
      "目的地": "三亚",
      "航班类型": "国内航班",
      "航班日期": "2026-01-14",
      "航班代码": "AQ1113",
      "价格": "559"
    },
    {
      "出发地": "广州",
      "目的地": "三亚",
      "航班类型": "国内航班",
      "航班日期": "2026-01-15",
      "航班代码": "MF1263",
      "价格": "570"
    },
    {
      "出发地": "广州",
      "目的地": "三亚",
      "航班类型": "国内航班",
      "航班日期": "2026-01-16",
      "航班代码": "AQ1113",
      "价格": "479"
    },
    {
      "出发地": "广州",
      "目的地": "三亚",
      "航班类型": "国内航班",
      "航班日期": "2026-01-17",
      "航班代码": "MF1263",
      "价格": "570"
    },
    {
      "出发地": "广州",
      "目的地": "三亚",
      "航班类型": "国内航班",
      "航班日期": "2026-01-18",
      "航班代码": "AQ1113",
      "价格": "559"
    },
    {
      "出发地": "广州",
      "目的地": "三亚",
      "航班类型": "国内航班",
      "航班日期": "2026-01-19",
      "航班代码": "AQ1113",
      "价格": "559"
    },
    {
      "出发地": "广州",
      "目的地": "三亚",
      "航班类型": "国内航班",
      "航班日期": "2026-01-20",
      "航班代码": "MF1263",
      "价格": "570"
    },
    {
      "出发地": "广州",
      "目的地": "三亚",
      "航班类型": "国内航班",
      "航班日期": "2026-01-21",
      "航班代码": "AQ1113",
      "价格": "559"
    },
    {
      "出发地": "广州",
      "目的地": "三亚",
      "航班类型": "国内航班",
      "航班日期": "2026-01-22",
      "航班代码": "MF1263",
      "价格": "570"
    },
    {
      "出发地": "广州",
      "目的地": "三亚",
      "航班类型": "国内航班",
      "航班日期": "2026-01-23",
      "航班代码": "MF1263",
      "价格": "660"
    },
    {
      "出发地": "广州",
      "目的地": "三亚",
      "航班类型": "国内航班",
      "航班日期": "2026-01-26",
      "航班代码": "AQ1113",
      "价格": "719"
    },
    {
      "出发地": "广州",
      "目的地": "三亚",
      "航班类型": "国内航班",
      "航班日期": "2026-01-27",
      "航班代码": "MF1263",
      "价格": "730"
    },
    {
      "出发地": "广州",
      "目的地": "三亚",
      "航班类型": "国内航班",
      "航班日期": "2026-01-28",
      "航班代码": "AQ1113",
      "价格": "639"
    },
    {
      "出发地": "广州",
      "目的地": "三亚",
      "航班类型": "国内航班",
      "航班日期": "2026-01-29",
      "航班代码": "AQ1111",
      "价格": "1039"
    },
    {
      "出发地": "广州",
      "目的地": "三亚",
      "航班类型": "国内航班",
      "航班日期": "2026-01-30",
      "航班代码": "AQ1113",
      "价格": "799"
    },
    {
      "出发地": "广州",
      "目的地": "三亚",
      "航班类型": "国内航班",
      "航班日期": "2026-01-31",
      "航班代码": "MF1263",
      "价格": "910"
    },
    {
      "出发地": "广州",
      "目的地": "三亚",
      "航班类型": "国内航班",
      "航班日期": "2026-02-01",
      "航班代码": "MF1263",
      "价格": "1170"
    },
    {
      "出发地": "广州",
      "目的地": "三亚",
      "航班类型": "国内航班",
      "航班日期": "2026-02-03",
      "航班代码": "AQ1111",
      "价格": "1610"
    },
    {
      "出发地": "广州",
      "目的地": "三亚",
      "航班类型": "国内航班",
      "航班日期": "2026-02-04",
      "航班代码": "AQ1113",
      "价格": "1610"
    },
    {
      "出发地": "广州",
      "目的地": "三亚",
      "航班类型": "国内航班",
      "航班日期": "2026-02-05",
      "航班代码": "MF1263",
      "价格": "1098"
    },
    {
      "出发地": "广州",
      "目的地": "三亚",
      "航班类型": "国内航班",
      "航班日期": "2026-02-06",
      "航班代码": "AQ1113",
      "价格": "969"
    },
    {
      "出发地": "广州",
      "目的地": "三亚",
      "航班类型": "国内航班",
      "航班日期": "2026-02-07",
      "航班代码": "AQ1111",
      "价格": "1610"
    },
    {
      "出发地": "广州",
      "目的地": "三亚",
      "航班类型": "国内航班",
      "航班日期": "2026-02-08",
      "航班代码": "AQ1113",
      "价格": "1218"
    },
    {
      "出发地": "广州",
      "目的地": "三亚",
      "航班类型": "国内航班",
      "航班日期": "2026-02-09",
      "航班代码": "AQ1113",
      "价格": "1458"
    },
    {
      "出发地": "广州",
      "目的地": "三亚",
      "航班类型": "国内航班",
      "航班日期": "2026-02-10",
      "航班代码": "AQ1111",
      "价格": "1610"
    },
    {
      "出发地": "广州",
      "目的地": "三亚",
      "航班类型": "国内航班",
      "航班日期": "2026-02-11",
      "航班代码": "AQ1113",
      "价格": "1610"
    },
    {
      "出发地": "广州",
      "目的地": "三亚",
      "航班类型": "国内航班",
      "航班日期": "2026-02-12",
      "航班代码": "AQ1111",
      "价格": "1610"
    },
    {
      "出发地": "广州",
      "目的地": "三亚",
      "航班类型": "国内航班",
      "航班日期": "2026-02-13",
      "航班代码": "AQ1113",
      "价格": "1610"
    },
    {
      "出发地": "广州",
      "目的地": "三亚",
      "航班类型": "国内航班",
      "航班日期": "2026-02-14",
      "航班代码": "MF1263",
      "价格": "1440"
    },
    {
      "出发地": "广州",
      "目的地": "三亚",
      "航班类型": "国内航班",
      "航班日期": "2026-02-15",
      "航班代码": "AQ1113",
      "价格": "1610"
    },
    {
      "出发地": "广州",
      "目的地": "三亚",
      "航班类型": "国内航班",
      "航班日期": "2026-02-16",
      "航班代码": "AQ1113",
      "价格": "1610"
    },
    {
      "出发地": "广州",
      "目的地": "三亚",
      "航班类型": "国内航班",
      "航班日期": "2026-02-17",
      "航班代码": "AQ1111",
      "价格": "1610"
    },
    {
      "出发地": "广州",
      "目的地": "三亚",
      "航班类型": "国内航班",
      "航班日期": "2026-02-18",
      "航班代码": "3U1794",
      "价格": "1450"
    },
    {
      "出发地": "广州",
      "目的地": "三亚",
      "航班类型": "国内航班",
      "航班日期": "2026-02-19",
      "航班代码": "MF1263",
      "价格": "910"
    },
    {
      "出发地": "广州",
      "目的地": "三亚",
      "航班类型": "国内航班",
      "航班日期": "2026-02-20",
      "航班代码": "AQ1113",
      "价格": "1610"
    },
    {
      "出发地": "广州",
      "目的地": "三亚",
      "航班类型": "国内航班",
      "航班日期": "2026-02-23",
      "航班代码": "AQ1113",
      "价格": "1610"
    },
    {
      "出发地": "广州",
      "目的地": "三亚",
      "航班类型": "国内航班",
      "航班日期": "2026-02-24",
      "航班代码": "AQ1111",
      "价格": "1610"
    },
    {
      "出发地": "广州",
      "目的地": "三亚",
      "航班类型": "国内航班",
      "航班日期": "2026-02-25",
      "航班代码": "AQ1113",
      "价格": "329"
    },
    {
      "出发地": "广州",
      "目的地": "三亚",
      "航班类型": "国内航班",
      "航班日期": "2026-02-28",
      "航班代码": "HU7308",
      "价格": "1740"
    }
  ]
}