{
  "查询条件": {
    "出发地": "广州",
    "目的地": "昆明"
  },
  "航班数量": 80,
  "航班列表": [
    {
      "出发地": "广州",
      "目的地": "昆明",
      "航班类型": "国内航班",
      "航班日期": "2025-12-16",
      "航班代码": "MF8326/MF8429",
      "价格": "380"
    },
    {
      "出发地": "广州",
      "目的地": "昆明",
      "航班类型": "国内航班",
      "航班日期": "2025-12-17",
      "航班代码": "G56286",
      "价格": "400"
    },
    {
      "出发地": "广州",
      "目的地": "昆明",
      "航班类型": "国内航班",
      "航班日期": "2025-12-18",
      "航班代码": "MF8326/MF8429",
      "价格": "350"
    },
    {
      "出发地": "广州",
      "目的地": "昆明",
      "航班类型": "国内航班",
      "航班日期": "2025-12-19",
      "航班代码": "CA4320/CA2541",
      "价格": "449"
    },
    {
      "出发地": "广州",
      "目的地": "昆明",
      "航班类型": "国内航班",
      "航班日期": "2025-12-20",
      "航班代码": "CA4304/CA4413",
      "价格": "445"
    },
    {
      "出发地": "广州",
      "目的地": "昆明",
      "航班类型": "国内航班",
      "航班日期": "2025-12-21",
      "航班代码": "CA4310/CA2545",
      "价格": "445"
    },
    {
      "出发地": "广州",
      "目的地": "昆明",
      "航班类型": "国内航班",
      "航班日期": "2025-12-22",
      "航班代码": "CA4310/CA2545",
      "价格": "445"
    },
    {
      "出发地": "广州",
      "目的地": "昆明",
      "航班类型": "国内航班",
      "航班日期": "2025-12-23",
      "航班代码": "HU7207",
      "价格": "480"
    },
    {
      "出发地": "广州",
      "目的地": "昆明",
      "航班类型": "国内航班",
      "航班日期": "2025-12-24",
      "航班代码": "CA4327/CA4411",
      "价格": "449"
    },
    {
      "出发地": "广州",
      "目的地": "昆明",
      "航班类型": "国内航班",
      "航班日期": "2025-12-25",
      "航班代码": "MU6825/MU9756",
      "价格": "516"
    },
    {
      "出发地": "广州",
      "目的地": "昆明",
      "航班类型": "国内航班",
      "航班日期": "2025-12-26",
      "航班代码": "CA4320/CA2541",
      "价格": "449"
    },
    {
      "出发地": "广州",
      "目的地": "昆明",
      "航班类型": "国内航班",
      "航班日期": "2025-12-27",
      "航班代码": "CZ5592/A67150",
      "价格": "574"
    },
    {
      "出发地": "广州",
      "目的地": "昆明",
      "航班类型": "国内航班",
      "航班日期": "2025-12-28",
      "航班代码": "AQ1119",
      "价格": "449"
    },
    {
      "出发地": "广州",
      "目的地": "昆明",
      "航班类型": "国内航班",
      "航班日期": "2025-12-29",
      "航班代码": "8L9976",
      "价格": "420"
    },
    {
      "出发地": "广州",
      "目的地": "昆明",
      "航班类型": "国内航班",
      "航班日期": "2025-12-30",
      "航班代码": "KY8280",
      "价格": "580"
    },
    {
      "出发地": "广州",
      "目的地": "昆明",
      "航班类型": "国内航班",
      "航班日期": "2025-12-31",
      "航班代码": "8L9976",
      "价格": "680"
    },
    {
      "出发地": "广州",
      "目的地": "昆明",
      "航班类型": "国内航班",
      "航班日期": "2026-01-01",
      "航班代码": "MU5740",
      "价格": "410"
    },
    {
      "出发地": "广州",
      "目的地": "昆明",
      "航班类型": "国内航班",
      "航班日期": "2026-01-02",
      "航班代码": "8L9976",
      "价格": "380"
    },
    {
      "出发地": "广州",
      "目的地": "昆明",
      "航班类型": "国内航班",
      "航班日期": "2026-01-03",
      "航班代码": "HU7207",
      "价格": "481"
    },
    {
      "出发地": "广州",
      "目的地": "昆明",
      "航班类型": "国内航班",
      "航班日期": "2026-01-04",
      "航班代码": "KY8282",
      "价格": "375"
    },
    {
      "出发地": "广州",
      "目的地": "昆明",
      "航班类型": "国内航班",
      "航班日期": "2026-01-05",
      "航班代码": "AQ1119",
      "价格": "329"
    },
    {
      "出发地": "广州",
      "目的地": "昆明",
      "航班类型": "国内航班",
      "航班日期": "2026-01-06",
      "航班代码": "KY8282",
      "价格": "415"
    },
    {
      "出发地": "广州",
      "目的地": "昆明",
      "航班类型": "国内航班",
      "航班日期": "2026-01-07",
      "航班代码": "MU5740",
      "价格": "486"
    },
    {
      "出发地": "广州",
      "目的地": "昆明",
      "航班类型": "国内航班",
      "航班日期": "2026-01-08",
      "航班代码": "G56286",
      "价格": "400"
    },
    {
      "出发地": "广州",
      "目的地": "昆明",
      "航班类型": "国内航班",
      "航班日期": "2026-01-09",
      "航班代码": "AQ1119",
      "价格": "389"
    },
    {
      "出发地": "广州",
      "目的地": "昆明",
      "航班类型": "国内航班",
      "航班日期": "2026-01-10",
      "航班代码": "HU7207",
      "价格": "500"
    },
    {
      "出发地": "广州",
      "目的地": "昆明",
      "航班类型": "国内航班",
      "航班日期": "2026-01-11",
      "航班代码": "AQ1119",
      "价格": "449"
    },
    {
      "出发地": "广州",
      "目的地": "昆明",
      "航班类型": "国内航班",
      "航班日期": "2026-01-12",
      "航班代码": "8L9976",
      "价格": "410"
    },
    {
      "出发地": "广州",
      "目的地": "昆明",
      "航班类型": "国内航班",
      "航班日期": "2026-01-13",
      "航班代码": "KY8282",
      "价格": "545"
    },
    {
      "出发地": "广州",
      "目的地": "昆明",
      "航班类型": "国内航班",
      "航班日期": "2026-01-14",
      "航班代码": "AQ1119",
      "价格": "449"
    },
    {
      "出发地": "广州",
      "目的地": "昆明",
      "航班类型": "国内航班",
      "航班日期": "2026-01-15",
      "航班代码": "8L9976",
      "价格": "450"
    },
    {
      "出发地": "广州",
      "目的地": "昆明",
      "航班类型": "国内航班",
      "航班日期": "2026-01-16",
      "航班代码": "AQ1119",
      "价格": "449"
    },
    {
      "出发地": "广州",
      "目的地": "昆明",
      "航班类型": "国内航班",
      "航班日期": "2026-01-17",
      "航班代码": "8L9976",
      "价格": "440"
    },
    {
      "出发地": "广州",
      "目的地": "昆明",
      "航班类型": "国内航班",
      "航班日期": "2026-01-18",
      "航班代码": "8L9976",
      "价格": "560"
    },
    {
      "出发地": "广州",
      "目的地": "昆明",
      "航班类型": "国内航班",
      "航班日期": "2026-01-19",
      "航班代码": "KY8282",
      "价格": "610"
    },
    {
      "出发地": "广州",
      "目的地": "昆明",
      "航班类型": "国内航班",
      "航班日期": "2026-01-20",
      "航班代码": "MU6823",
      "价格": "720"
    },
    {
      "出发地": "广州",
      "目的地": "昆明",
      "航班类型": "国内航班",
      "航班日期": "2026-01-21",
      "航班代码": "AQ1119",
      "价格": "529"
    },
    {
      "出发地": "广州",
      "目的地": "昆明",
      "航班类型": "国内航班",
      "航班日期": "2026-01-22",
      "航班代码": "8L9976",
      "价格": "450"
    },
    {
      "出发地": "广州",
      "目的地": "昆明",
      "航班类型": "国内航班",
      "航班日期": "2026-01-23",
      "航班代码": "MU5740",
      "价格": "720"
    },
    {
      "出发地": "广州",
      "目的地": "昆明",
      "航班类型": "国内航班",
      "航班日期": "2026-01-24",
      "航班代码": "8L9976",
      "价格": "690"
    },
    {
      "出发地": "广州",
      "目的地": "昆明",
      "航班类型": "国内航班",
      "航班日期": "2026-01-25",
      "航班代码": "AQ1119",
      "价格": "599"
    },
    {
      "出发地": "广州",
      "目的地": "昆明",
      "航班类型": "国内航班",
      "航班日期": "2026-01-26",
      "航班代码": "AQ1119",
      "价格": "789"
    },
    {
      "出发地": "广州",
      "目的地": "昆明",
      "航班类型": "国内航班",
      "航班日期": "2026-01-27",
      "航班代码": "FM9308/MU5808",
      "价格": "1091"
    },
    {
      "出发地": "广州",
      "目的地": "昆明",
      "航班类型": "国内航班",
      "航班日期": "2026-01-28",
      "航班代码": "AQ1119",
      "价格": "949"
    },
    {
      "出发地": "广州",
      "目的地": "昆明",
      "航班类型": "国内航班",
      "航班日期": "2026-01-29",
      "航班代码": "G56286",
      "价格": "790"
    },
    {
      "出发地": "广州",
      "目的地": "昆明",
      "航班类型": "国内航班",
      "航班日期": "2026-01-30",
      "航班代码": "CZ3497",
      "价格": "590"
    },
    {
      "出发地": "广州",
      "目的地": "昆明",
      "航班类型": "国内航班",
      "航班日期": "2026-01-31",
      "航班代码": "CZ3497",
      "价格": "700"
    },
    {
      "出发地": "广州",
      "目的地": "昆明",
      "航班类型": "国内航班",
      "航班日期": "2026-02-01",
      "航班代码": "8L9976",
      "价格": "720"
    },
    {
      "出发地": "广州",
      "目的地": "昆明",
      "航班类型": "国内航班",
      "航班日期": "2026-02-02",
      "航班代码": "8L9976",
      "价格": "740"
    },
    {
      "出发地": "广州",
      "目的地": "昆明",
      "航班类型": "国内航班",
      "航班日期": "2026-02-03",
      "航班代码": "3U1153",
      "价格": "907"
    },
    {
      "出发地": "广州",
      "目的地": "昆明",
      "航班类型": "国内航班",
      "航班日期": "2026-02-04",
      "航班代码": "CZ3896/DR6530",
      "价格": "956"
    },
    {
      "出发地": "广州",
      "目的地": "昆明",
      "航班类型": "国内航班",
      "航班日期": "2026-02-06",
      "航班代码": "AQ1119",
      "价格": "1079"
    },
    {
      "出发地": "广州",
      "目的地": "昆明",
      "航班类型": "国内航班",
      "航班日期": "2026-02-07",
      "航班代码": "8L9976",
      "价格": "1300"
    },
    {
      "出发地": "广州",
      "目的地": "昆明",
      "航班类型": "国内航班",
      "航班日期": "2026-02-08",
      "航班代码": "AQ1119",
      "价格": "1189"
    },
    {
      "出发地": "广州",
      "目的地": "昆明",
      "航班类型": "国内航班",
      "航班日期": "2026-02-09",
      "航班代码": "AQ1119",
      "价格": "1189"
    },
    {
      "出发地": "广州",
      "目的地": "昆明",
      "航班类型": "国内航班",
      "航班日期": "2026-02-10",
      "航班代码": "3U1161",
      "价格": "1430"
    },
    {
      "出发地": "广州",
      "目的地": "昆明",
      "航班类型": "国内航班",
      "航班日期": "2026-02-11",
      "航班代码": "3U8206",
      "价格": "1510"
    },
    {
      "出发地": "广州",
      "目的地": "昆明",
      "航班类型": "国内航班",
      "航班日期": "2026-02-12",
      "航班代码": "MF4274",
      "价格": "1430"
    },
    {
      "出发地": "广州",
      "目的地": "昆明",
      "航班类型": "国内航班",
      "航班日期": "2026-02-13",
      "航班代码": "AQ1119",
      "价格": "1299"
    },
    {
      "出发地": "广州",
      "目的地": "昆明",
      "航班类型": "国内航班",
      "航班日期": "2026-02-14",
      "航班代码": "8L9976",
      "价格": "1480"
    },
    {
      "出发地": "广州",
      "目的地": "昆明",
      "航班类型": "国内航班",
      "航班日期": "2026-02-15",
      "航班代码": "AQ1119",
      "价格": "1299"
    },
    {
      "出发地": "广州",
      "目的地": "昆明",
      "航班类型": "国内航班",
      "航班日期": "2026-02-16",
      "航班代码": "AQ1119",
      "价格": "969"
    },
    {
      "出发地": "广州",
      "目的地": "昆明",
      "航班类型": "国内航班",
      "航班日期": "2026-02-17",
      "航班代码": "CZ3380/A67150",
      "价格": "1070"
    },
    {
      "出发地": "广州",
      "目的地": "昆明",
      "航班类型": "国内航班",
      "航班日期": "2026-02-18",
      "航班代码": "3U5332",
      "价格": "900"
    },
    {
      "出发地": "广州",
      "目的地": "昆明",
      "航班类型": "国内航班",
      "航班日期": "2026-02-19",
      "航班代码": "MU9200/MU5323",
      "价格": "1040"
    },
    {
      "出发地": "广州",
      "目的地": "昆明",
      "航班类型": "国内航班",
      "航班日期": "2026-02-20",
      "航班代码": "3U1161",
      "价格": "800"
    },
    {
      "出发地": "广州",
      "目的地": "昆明",
      "航班类型": "国内航班",
      "航班日期": "2026-02-21",
      "航班代码": "MU5732",
      "价格": "730"
    },
    {
      "出发地": "广州",
      "目的地": "昆明",
      "航班类型": "国内航班",
      "航班日期": "2026-02-22",
      "航班代码": "8L9976",
      "价格": "1480"
    },
    {
      "出发地": "广州",
      "目的地": "昆明",
      "航班类型": "国内航班",
      "航班日期": "2026-02-23",
      "航班代码": "AQ1119",
      "价格": "689"
    },
    {
      "出发地": "广州",
      "目的地": "昆明",
      "航班类型": "国内航班",
      "航班日期": "2026-02-25",
      "航班代码": "MU5740",
      "价格": "500"
    },
    {
      "出发地": "广州",
      "目的地": "昆明",
      "航班类型": "国内航班",
      "航班日期": "2026-02-26",
      "航班代码": "MU5734",
      "价格": "1590"
    },
    {
      "出发地": "广州",
      "目的地": "昆明",
      "航班类型": "国内航班",
      "航班日期": "2026-02-27",
      "航班代码": "MU5734",
      "价格": "1590"
    },
    {
      "出发地": "广州",
      "目的地": "昆明",
      "航班类型": "国内航班",
      "航班日期": "2026-03-01",
      "航班代码": "AQ1119",
      "价格": "389"
    },
    {
      "出发地": "广州",
      "目的地": "昆明",
      "航班类型": "国内航班",
      "航班日期": "2026-03-18",
      "航班代码": "AQ1119",
      "价格": "519"
    },
    {
      "出发地": "广州",
      "目的地": "昆明",
      "航班类型": "国内航班",
      "航班日期": "2026-04-17",
      "航班代码": "MU9875/MU5617",
      "价格": "1787"
    },
    {
      "出发地": "广州",
      "目的地": "昆明",
      "航班类型": "国内航班",
      "航班日期": "2026-05-06",
      "航班代码": "3U8206",
      "价格": "1800"
    },
    {
      "出发地": "广州",
      "目的地": "昆明",
      "航班类型": "国内航班",
      "航班日期": "2026-06-01",
      "航班代码": "MU5734",
      "价格": "1590"
    },
    {
      "出发地": "广州",
      "目的地": "昆明",
      "航班类型": "国内航班",
      "航班日期": "2026-07-04",
      "航班代码": "MU9875/MU6397",
      "价格": "1751"
    },
    {
      "出发地": "广州",
      "目的地": "昆明",
      "航班类型": "国内航班",
      "航班日期": "2026-07-06",
      "航班代码": "3U8206",
      "价格": "1800"
    },
    {
      "出发地": "广州",
      "目的地": "昆明",
      "航班类型": "国内航班",
      "航班日期": "2026-07-14",
      "航班代码": "MU5734",
      "价格": "1590"
    }
  ]
}