{
  "查询条件": {
    "出发地": "广州",
    "目的地": "太原"
  },
  "航班数量": 33,
  "航班列表": [
    {
      "出发地": "广州",
      "目的地": "太原",
      "航班类型": "国内航班",
      "航班日期": "2025-12-16",
      "航班代码": "MU5252",
      "价格": "430"
    },
    {
      "出发地": "广州",
      "目的地": "太原",
      "航班类型": "国内航班",
      "航班日期": "2025-12-17",
      "航班代码": "HU7113/HU7697",
      "价格": "439"
    },
    {
      "出发地": "广州",
      "目的地": "太原",
      "航班类型": "国内航班",
      "航班日期": "2025-12-18",
      "航班代码": "MU5308/MU2403",
      "价格": "434"
    },
    {
      "出发地": "广州",
      "目的地": "太原",
      "航班类型": "国内航班",
      "航班日期": "2025-12-19",
      "航班代码": "CZ3701",
      "价格": "490"
    },
    {
      "出发地": "广州",
      "目的地": "太原",
      "航班类型": "国内航班",
      "航班日期": "2025-12-20",
      "航班代码": "MU5312/MU5273",
      "价格": "450"
    },
    {
      "出发地": "广州",
      "目的地": "太原",
      "航班类型": "国内航班",
      "航班日期": "2025-12-21",
      "航班代码": "MU5306/MU2405",
      "价格": "434"
    },
    {
      "出发地": "广州",
      "目的地": "太原",
      "航班类型": "国内航班",
      "航班日期": "2025-12-22",
      "航班代码": "MU5316/MU2403",
      "价格": "440"
    },
    {
      "出发地": "广州",
      "目的地": "太原",
      "航班类型": "国内航班",
      "航班日期": "2025-12-23",
      "航班代码": "MU5316/MU2403",
      "价格": "434"
    },
    {
      "出发地": "广州",
      "目的地": "太原",
      "航班类型": "国内航班",
      "航班日期": "2025-12-24",
      "航班代码": "MU5308/MU2403",
      "价格": "434"
    },
    {
      "出发地": "广州",
      "目的地": "太原",
      "航班类型": "国内航班",
      "航班日期": "2025-12-25",
      "航班代码": "MU5316/MU2403",
      "价格": "434"
    },
    {
      "出发地": "广州",
      "目的地": "太原",
      "航班类型": "国内航班",
      "航班日期": "2025-12-26",
      "航班代码": "MU5328/MU5209",
      "价格": "440"
    },
    {
      "出发地": "广州",
      "目的地": "太原",
      "航班类型": "国内航班",
      "航班日期": "2025-12-27",
      "航班代码": "MU5306/MU2405",
      "价格": "444"
    },
    {
      "出发地": "广州",
      "目的地": "太原",
      "航班类型": "国内航班",
      "航班日期": "2025-12-28",
      "航班代码": "MU5316/MU2403",
      "价格": "434"
    },
    {
      "出发地": "广州",
      "目的地": "太原",
      "航班类型": "国内航班",
      "航班日期": "2025-12-29",
      "航班代码": "CA2806/CA2925",
      "价格": "400"
    },
    {
      "出发地": "广州",
      "目的地": "太原",
      "航班类型": "国内航班",
      "航班日期": "2025-12-31",
      "航班代码": "MU5330/MU2405",
      "价格": "440"
    },
    {
      "出发地": "广州",
      "目的地": "太原",
      "航班类型": "国内航班",
      "航班日期": "2026-01-01",
      "航班代码": "MU5316/MU5273",
      "价格": "440"
    },
    {
      "出发地": "广州",
      "目的地": "太原",
      "航班类型": "国内航班",
      "航班日期": "2026-01-03",
      "航班代码": "HU7249",
      "价格": "600"
    },
    {
      "出发地": "广州",
      "目的地": "太原",
      "航班类型": "国内航班",
      "航班日期": "2026-01-06",
      "航班代码": "MU5312/MU5273",
      "价格": "440"
    },
    {
      "出发地": "广州",
      "目的地": "太原",
      "航班类型": "国内航班",
      "航班日期": "2026-01-07",
      "航班代码": "MU5316/MU5273",
      "价格": "440"
    },
    {
      "出发地": "广州",
      "目的地": "太原",
      "航班类型": "国内航班",
      "航班日期": "2026-01-11",
      "航班代码": "MU5312/MU2407",
      "价格": "440"
    },
    {
      "出发地": "广州",
      "目的地": "太原",
      "航班类型": "国内航班",
      "航班日期": "2026-01-12",
      "航班代码": "MU5312/MU5273",
      "价格": "440"
    },
    {
      "出发地": "广州",
      "目的地": "太原",
      "航班类型": "国内航班",
      "航班日期": "2026-01-19",
      "航班代码": "MU5316/MU2403",
      "价格": "440"
    },
    {
      "出发地": "广州",
      "目的地": "太原",
      "航班类型": "国内航班",
      "航班日期": "2026-01-25",
      "航班代码": "HU7249",
      "价格": "710"
    },
    {
      "出发地": "广州",
      "目的地": "太原",
      "航班类型": "国内航班",
      "航班日期": "2026-02-05",
      "航班代码": "CA8306/CA8597",
      "价格": "809"
    },
    {
      "出发地": "广州",
      "目的地": "太原",
      "航班类型": "国内航班",
      "航班日期": "2026-02-08",
      "航班代码": "CA8306/CA8597",
      "价格": "1210"
    },
    {
      "出发地": "广州",
      "目的地": "太原",
      "航班类型": "国内航班",
      "航班日期": "2026-02-09",
      "航班代码": "MU5252",
      "价格": "1410"
    },
    {
      "出发地": "广州",
      "目的地": "太原",
      "航班类型": "国内航班",
      "航班日期": "2026-02-10",
      "航班代码": "MU5252",
      "价格": "1410"
    },
    {
      "出发地": "广州",
      "目的地": "太原",
      "航班类型": "国内航班",
      "航班日期": "2026-02-11",
      "航班代码": "MU6388",
      "价格": "1410"
    },
    {
      "出发地": "广州",
      "目的地": "太原",
      "航班类型": "国内航班",
      "航班日期": "2026-02-17",
      "航班代码": "MF4676",
      "价格": "760"
    },
    {
      "出发地": "广州",
      "目的地": "太原",
      "航班类型": "国内航班",
      "航班日期": "2026-02-18",
      "航班代码": "MU6388",
      "价格": "710"
    },
    {
      "出发地": "广州",
      "目的地": "太原",
      "航班类型": "国内航班",
      "航班日期": "2026-02-19",
      "航班代码": "MU5328/MU5297",
      "价格": "740"
    },
    {
      "出发地": "广州",
      "目的地": "太原",
      "航班类型": "国内航班",
      "航班日期": "2026-02-20",
      "航班代码": "FM9310/MU5297",
      "价格": "740"
    },
    {
      "出发地": "广州",
      "目的地": "太原",
      "航班类型": "国内航班",
      "航班日期": "2026-03-01",
      "航班代码": "MU2541/MU6352",
      "价格": "625"
    }
  ]
}