{
  "查询条件": {
    "出发地": "广州",
    "目的地": "南宁"
  },
  "航班数量": 13,
  "航班列表": [
    {
      "出发地": "广州",
      "目的地": "南宁",
      "航班类型": "国内航班",
      "航班日期": "2025-12-16",
      "航班代码": "CZ3296",
      "价格": "500"
    },
    {
      "出发地": "广州",
      "目的地": "南宁",
      "航班类型": "国内航班",
      "航班日期": "2025-12-17",
      "航班代码": "CZ3296",
      "价格": "450"
    },
    {
      "出发地": "广州",
      "目的地": "南宁",
      "航班类型": "国内航班",
      "航班日期": "2025-12-18",
      "航班代码": "3U1114",
      "价格": "370"
    },
    {
      "出发地": "广州",
      "目的地": "南宁",
      "航班类型": "国内航班",
      "航班日期": "2025-12-19",
      "航班代码": "CZ3296",
      "价格": "370"
    },
    {
      "出发地": "广州",
      "目的地": "南宁",
      "航班类型": "国内航班",
      "航班日期": "2025-12-23",
      "航班代码": "MF4165",
      "价格": "330"
    },
    {
      "出发地": "广州",
      "目的地": "南宁",
      "航班类型": "国内航班",
      "航班日期": "2025-12-24",
      "航班代码": "CZ3296",
      "价格": "410"
    },
    {
      "出发地": "广州",
      "目的地": "南宁",
      "航班类型": "国内航班",
      "航班日期": "2025-12-25",
      "航班代码": "MF4165",
      "价格": "370"
    },
    {
      "出发地": "广州",
      "目的地": "南宁",
      "航班类型": "国内航班",
      "航班日期": "2025-12-26",
      "航班代码": "CZ3296",
      "价格": "370"
    },
    {
      "出发地": "广州",
      "目的地": "南宁",
      "航班类型": "国内航班",
      "航班日期": "2025-12-27",
      "航班代码": "MF4165",
      "价格": "370"
    },
    {
      "出发地": "广州",
      "目的地": "南宁",
      "航班类型": "国内航班",
      "航班日期": "2025-12-30",
      "航班代码": "CZ3296",
      "价格": "450"
    },
    {
      "出发地": "广州",
      "目的地": "南宁",
      "航班类型": "国内航班",
      "航班日期": "2025-12-31",
      "航班代码": "CZ3296",
      "价格": "410"
    },
    {
      "出发地": "广州",
      "目的地": "南宁",
      "航班类型": "国内航班",
      "航班日期": "2026-01-01",
      "航班代码": "CZ3296",
      "价格": "370"
    },
    {
      "出发地": "广州",
      "目的地": "南宁",
      "航班类型": "国内航班",
      "航班日期": "2026-01-15",
      "航班代码": "MF4165",
      "价格": "330"
    }
  ]
}