{
  "查询条件": {
    "出发地": "广州",
    "目的地": "厦门"
  },
  "航班数量": 22,
  "航班列表": [
    {
      "出发地": "广州",
      "目的地": "厦门",
      "航班类型": "国内航班",
      "航班日期": "2025-12-16",
      "航班代码": "MU6733/MU2437",
      "价格": "531"
    },
    {
      "出发地": "广州",
      "目的地": "厦门",
      "航班类型": "国内航班",
      "航班日期": "2025-12-17",
      "航班代码": "AQ1131/MF8040",
      "价格": "504"
    },
    {
      "出发地": "广州",
      "目的地": "厦门",
      "航班类型": "国内航班",
      "航班日期": "2025-12-18",
      "航班代码": "MU6733/MU2437",
      "价格": "521"
    },
    {
      "出发地": "广州",
      "目的地": "厦门",
      "航班类型": "国内航班",
      "航班日期": "2025-12-19",
      "航班代码": "CZ3723",
      "价格": "490"
    },
    {
      "出发地": "广州",
      "目的地": "厦门",
      "航班类型": "国内航班",
      "航班日期": "2025-12-20",
      "航班代码": "CZ3723",
      "价格": "390"
    },
    {
      "出发地": "广州",
      "目的地": "厦门",
      "航班类型": "国内航班",
      "航班日期": "2025-12-21",
      "航班代码": "CZ3723",
      "价格": "280"
    },
    {
      "出发地": "广州",
      "目的地": "厦门",
      "航班类型": "国内航班",
      "航班日期": "2025-12-22",
      "航班代码": "CZ3805",
      "价格": "380"
    },
    {
      "出发地": "广州",
      "目的地": "厦门",
      "航班类型": "国内航班",
      "航班日期": "2025-12-23",
      "航班代码": "CZ3723",
      "价格": "300"
    },
    {
      "出发地": "广州",
      "目的地": "厦门",
      "航班类型": "国内航班",
      "航班日期": "2025-12-24",
      "航班代码": "MF4506",
      "价格": "300"
    },
    {
      "出发地": "广州",
      "目的地": "厦门",
      "航班类型": "国内航班",
      "航班日期": "2025-12-25",
      "航班代码": "MF4506",
      "价格": "300"
    },
    {
      "出发地": "广州",
      "目的地": "厦门",
      "航班类型": "国内航班",
      "航班日期": "2025-12-26",
      "航班代码": "MF4506",
      "价格": "300"
    },
    {
      "出发地": "广州",
      "目的地": "厦门",
      "航班类型": "国内航班",
      "航班日期": "2025-12-27",
      "航班代码": "CZ3805",
      "价格": "300"
    },
    {
      "出发地": "广州",
      "目的地": "厦门",
      "航班类型": "国内航班",
      "航班日期": "2025-12-28",
      "航班代码": "CZ3723",
      "价格": "300"
    },
    {
      "出发地": "广州",
      "目的地": "厦门",
      "航班类型": "国内航班",
      "航班日期": "2025-12-30",
      "航班代码": "CZ3805",
      "价格": "350"
    },
    {
      "出发地": "广州",
      "目的地": "厦门",
      "航班类型": "国内航班",
      "航班日期": "2025-12-31",
      "航班代码": "MF4506",
      "价格": "400"
    },
    {
      "出发地": "广州",
      "目的地": "厦门",
      "航班类型": "国内航班",
      "航班日期": "2026-01-01",
      "航班代码": "MU5318/FM9263",
      "价格": "627"
    },
    {
      "出发地": "广州",
      "目的地": "厦门",
      "航班类型": "国内航班",
      "航班日期": "2026-01-02",
      "航班代码": "MF4620",
      "价格": "500"
    },
    {
      "出发地": "广州",
      "目的地": "厦门",
      "航班类型": "国内航班",
      "航班日期": "2026-01-03",
      "航班代码": "MF8302",
      "价格": "550"
    },
    {
      "出发地": "广州",
      "目的地": "厦门",
      "航班类型": "国内航班",
      "航班日期": "2026-01-09",
      "航班代码": "G59338",
      "价格": "550"
    },
    {
      "出发地": "广州",
      "目的地": "厦门",
      "航班类型": "国内航班",
      "航班日期": "2026-01-23",
      "航班代码": "G59338",
      "价格": "550"
    },
    {
      "出发地": "广州",
      "目的地": "厦门",
      "航班类型": "国内航班",
      "航班日期": "2026-06-21",
      "航班代码": "MU5288/MU5170",
      "价格": "1740"
    },
    {
      "出发地": "广州",
      "目的地": "厦门",
      "航班类型": "国内航班",
      "航班日期": "2026-11-05",
      "航班代码": "CZ3805",
      "价格": "1830"
    }
  ]
}