{
  "查询条件": {
    "出发地": "广州",
    "目的地": "上海"
  },
  "航班数量": 83,
  "航班列表": [
    {
      "出发地": "广州",
      "目的地": "上海",
      "航班类型": "国内航班",
      "航班日期": "2025-12-16",
      "航班代码": "MF8326/MF8547",
      "价格": "350"
    },
    {
      "出发地": "广州",
      "目的地": "上海",
      "航班类型": "国内航班",
      "航班日期": "2025-12-17",
      "航班代码": "MF8326/MF8541",
      "价格": "330"
    },
    {
      "出发地": "广州",
      "目的地": "上海",
      "航班类型": "国内航班",
      "航班日期": "2025-12-18",
      "航班代码": "HU7431",
      "价格": "350"
    },
    {
      "出发地": "广州",
      "目的地": "上海",
      "航班类型": "国内航班",
      "航班日期": "2025-12-19",
      "航班代码": "HU7131",
      "价格": "400"
    },
    {
      "出发地": "广州",
      "目的地": "上海",
      "航班类型": "国内航班",
      "航班日期": "2025-12-20",
      "航班代码": "AQ1005",
      "价格": "369"
    },
    {
      "出发地": "广州",
      "目的地": "上海",
      "航班类型": "国内航班",
      "航班日期": "2025-12-21",
      "航班代码": "AQ1005",
      "价格": "249"
    },
    {
      "出发地": "广州",
      "目的地": "上海",
      "航班类型": "国内航班",
      "航班日期": "2025-12-22",
      "航班代码": "HO5742",
      "价格": "350"
    },
    {
      "出发地": "广州",
      "目的地": "上海",
      "航班类型": "国内航班",
      "航班日期": "2025-12-23",
      "航班代码": "AQ1005",
      "价格": "249"
    },
    {
      "出发地": "广州",
      "目的地": "上海",
      "航班类型": "国内航班",
      "航班日期": "2025-12-24",
      "航班代码": "AQ1005",
      "价格": "266"
    },
    {
      "出发地": "广州",
      "目的地": "上海",
      "航班类型": "国内航班",
      "航班日期": "2025-12-25",
      "航班代码": "HU7231",
      "价格": "300"
    },
    {
      "出发地": "广州",
      "目的地": "上海",
      "航班类型": "国内航班",
      "航班日期": "2025-12-26",
      "航班代码": "AQ1005",
      "价格": "309"
    },
    {
      "出发地": "广州",
      "目的地": "上海",
      "航班类型": "国内航班",
      "航班日期": "2025-12-27",
      "航班代码": "AQ1011",
      "价格": "339"
    },
    {
      "出发地": "广州",
      "目的地": "上海",
      "航班类型": "国内航班",
      "航班日期": "2025-12-28",
      "航班代码": "ZH4844",
      "价格": "350"
    },
    {
      "出发地": "广州",
      "目的地": "上海",
      "航班类型": "国内航班",
      "航班日期": "2025-12-29",
      "航班代码": "AQ1011",
      "价格": "339"
    },
    {
      "出发地": "广州",
      "目的地": "上海",
      "航班类型": "国内航班",
      "航班日期": "2025-12-30",
      "航班代码": "AQ1005",
      "价格": "309"
    },
    {
      "出发地": "广州",
      "目的地": "上海",
      "航班类型": "国内航班",
      "航班日期": "2025-12-31",
      "航班代码": "AQ1005",
      "价格": "429"
    },
    {
      "出发地": "广州",
      "目的地": "上海",
      "航班类型": "国内航班",
      "航班日期": "2026-01-01",
      "航班代码": "CA1866",
      "价格": "400"
    },
    {
      "出发地": "广州",
      "目的地": "上海",
      "航班类型": "国内航班",
      "航班日期": "2026-01-02",
      "航班代码": "HU7431",
      "价格": "400"
    },
    {
      "出发地": "广州",
      "目的地": "上海",
      "航班类型": "国内航班",
      "航班日期": "2026-01-03",
      "航班代码": "AQ1005",
      "价格": "619"
    },
    {
      "出发地": "广州",
      "目的地": "上海",
      "航班类型": "国内航班",
      "航班日期": "2026-01-04",
      "航班代码": "AQ1005",
      "价格": "539"
    },
    {
      "出发地": "广州",
      "目的地": "上海",
      "航班类型": "国内航班",
      "航班日期": "2026-01-05",
      "航班代码": "HO1852",
      "价格": "270"
    },
    {
      "出发地": "广州",
      "目的地": "上海",
      "航班类型": "国内航班",
      "航班日期": "2026-01-06",
      "航班代码": "AQ1005",
      "价格": "249"
    },
    {
      "出发地": "广州",
      "目的地": "上海",
      "航班类型": "国内航班",
      "航班日期": "2026-01-07",
      "航班代码": "AQ1005",
      "价格": "249"
    },
    {
      "出发地": "广州",
      "目的地": "上海",
      "航班类型": "国内航班",
      "航班日期": "2026-01-08",
      "航班代码": "AQ1005",
      "价格": "249"
    },
    {
      "出发地": "广州",
      "目的地": "上海",
      "航班类型": "国内航班",
      "航班日期": "2026-01-09",
      "航班代码": "MU5302",
      "价格": "300"
    },
    {
      "出发地": "广州",
      "目的地": "上海",
      "航班类型": "国内航班",
      "航班日期": "2026-01-10",
      "航班代码": "AQ1011",
      "价格": "279"
    },
    {
      "出发地": "广州",
      "目的地": "上海",
      "航班类型": "国内航班",
      "航班日期": "2026-01-11",
      "航班代码": "MU5326",
      "价格": "300"
    },
    {
      "出发地": "广州",
      "目的地": "上海",
      "航班类型": "国内航班",
      "航班日期": "2026-01-12",
      "航班代码": "AQ1005",
      "价格": "309"
    },
    {
      "出发地": "广州",
      "目的地": "上海",
      "航班类型": "国内航班",
      "航班日期": "2026-01-13",
      "航班代码": "MU5326",
      "价格": "300"
    },
    {
      "出发地": "广州",
      "目的地": "上海",
      "航班类型": "国内航班",
      "航班日期": "2026-01-14",
      "航班代码": "AQ1005",
      "价格": "309"
    },
    {
      "出发地": "广州",
      "目的地": "上海",
      "航班类型": "国内航班",
      "航班日期": "2026-01-15",
      "航班代码": "MU5326",
      "价格": "300"
    },
    {
      "出发地": "广州",
      "目的地": "上海",
      "航班类型": "国内航班",
      "航班日期": "2026-01-16",
      "航班代码": "AQ1005",
      "价格": "309"
    },
    {
      "出发地": "广州",
      "目的地": "上海",
      "航班类型": "国内航班",
      "航班日期": "2026-01-17",
      "航班代码": "AQ1005",
      "价格": "309"
    },
    {
      "出发地": "广州",
      "目的地": "上海",
      "航班类型": "国内航班",
      "航班日期": "2026-01-18",
      "航班代码": "AQ1005",
      "价格": "309"
    },
    {
      "出发地": "广州",
      "目的地": "上海",
      "航班类型": "国内航班",
      "航班日期": "2026-01-19",
      "航班代码": "AQ1005",
      "价格": "309"
    },
    {
      "出发地": "广州",
      "目的地": "上海",
      "航班类型": "国内航班",
      "航班日期": "2026-01-20",
      "航班代码": "AQ1005",
      "价格": "309"
    },
    {
      "出发地": "广州",
      "目的地": "上海",
      "航班类型": "国内航班",
      "航班日期": "2026-01-21",
      "航班代码": "AQ1005",
      "价格": "309"
    },
    {
      "出发地": "广州",
      "目的地": "上海",
      "航班类型": "国内航班",
      "航班日期": "2026-01-22",
      "航班代码": "AQ1005",
      "价格": "309"
    },
    {
      "出发地": "广州",
      "目的地": "上海",
      "航班类型": "国内航班",
      "航班日期": "2026-01-23",
      "航班代码": "AQ1005",
      "价格": "309"
    },
    {
      "出发地": "广州",
      "目的地": "上海",
      "航班类型": "国内航班",
      "航班日期": "2026-01-24",
      "航班代码": "AQ1005",
      "价格": "249"
    },
    {
      "出发地": "广州",
      "目的地": "上海",
      "航班类型": "国内航班",
      "航班日期": "2026-01-25",
      "航班代码": "AQ1005",
      "价格": "309"
    },
    {
      "出发地": "广州",
      "目的地": "上海",
      "航班类型": "国内航班",
      "航班日期": "2026-01-26",
      "航班代码": "AQ1005",
      "价格": "369"
    },
    {
      "出发地": "广州",
      "目的地": "上海",
      "航班类型": "国内航班",
      "航班日期": "2026-01-27",
      "航班代码": "AQ1005",
      "价格": "369"
    },
    {
      "出发地": "广州",
      "目的地": "上海",
      "航班类型": "国内航班",
      "航班日期": "2026-01-28",
      "航班代码": "AQ1005",
      "价格": "369"
    },
    {
      "出发地": "广州",
      "目的地": "上海",
      "航班类型": "国内航班",
      "航班日期": "2026-01-29",
      "航班代码": "AQ1005",
      "价格": "369"
    },
    {
      "出发地": "广州",
      "目的地": "上海",
      "航班类型": "国内航班",
      "航班日期": "2026-01-30",
      "航班代码": "AQ1005",
      "价格": "369"
    },
    {
      "出发地": "广州",
      "目的地": "上海",
      "航班类型": "国内航班",
      "航班日期": "2026-01-31",
      "航班代码": "AQ1005",
      "价格": "499"
    },
    {
      "出发地": "广州",
      "目的地": "上海",
      "航班类型": "国内航班",
      "航班日期": "2026-02-01",
      "航班代码": "ZH4844",
      "价格": "450"
    },
    {
      "出发地": "广州",
      "目的地": "上海",
      "航班类型": "国内航班",
      "航班日期": "2026-02-02",
      "航班代码": "HO1870",
      "价格": "530"
    },
    {
      "出发地": "广州",
      "目的地": "上海",
      "航班类型": "国内航班",
      "航班日期": "2026-02-03",
      "航班代码": "HO5742",
      "价格": "550"
    },
    {
      "出发地": "广州",
      "目的地": "上海",
      "航班类型": "国内航班",
      "航班日期": "2026-02-04",
      "航班代码": "ZH9533",
      "价格": "600"
    },
    {
      "出发地": "广州",
      "目的地": "上海",
      "航班类型": "国内航班",
      "航班日期": "2026-02-05",
      "航班代码": "ZH9533",
      "价格": "600"
    },
    {
      "出发地": "广州",
      "目的地": "上海",
      "航班类型": "国内航班",
      "航班日期": "2026-02-06",
      "航班代码": "ZH9533",
      "价格": "600"
    },
    {
      "出发地": "广州",
      "目的地": "上海",
      "航班类型": "国内航班",
      "航班日期": "2026-02-07",
      "航班代码": "HO5742",
      "价格": "700"
    },
    {
      "出发地": "广州",
      "目的地": "上海",
      "航班类型": "国内航班",
      "航班日期": "2026-02-08",
      "航班代码": "9C8930",
      "价格": "700"
    },
    {
      "出发地": "广州",
      "目的地": "上海",
      "航班类型": "国内航班",
      "航班日期": "2026-02-09",
      "航班代码": "9C8930",
      "价格": "700"
    },
    {
      "出发地": "广州",
      "目的地": "上海",
      "航班类型": "国内航班",
      "航班日期": "2026-02-10",
      "航班代码": "ZH9533",
      "价格": "600"
    },
    {
      "出发地": "广州",
      "目的地": "上海",
      "航班类型": "国内航班",
      "航班日期": "2026-02-11",
      "航班代码": "ZH9533",
      "价格": "600"
    },
    {
      "出发地": "广州",
      "目的地": "上海",
      "航班类型": "国内航班",
      "航班日期": "2026-02-12",
      "航班代码": "HO5742",
      "价格": "600"
    },
    {
      "出发地": "广州",
      "目的地": "上海",
      "航班类型": "国内航班",
      "航班日期": "2026-02-13",
      "航班代码": "ZH4844",
      "价格": "600"
    },
    {
      "出发地": "广州",
      "目的地": "上海",
      "航班类型": "国内航班",
      "航班日期": "2026-02-14",
      "航班代码": "CA4537",
      "价格": "600"
    },
    {
      "出发地": "广州",
      "目的地": "上海",
      "航班类型": "国内航班",
      "航班日期": "2026-02-15",
      "航班代码": "MF7613",
      "价格": "530"
    },
    {
      "出发地": "广州",
      "目的地": "上海",
      "航班类型": "国内航班",
      "航班日期": "2026-02-16",
      "航班代码": "ZH9533",
      "价格": "400"
    },
    {
      "出发地": "广州",
      "目的地": "上海",
      "航班类型": "国内航班",
      "航班日期": "2026-02-17",
      "航班代码": "ZH9533",
      "价格": "400"
    },
    {
      "出发地": "广州",
      "目的地": "上海",
      "航班类型": "国内航班",
      "航班日期": "2026-02-18",
      "航班代码": "9C8930",
      "价格": "540"
    },
    {
      "出发地": "广州",
      "目的地": "上海",
      "航班类型": "国内航班",
      "航班日期": "2026-02-19",
      "航班代码": "AQ1005",
      "价格": "679"
    },
    {
      "出发地": "广州",
      "目的地": "上海",
      "航班类型": "国内航班",
      "航班日期": "2026-02-20",
      "航班代码": "ZH5209",
      "价格": "630"
    },
    {
      "出发地": "广州",
      "目的地": "上海",
      "航班类型": "国内航班",
      "航班日期": "2026-02-21",
      "航班代码": "ZH1838",
      "价格": "1190"
    },
    {
      "出发地": "广州",
      "目的地": "上海",
      "航班类型": "国内航班",
      "航班日期": "2026-02-22",
      "航班代码": "ZH5209",
      "价格": "960"
    },
    {
      "出发地": "广州",
      "目的地": "上海",
      "航班类型": "国内航班",
      "航班日期": "2026-02-23",
      "航班代码": "ZH5209",
      "价格": "1070"
    },
    {
      "出发地": "广州",
      "目的地": "上海",
      "航班类型": "国内航班",
      "航班日期": "2026-02-24",
      "航班代码": "ZH5209",
      "价格": "1070"
    },
    {
      "出发地": "广州",
      "目的地": "上海",
      "航班类型": "国内航班",
      "航班日期": "2026-02-25",
      "航班代码": "ZH4844",
      "价格": "700"
    },
    {
      "出发地": "广州",
      "目的地": "上海",
      "航班类型": "国内航班",
      "航班日期": "2026-02-26",
      "航班代码": "9C8932",
      "价格": "720"
    },
    {
      "出发地": "广州",
      "目的地": "上海",
      "航班类型": "国内航班",
      "航班日期": "2026-02-27",
      "航班代码": "ZH9533",
      "价格": "600"
    },
    {
      "出发地": "广州",
      "目的地": "上海",
      "航班类型": "国内航班",
      "航班日期": "2026-02-28",
      "航班代码": "CA4537",
      "价格": "1210"
    },
    {
      "出发地": "广州",
      "目的地": "上海",
      "航班类型": "国内航班",
      "航班日期": "2026-03-05",
      "航班代码": "CA3725",
      "价格": "600"
    },
    {
      "出发地": "广州",
      "目的地": "上海",
      "航班类型": "国内航班",
      "航班日期": "2026-03-08",
      "航班代码": "HO1870",
      "价格": "530"
    },
    {
      "出发地": "广州",
      "目的地": "上海",
      "航班类型": "国内航班",
      "航班日期": "2026-03-12",
      "航班代码": "3U4572",
      "价格": "530"
    },
    {
      "出发地": "广州",
      "目的地": "上海",
      "航班类型": "国内航班",
      "航班日期": "2026-03-15",
      "航班代码": "CA3725",
      "价格": "600"
    },
    {
      "出发地": "广州",
      "目的地": "上海",
      "航班类型": "国内航班",
      "航班日期": "2026-03-16",
      "航班代码": "ZH9535",
      "价格": "550"
    },
    {
      "出发地": "广州",
      "目的地": "上海",
      "航班类型": "国内航班",
      "航班日期": "2026-03-25",
      "航班代码": "CA3725",
      "价格": "600"
    },
    {
      "出发地": "广州",
      "目的地": "上海",
      "航班类型": "国内航班",
      "航班日期": "2026-04-13",
      "航班代码": "MF8386/9C8910",
      "价格": "1789"
    },
    {
      "出发地": "广州",
      "目的地": "上海",
      "航班类型": "国内航班",
      "航班日期": "2026-05-11",
      "航班代码": "9C8836",
      "价格": "480"
    }
  ]
}