{
  "查询条件": {
    "出发地": "广州",
    "目的地": "大连"
  },
  "航班数量": 60,
  "航班列表": [
    {
      "出发地": "广州",
      "目的地": "大连",
      "航班类型": "国内航班",
      "航班日期": "2025-12-16",
      "航班代码": "MF8326/MF8085",
      "价格": "350"
    },
    {
      "出发地": "广州",
      "目的地": "大连",
      "航班类型": "国内航班",
      "航班日期": "2025-12-17",
      "航班代码": "MF8326/MF8063",
      "价格": "360"
    },
    {
      "出发地": "广州",
      "目的地": "大连",
      "航班类型": "国内航班",
      "航班日期": "2025-12-18",
      "航班代码": "MF8324/MF8063",
      "价格": "360"
    },
    {
      "出发地": "广州",
      "目的地": "大连",
      "航班类型": "国内航班",
      "航班日期": "2025-12-19",
      "航班代码": "AQ1717",
      "价格": "519"
    },
    {
      "出发地": "广州",
      "目的地": "大连",
      "航班类型": "国内航班",
      "航班日期": "2025-12-20",
      "航班代码": "ZH8905/9C6778",
      "价格": "549"
    },
    {
      "出发地": "广州",
      "目的地": "大连",
      "航班类型": "国内航班",
      "航班日期": "2025-12-21",
      "航班代码": "9C8930/9C8843",
      "价格": "492"
    },
    {
      "出发地": "广州",
      "目的地": "大连",
      "航班类型": "国内航班",
      "航班日期": "2025-12-22",
      "航班代码": "CA1302/CA1605",
      "价格": "495"
    },
    {
      "出发地": "广州",
      "目的地": "大连",
      "航班类型": "国内航班",
      "航班日期": "2025-12-23",
      "航班代码": "9C8856/9C8843",
      "价格": "440"
    },
    {
      "出发地": "广州",
      "目的地": "大连",
      "航班类型": "国内航班",
      "航班日期": "2025-12-24",
      "航班代码": "MU5326/FM9243",
      "价格": "446"
    },
    {
      "出发地": "广州",
      "目的地": "大连",
      "航班类型": "国内航班",
      "航班日期": "2025-12-25",
      "航班代码": "FM9310/MU5673",
      "价格": "436"
    },
    {
      "出发地": "广州",
      "目的地": "大连",
      "航班类型": "国内航班",
      "航班日期": "2025-12-26",
      "航班代码": "MU5328/MU5673",
      "价格": "490"
    },
    {
      "出发地": "广州",
      "目的地": "大连",
      "航班类型": "国内航班",
      "航班日期": "2025-12-27",
      "航班代码": "MU5318/MU5621",
      "价格": "490"
    },
    {
      "出发地": "广州",
      "目的地": "大连",
      "航班类型": "国内航班",
      "航班日期": "2025-12-28",
      "航班代码": "AQ1717",
      "价格": "419"
    },
    {
      "出发地": "广州",
      "目的地": "大连",
      "航班类型": "国内航班",
      "航班日期": "2025-12-29",
      "航班代码": "AQ1717",
      "价格": "469"
    },
    {
      "出发地": "广州",
      "目的地": "大连",
      "航班类型": "国内航班",
      "航班日期": "2025-12-30",
      "航班代码": "AQ1721",
      "价格": "609"
    },
    {
      "出发地": "广州",
      "目的地": "大连",
      "航班类型": "国内航班",
      "航班日期": "2025-12-31",
      "航班代码": "AQ1717",
      "价格": "629"
    },
    {
      "出发地": "广州",
      "目的地": "大连",
      "航班类型": "国内航班",
      "航班日期": "2026-01-01",
      "航班代码": "CA8582/CA8912",
      "价格": "599"
    },
    {
      "出发地": "广州",
      "目的地": "大连",
      "航班类型": "国内航班",
      "航班日期": "2026-01-02",
      "航班代码": "SC1172/SC8771",
      "价格": "549"
    },
    {
      "出发地": "广州",
      "目的地": "大连",
      "航班类型": "国内航班",
      "航班日期": "2026-01-03",
      "航班代码": "CA4310/CA8928",
      "价格": "700"
    },
    {
      "出发地": "广州",
      "目的地": "大连",
      "航班类型": "国内航班",
      "航班日期": "2026-01-04",
      "航班代码": "MU5232/9C6854",
      "价格": "588"
    },
    {
      "出发地": "广州",
      "目的地": "大连",
      "航班类型": "国内航班",
      "航班日期": "2026-01-06",
      "航班代码": "AQ1721",
      "价格": "379"
    },
    {
      "出发地": "广州",
      "目的地": "大连",
      "航班类型": "国内航班",
      "航班日期": "2026-01-07",
      "航班代码": "AQ1717",
      "价格": "389"
    },
    {
      "出发地": "广州",
      "目的地": "大连",
      "航班类型": "国内航班",
      "航班日期": "2026-01-08",
      "航班代码": "ZH8905/9C6778",
      "价格": "588"
    },
    {
      "出发地": "广州",
      "目的地": "大连",
      "航班类型": "国内航班",
      "航班日期": "2026-01-10",
      "航班代码": "AQ1011/9C8843",
      "价格": "473"
    },
    {
      "出发地": "广州",
      "目的地": "大连",
      "航班类型": "国内航班",
      "航班日期": "2026-01-16",
      "航班代码": "SC1176/SC8771",
      "价格": "550"
    },
    {
      "出发地": "广州",
      "目的地": "大连",
      "航班类型": "国内航班",
      "航班日期": "2026-01-17",
      "航班代码": "SC1172/SC8771",
      "价格": "549"
    },
    {
      "出发地": "广州",
      "目的地": "大连",
      "航班类型": "国内航班",
      "航班日期": "2026-01-19",
      "航班代码": "ZH8905/9C6778",
      "价格": "590"
    },
    {
      "出发地": "广州",
      "目的地": "大连",
      "航班类型": "国内航班",
      "航班日期": "2026-01-22",
      "航班代码": "SC1176/SC8771",
      "价格": "549"
    },
    {
      "出发地": "广州",
      "目的地": "大连",
      "航班类型": "国内航班",
      "航班日期": "2026-01-23",
      "航班代码": "SC1172/SC8771",
      "价格": "549"
    },
    {
      "出发地": "广州",
      "目的地": "大连",
      "航班类型": "国内航班",
      "航班日期": "2026-01-24",
      "航班代码": "SC1176/SC8771",
      "价格": "549"
    },
    {
      "出发地": "广州",
      "目的地": "大连",
      "航班类型": "国内航班",
      "航班日期": "2026-01-25",
      "航班代码": "ZH8905/9C6778",
      "价格": "730"
    },
    {
      "出发地": "广州",
      "目的地": "大连",
      "航班类型": "国内航班",
      "航班日期": "2026-01-26",
      "航班代码": "CZ3957/9C6778",
      "价格": "657"
    },
    {
      "出发地": "广州",
      "目的地": "大连",
      "航班类型": "国内航班",
      "航班日期": "2026-01-27",
      "航班代码": "CZ3957/9C6778",
      "价格": "660"
    },
    {
      "出发地": "广州",
      "目的地": "大连",
      "航班类型": "国内航班",
      "航班日期": "2026-01-28",
      "航班代码": "CZ3957/9C6778",
      "价格": "659"
    },
    {
      "出发地": "广州",
      "目的地": "大连",
      "航班类型": "国内航班",
      "航班日期": "2026-01-30",
      "航班代码": "MU5238/MU6559",
      "价格": "873"
    },
    {
      "出发地": "广州",
      "目的地": "大连",
      "航班类型": "国内航班",
      "航班日期": "2026-02-01",
      "航班代码": "MU5232/MU6907",
      "价格": "961"
    },
    {
      "出发地": "广州",
      "目的地": "大连",
      "航班类型": "国内航班",
      "航班日期": "2026-02-02",
      "航班代码": "MU5232/9C6854",
      "价格": "947"
    },
    {
      "出发地": "广州",
      "目的地": "大连",
      "航班类型": "国内航班",
      "航班日期": "2026-02-03",
      "航班代码": "MU5232/MU6907",
      "价格": "971"
    },
    {
      "出发地": "广州",
      "目的地": "大连",
      "航班类型": "国内航班",
      "航班日期": "2026-02-04",
      "航班代码": "MU5232/9C6854",
      "价格": "1087"
    },
    {
      "出发地": "广州",
      "目的地": "大连",
      "航班类型": "国内航班",
      "航班日期": "2026-02-05",
      "航班代码": "CA2804/CA2919",
      "价格": "999"
    },
    {
      "出发地": "广州",
      "目的地": "大连",
      "航班类型": "国内航班",
      "航班日期": "2026-02-06",
      "航班代码": "9C7749/9C7612",
      "价格": "1257"
    },
    {
      "出发地": "广州",
      "目的地": "大连",
      "航班类型": "国内航班",
      "航班日期": "2026-02-07",
      "航班代码": "9C8930/9C8843",
      "价格": "1418"
    },
    {
      "出发地": "广州",
      "目的地": "大连",
      "航班类型": "国内航班",
      "航班日期": "2026-02-08",
      "航班代码": "9C7749/9C7612",
      "价格": "1375"
    },
    {
      "出发地": "广州",
      "目的地": "大连",
      "航班类型": "国内航班",
      "航班日期": "2026-02-09",
      "航班代码": "9C8930/9C8981",
      "价格": "1405"
    },
    {
      "出发地": "广州",
      "目的地": "大连",
      "航班类型": "国内航班",
      "航班日期": "2026-02-10",
      "航班代码": "ZH9533/9C8981",
      "价格": "1594"
    },
    {
      "出发地": "广州",
      "目的地": "大连",
      "航班类型": "国内航班",
      "航班日期": "2026-02-11",
      "航班代码": "9C7749/9C7612",
      "价格": "1516"
    },
    {
      "出发地": "广州",
      "目的地": "大连",
      "航班类型": "国内航班",
      "航班日期": "2026-02-12",
      "航班代码": "ZH9533/CA8912",
      "价格": "1729"
    },
    {
      "出发地": "广州",
      "目的地": "大连",
      "航班类型": "国内航班",
      "航班日期": "2026-02-13",
      "航班代码": "MU6949/MU6559",
      "价格": "1773"
    },
    {
      "出发地": "广州",
      "目的地": "大连",
      "航班类型": "国内航班",
      "航班日期": "2026-02-14",
      "航班代码": "9C8932/CA8954",
      "价格": "1737"
    },
    {
      "出发地": "广州",
      "目的地": "大连",
      "航班类型": "国内航班",
      "航班日期": "2026-02-15",
      "航班代码": "9C8932/MU5661",
      "价格": "1191"
    },
    {
      "出发地": "广州",
      "目的地": "大连",
      "航班类型": "国内航班",
      "航班日期": "2026-02-16",
      "航班代码": "9C8932/MU5661",
      "价格": "795"
    },
    {
      "出发地": "广州",
      "目的地": "大连",
      "航班类型": "国内航班",
      "航班日期": "2026-02-18",
      "航班代码": "9C8930/9C8843",
      "价格": "856"
    },
    {
      "出发地": "广州",
      "目的地": "大连",
      "航班类型": "国内航班",
      "航班日期": "2026-02-19",
      "航班代码": "ZH9535/9C8981",
      "价格": "1011"
    },
    {
      "出发地": "广州",
      "目的地": "大连",
      "航班类型": "国内航班",
      "航班日期": "2026-02-20",
      "航班代码": "MF1096",
      "价格": "990"
    },
    {
      "出发地": "广州",
      "目的地": "大连",
      "航班类型": "国内航班",
      "航班日期": "2026-02-21",
      "航班代码": "GJ8583/9C7070",
      "价格": "1268"
    },
    {
      "出发地": "广州",
      "目的地": "大连",
      "航班类型": "国内航班",
      "航班日期": "2026-02-22",
      "航班代码": "GJ8583/9C7070",
      "价格": "1417"
    },
    {
      "出发地": "广州",
      "目的地": "大连",
      "航班类型": "国内航班",
      "航班日期": "2026-02-23",
      "航班代码": "9C8930/9C8843",
      "价格": "1276"
    },
    {
      "出发地": "广州",
      "目的地": "大连",
      "航班类型": "国内航班",
      "航班日期": "2026-02-24",
      "航班代码": "9C8856/9C8843",
      "价格": "1038"
    },
    {
      "出发地": "广州",
      "目的地": "大连",
      "航班类型": "国内航班",
      "航班日期": "2026-02-27",
      "航班代码": "9C8932/9C8843",
      "价格": "687"
    },
    {
      "出发地": "广州",
      "目的地": "大连",
      "航班类型": "国内航班",
      "航班日期": "2026-02-28",
      "航班代码": "ZH9533/9C8843",
      "价格": "596"
    }
  ]
}