{
  "查询条件": {
    "出发地": "广州",
    "目的地": "南京"
  },
  "航班数量": 59,
  "航班列表": [
    {
      "出发地": "广州",
      "目的地": "南京",
      "航班类型": "国内航班",
      "航班日期": "2025-12-16",
      "航班代码": "MF8386/MF8097",
      "价格": "340"
    },
    {
      "出发地": "广州",
      "目的地": "南京",
      "航班类型": "国内航班",
      "航班日期": "2025-12-17",
      "航班代码": "MF8386/MF8097",
      "价格": "340"
    },
    {
      "出发地": "广州",
      "目的地": "南京",
      "航班类型": "国内航班",
      "航班日期": "2025-12-18",
      "航班代码": "AQ1033",
      "价格": "359"
    },
    {
      "出发地": "广州",
      "目的地": "南京",
      "航班类型": "国内航班",
      "航班日期": "2025-12-19",
      "航班代码": "MF8386/MF8097",
      "价格": "400"
    },
    {
      "出发地": "广州",
      "目的地": "南京",
      "航班类型": "国内航班",
      "航班日期": "2025-12-20",
      "航班代码": "MU5326/MU2882",
      "价格": "390"
    },
    {
      "出发地": "广州",
      "目的地": "南京",
      "航班类型": "国内航班",
      "航班日期": "2025-12-21",
      "航班代码": "AQ1033",
      "价格": "309"
    },
    {
      "出发地": "广州",
      "目的地": "南京",
      "航班类型": "国内航班",
      "航班日期": "2025-12-22",
      "航班代码": "ZH9877",
      "价格": "400"
    },
    {
      "出发地": "广州",
      "目的地": "南京",
      "航班类型": "国内航班",
      "航班日期": "2025-12-23",
      "航班代码": "AQ1033",
      "价格": "309"
    },
    {
      "出发地": "广州",
      "目的地": "南京",
      "航班类型": "国内航班",
      "航班日期": "2025-12-24",
      "航班代码": "MU5326/MU2882",
      "价格": "390"
    },
    {
      "出发地": "广州",
      "目的地": "南京",
      "航班类型": "国内航班",
      "航班日期": "2025-12-25",
      "航班代码": "ZH9873",
      "价格": "400"
    },
    {
      "出发地": "广州",
      "目的地": "南京",
      "航班类型": "国内航班",
      "航班日期": "2025-12-26",
      "航班代码": "AQ1033",
      "价格": "309"
    },
    {
      "出发地": "广州",
      "目的地": "南京",
      "航班类型": "国内航班",
      "航班日期": "2025-12-27",
      "航班代码": "ZH9861",
      "价格": "420"
    },
    {
      "出发地": "广州",
      "目的地": "南京",
      "航班类型": "国内航班",
      "航班日期": "2025-12-28",
      "航班代码": "AQ1033",
      "价格": "309"
    },
    {
      "出发地": "广州",
      "目的地": "南京",
      "航班类型": "国内航班",
      "航班日期": "2025-12-29",
      "航班代码": "CA3699",
      "价格": "330"
    },
    {
      "出发地": "广州",
      "目的地": "南京",
      "航班类型": "国内航班",
      "航班日期": "2025-12-30",
      "航班代码": "ZH9861",
      "价格": "400"
    },
    {
      "出发地": "广州",
      "目的地": "南京",
      "航班类型": "国内航班",
      "航班日期": "2025-12-31",
      "航班代码": "ZH9863",
      "价格": "610"
    },
    {
      "出发地": "广州",
      "目的地": "南京",
      "航班类型": "国内航班",
      "航班日期": "2026-01-01",
      "航班代码": "HU7313",
      "价格": "450"
    },
    {
      "出发地": "广州",
      "目的地": "南京",
      "航班类型": "国内航班",
      "航班日期": "2026-01-02",
      "航班代码": "AQ1033",
      "价格": "359"
    },
    {
      "出发地": "广州",
      "目的地": "南京",
      "航班类型": "国内航班",
      "航班日期": "2026-01-03",
      "航班代码": "AQ1033",
      "价格": "459"
    },
    {
      "出发地": "广州",
      "目的地": "南京",
      "航班类型": "国内航班",
      "航班日期": "2026-01-04",
      "航班代码": "AQ1033",
      "价格": "459"
    },
    {
      "出发地": "广州",
      "目的地": "南京",
      "航班类型": "国内航班",
      "航班日期": "2026-01-05",
      "航班代码": "AQ1033",
      "价格": "359"
    },
    {
      "出发地": "广州",
      "目的地": "南京",
      "航班类型": "国内航班",
      "航班日期": "2026-01-06",
      "航班代码": "HU7113",
      "价格": "350"
    },
    {
      "出发地": "广州",
      "目的地": "南京",
      "航班类型": "国内航班",
      "航班日期": "2026-01-08",
      "航班代码": "AQ1033",
      "价格": "359"
    },
    {
      "出发地": "广州",
      "目的地": "南京",
      "航班类型": "国内航班",
      "航班日期": "2026-01-09",
      "航班代码": "AQ1033",
      "价格": "359"
    },
    {
      "出发地": "广州",
      "目的地": "南京",
      "航班类型": "国内航班",
      "航班日期": "2026-01-10",
      "航班代码": "MU9768",
      "价格": "360"
    },
    {
      "出发地": "广州",
      "目的地": "南京",
      "航班类型": "国内航班",
      "航班日期": "2026-01-11",
      "航班代码": "MU5328/MU2882",
      "价格": "390"
    },
    {
      "出发地": "广州",
      "目的地": "南京",
      "航班类型": "国内航班",
      "航班日期": "2026-01-12",
      "航班代码": "MU5328/MU2882",
      "价格": "390"
    },
    {
      "出发地": "广州",
      "目的地": "南京",
      "航班类型": "国内航班",
      "航班日期": "2026-01-13",
      "航班代码": "MU5326/MU2882",
      "价格": "384"
    },
    {
      "出发地": "广州",
      "目的地": "南京",
      "航班类型": "国内航班",
      "航班日期": "2026-01-14",
      "航班代码": "MU9768",
      "价格": "600"
    },
    {
      "出发地": "广州",
      "目的地": "南京",
      "航班类型": "国内航班",
      "航班日期": "2026-01-15",
      "航班代码": "MU5328/MU2882",
      "价格": "390"
    },
    {
      "出发地": "广州",
      "目的地": "南京",
      "航班类型": "国内航班",
      "航班日期": "2026-01-17",
      "航班代码": "MU5326/MU2882",
      "价格": "394"
    },
    {
      "出发地": "广州",
      "目的地": "南京",
      "航班类型": "国内航班",
      "航班日期": "2026-01-18",
      "航班代码": "MU5328/MU2882",
      "价格": "390"
    },
    {
      "出发地": "广州",
      "目的地": "南京",
      "航班类型": "国内航班",
      "航班日期": "2026-01-19",
      "航班代码": "MU5328/MU2882",
      "价格": "390"
    },
    {
      "出发地": "广州",
      "目的地": "南京",
      "航班类型": "国内航班",
      "航班日期": "2026-01-20",
      "航班代码": "MU5318/MU2882",
      "价格": "394"
    },
    {
      "出发地": "广州",
      "目的地": "南京",
      "航班类型": "国内航班",
      "航班日期": "2026-01-21",
      "航班代码": "SC4676/SC4691",
      "价格": "489"
    },
    {
      "出发地": "广州",
      "目的地": "南京",
      "航班类型": "国内航班",
      "航班日期": "2026-01-22",
      "航班代码": "ZH9861",
      "价格": "480"
    },
    {
      "出发地": "广州",
      "目的地": "南京",
      "航班类型": "国内航班",
      "航班日期": "2026-01-25",
      "航班代码": "AQ1033",
      "价格": "589"
    },
    {
      "出发地": "广州",
      "目的地": "南京",
      "航班类型": "国内航班",
      "航班日期": "2026-01-27",
      "航班代码": "9C8930/MU2882",
      "价格": "597"
    },
    {
      "出发地": "广州",
      "目的地": "南京",
      "航班类型": "国内航班",
      "航班日期": "2026-01-28",
      "航班代码": "MU9768",
      "价格": "600"
    },
    {
      "出发地": "广州",
      "目的地": "南京",
      "航班类型": "国内航班",
      "航班日期": "2026-01-30",
      "航班代码": "AQ1005/MU2882",
      "价格": "594"
    },
    {
      "出发地": "广州",
      "目的地": "南京",
      "航班类型": "国内航班",
      "航班日期": "2026-01-31",
      "航班代码": "9C8932/MU2882",
      "价格": "597"
    },
    {
      "出发地": "广州",
      "目的地": "南京",
      "航班类型": "国内航班",
      "航班日期": "2026-02-01",
      "航班代码": "CA8566/MU2882",
      "价格": "678"
    },
    {
      "出发地": "广州",
      "目的地": "南京",
      "航班类型": "国内航班",
      "航班日期": "2026-02-02",
      "航班代码": "CZ3892/9C8633",
      "价格": "647"
    },
    {
      "出发地": "广州",
      "目的地": "南京",
      "航班类型": "国内航班",
      "航班日期": "2026-02-03",
      "航班代码": "CZ3896/9C8633",
      "价格": "649"
    },
    {
      "出发地": "广州",
      "目的地": "南京",
      "航班类型": "国内航班",
      "航班日期": "2026-02-04",
      "航班代码": "9C8930/MU2882",
      "价格": "714"
    },
    {
      "出发地": "广州",
      "目的地": "南京",
      "航班类型": "国内航班",
      "航班日期": "2026-02-05",
      "航班代码": "9C8930/MU2882",
      "价格": "814"
    },
    {
      "出发地": "广州",
      "目的地": "南京",
      "航班类型": "国内航班",
      "航班日期": "2026-02-06",
      "航班代码": "ZH9533/MU2882",
      "价格": "827"
    },
    {
      "出发地": "广州",
      "目的地": "南京",
      "航班类型": "国内航班",
      "航班日期": "2026-02-07",
      "航班代码": "CZ3894/9C8633",
      "价格": "805"
    },
    {
      "出发地": "广州",
      "目的地": "南京",
      "航班类型": "国内航班",
      "航班日期": "2026-02-08",
      "航班代码": "9C8930/MU2882",
      "价格": "717"
    },
    {
      "出发地": "广州",
      "目的地": "南京",
      "航班类型": "国内航班",
      "航班日期": "2026-02-10",
      "航班代码": "9C8930/MU2882",
      "价格": "718"
    },
    {
      "出发地": "广州",
      "目的地": "南京",
      "航班类型": "国内航班",
      "航班日期": "2026-02-11",
      "航班代码": "CA8566/MU2882",
      "价格": "829"
    },
    {
      "出发地": "广州",
      "目的地": "南京",
      "航班类型": "国内航班",
      "航班日期": "2026-02-12",
      "航班代码": "9C8932/MU2882",
      "价格": "718"
    },
    {
      "出发地": "广州",
      "目的地": "南京",
      "航班类型": "国内航班",
      "航班日期": "2026-02-13",
      "航班代码": "CA8566/MU2882",
      "价格": "829"
    },
    {
      "出发地": "广州",
      "目的地": "南京",
      "航班类型": "国内航班",
      "航班日期": "2026-02-15",
      "航班代码": "MU5312/MU2882",
      "价格": "594"
    },
    {
      "出发地": "广州",
      "目的地": "南京",
      "航班类型": "国内航班",
      "航班日期": "2026-02-17",
      "航班代码": "ZH9533/MU2882",
      "价格": "687"
    },
    {
      "出发地": "广州",
      "目的地": "南京",
      "航班类型": "国内航班",
      "航班日期": "2026-02-22",
      "航班代码": "CA8566/MU2882",
      "价格": "1316"
    },
    {
      "出发地": "广州",
      "目的地": "南京",
      "航班类型": "国内航班",
      "航班日期": "2026-02-24",
      "航班代码": "CA3699",
      "价格": "960"
    },
    {
      "出发地": "广州",
      "目的地": "南京",
      "航班类型": "国内航班",
      "航班日期": "2026-03-05",
      "航班代码": "9C8930/MU2882",
      "价格": "487"
    },
    {
      "出发地": "广州",
      "目的地": "南京",
      "航班类型": "国内航班",
      "航班日期": "2026-05-18",
      "航班代码": "MU9768",
      "价格": "1580"
    }
  ]
}