{
  "查询条件": {
    "出发地": "广州",
    "目的地": "青岛"
  },
  "航班数量": 68,
  "航班列表": [
    {
      "出发地": "广州",
      "目的地": "青岛",
      "航班类型": "国内航班",
      "航班日期": "2025-12-16",
      "航班代码": "MF8326/MF8071",
      "价格": "410"
    },
    {
      "出发地": "广州",
      "目的地": "青岛",
      "航班类型": "国内航班",
      "航班日期": "2025-12-17",
      "航班代码": "MF8326/MF8698",
      "价格": "380"
    },
    {
      "出发地": "广州",
      "目的地": "青岛",
      "航班类型": "国内航班",
      "航班日期": "2025-12-18",
      "航班代码": "MF8302/MF8525",
      "价格": "400"
    },
    {
      "出发地": "广州",
      "目的地": "青岛",
      "航班类型": "国内航班",
      "航班日期": "2025-12-19",
      "航班代码": "AQ1019",
      "价格": "439"
    },
    {
      "出发地": "广州",
      "目的地": "青岛",
      "航班类型": "国内航班",
      "航班日期": "2025-12-20",
      "航班代码": "MU2304/MU5021",
      "价格": "500"
    },
    {
      "出发地": "广州",
      "目的地": "青岛",
      "航班类型": "国内航班",
      "航班日期": "2025-12-21",
      "航班代码": "MU6733/MU6494",
      "价格": "453"
    },
    {
      "出发地": "广州",
      "目的地": "青岛",
      "航班类型": "国内航班",
      "航班日期": "2025-12-22",
      "航班代码": "MU9200/MU5539",
      "价格": "474"
    },
    {
      "出发地": "广州",
      "目的地": "青岛",
      "航班类型": "国内航班",
      "航班日期": "2025-12-23",
      "航班代码": "MU2306/MU6223",
      "价格": "440"
    },
    {
      "出发地": "广州",
      "目的地": "青岛",
      "航班类型": "国内航班",
      "航班日期": "2025-12-24",
      "航班代码": "MU2306/MU6223",
      "价格": "440"
    },
    {
      "出发地": "广州",
      "目的地": "青岛",
      "航班类型": "国内航班",
      "航班日期": "2025-12-25",
      "航班代码": "MU9200/MU5539",
      "价格": "474"
    },
    {
      "出发地": "广州",
      "目的地": "青岛",
      "航班类型": "国内航班",
      "航班日期": "2025-12-26",
      "航班代码": "HU7285/GS6577",
      "价格": "440"
    },
    {
      "出发地": "广州",
      "目的地": "青岛",
      "航班类型": "国内航班",
      "航班日期": "2025-12-27",
      "航班代码": "MU2308/MU2414",
      "价格": "490"
    },
    {
      "出发地": "广州",
      "目的地": "青岛",
      "航班类型": "国内航班",
      "航班日期": "2025-12-28",
      "航班代码": "HU7285/QW9834",
      "价格": "519"
    },
    {
      "出发地": "广州",
      "目的地": "青岛",
      "航班类型": "国内航班",
      "航班日期": "2025-12-29",
      "航班代码": "9C7749/9C8703",
      "价格": "480"
    },
    {
      "出发地": "广州",
      "目的地": "青岛",
      "航班类型": "国内航班",
      "航班日期": "2025-12-30",
      "航班代码": "MU5320/MU5539",
      "价格": "500"
    },
    {
      "出发地": "广州",
      "目的地": "青岛",
      "航班类型": "国内航班",
      "航班日期": "2025-12-31",
      "航班代码": "MU5330/MU5515",
      "价格": "490"
    },
    {
      "出发地": "广州",
      "目的地": "青岛",
      "航班类型": "国内航班",
      "航班日期": "2026-01-01",
      "航班代码": "MU5320/MU5539",
      "价格": "490"
    },
    {
      "出发地": "广州",
      "目的地": "青岛",
      "航班类型": "国内航班",
      "航班日期": "2026-01-02",
      "航班代码": "MU5320/MU5539",
      "价格": "490"
    },
    {
      "出发地": "广州",
      "目的地": "青岛",
      "航班类型": "国内航班",
      "航班日期": "2026-01-03",
      "航班代码": "CA4304/CA4511",
      "价格": "699"
    },
    {
      "出发地": "广州",
      "目的地": "青岛",
      "航班类型": "国内航班",
      "航班日期": "2026-01-04",
      "航班代码": "MU5308/MU5517",
      "价格": "394"
    },
    {
      "出发地": "广州",
      "目的地": "青岛",
      "航班类型": "国内航班",
      "航班日期": "2026-01-05",
      "航班代码": "9C7749/9C8703",
      "价格": "440"
    },
    {
      "出发地": "广州",
      "目的地": "青岛",
      "航班类型": "国内航班",
      "航班日期": "2026-01-07",
      "航班代码": "9C7749/9C8703",
      "价格": "529"
    },
    {
      "出发地": "广州",
      "目的地": "青岛",
      "航班类型": "国内航班",
      "航班日期": "2026-01-09",
      "航班代码": "MU2308/MU6532",
      "价格": "450"
    },
    {
      "出发地": "广州",
      "目的地": "青岛",
      "航班类型": "国内航班",
      "航班日期": "2026-01-10",
      "航班代码": "MU9200/FM9229",
      "价格": "475"
    },
    {
      "出发地": "广州",
      "目的地": "青岛",
      "航班类型": "国内航班",
      "航班日期": "2026-01-11",
      "航班代码": "MU5326/MU5589",
      "价格": "465"
    },
    {
      "出发地": "广州",
      "目的地": "青岛",
      "航班类型": "国内航班",
      "航班日期": "2026-01-12",
      "航班代码": "9C7749/9C8703",
      "价格": "426"
    },
    {
      "出发地": "广州",
      "目的地": "青岛",
      "航班类型": "国内航班",
      "航班日期": "2026-01-13",
      "航班代码": "MU5330/MU5519",
      "价格": "490"
    },
    {
      "出发地": "广州",
      "目的地": "青岛",
      "航班类型": "国内航班",
      "航班日期": "2026-01-14",
      "航班代码": "MU5328/MU5521",
      "价格": "490"
    },
    {
      "出发地": "广州",
      "目的地": "青岛",
      "航班类型": "国内航班",
      "航班日期": "2026-01-15",
      "航班代码": "MU5326/MU5511",
      "价格": "494"
    },
    {
      "出发地": "广州",
      "目的地": "青岛",
      "航班类型": "国内航班",
      "航班日期": "2026-01-16",
      "航班代码": "MU5306/MU5517",
      "价格": "490"
    },
    {
      "出发地": "广州",
      "目的地": "青岛",
      "航班类型": "国内航班",
      "航班日期": "2026-01-17",
      "航班代码": "CA8232/CA8237",
      "价格": "499"
    },
    {
      "出发地": "广州",
      "目的地": "青岛",
      "航班类型": "国内航班",
      "航班日期": "2026-01-18",
      "航班代码": "MU5308/MU5517",
      "价格": "490"
    },
    {
      "出发地": "广州",
      "目的地": "青岛",
      "航班类型": "国内航班",
      "航班日期": "2026-01-19",
      "航班代码": "9C8932/QW9778",
      "价格": "613"
    },
    {
      "出发地": "广州",
      "目的地": "青岛",
      "航班类型": "国内航班",
      "航班日期": "2026-01-20",
      "航班代码": "MU9200/MU5539",
      "价格": "490"
    },
    {
      "出发地": "广州",
      "目的地": "青岛",
      "航班类型": "国内航班",
      "航班日期": "2026-01-21",
      "航班代码": "9C7749/9C8703",
      "价格": "650"
    },
    {
      "出发地": "广州",
      "目的地": "青岛",
      "航班类型": "国内航班",
      "航班日期": "2026-01-22",
      "航班代码": "AQ1005/MU5519",
      "价格": "576"
    },
    {
      "出发地": "广州",
      "目的地": "青岛",
      "航班类型": "国内航班",
      "航班日期": "2026-01-23",
      "航班代码": "AQ1019",
      "价格": "679"
    },
    {
      "出发地": "广州",
      "目的地": "青岛",
      "航班类型": "国内航班",
      "航班日期": "2026-01-24",
      "航班代码": "AQ1005/FM9229",
      "价格": "572"
    },
    {
      "出发地": "广州",
      "目的地": "青岛",
      "航班类型": "国内航班",
      "航班日期": "2026-01-27",
      "航班代码": "MU8054/MU6140",
      "价格": "500"
    },
    {
      "出发地": "广州",
      "目的地": "青岛",
      "航班类型": "国内航班",
      "航班日期": "2026-01-28",
      "航班代码": "9C8930/QW9778",
      "价格": "652"
    },
    {
      "出发地": "广州",
      "目的地": "青岛",
      "航班类型": "国内航班",
      "航班日期": "2026-01-29",
      "航班代码": "AQ1019",
      "价格": "679"
    },
    {
      "出发地": "广州",
      "目的地": "青岛",
      "航班类型": "国内航班",
      "航班日期": "2026-01-30",
      "航班代码": "CA8566/QW9778",
      "价格": "596"
    },
    {
      "出发地": "广州",
      "目的地": "青岛",
      "航班类型": "国内航班",
      "航班日期": "2026-01-31",
      "航班代码": "9C6722/QW9778",
      "价格": "739"
    },
    {
      "出发地": "广州",
      "目的地": "青岛",
      "航班类型": "国内航班",
      "航班日期": "2026-02-01",
      "航班代码": "9C7749/MU6561",
      "价格": "1198"
    },
    {
      "出发地": "广州",
      "目的地": "青岛",
      "航班类型": "国内航班",
      "航班日期": "2026-02-02",
      "航班代码": "CA1838/MU5519",
      "价格": "898"
    },
    {
      "出发地": "广州",
      "目的地": "青岛",
      "航班类型": "国内航班",
      "航班日期": "2026-02-03",
      "航班代码": "MU5238/9C8703",
      "价格": "1038"
    },
    {
      "出发地": "广州",
      "目的地": "青岛",
      "航班类型": "国内航班",
      "航班日期": "2026-02-04",
      "航班代码": "CA8566/MU5519",
      "价格": "772"
    },
    {
      "出发地": "广州",
      "目的地": "青岛",
      "航班类型": "国内航班",
      "航班日期": "2026-02-06",
      "航班代码": "MU5238/9C8703",
      "价格": "1171"
    },
    {
      "出发地": "广州",
      "目的地": "青岛",
      "航班类型": "国内航班",
      "航班日期": "2026-02-07",
      "航班代码": "MU6949/9C8703",
      "价格": "1265"
    },
    {
      "出发地": "广州",
      "目的地": "青岛",
      "航班类型": "国内航班",
      "航班日期": "2026-02-08",
      "航班代码": "9C7749/GJ8513",
      "价格": "1230"
    },
    {
      "出发地": "广州",
      "目的地": "青岛",
      "航班类型": "国内航班",
      "航班日期": "2026-02-09",
      "航班代码": "9C7749/9C8703",
      "价格": "1298"
    },
    {
      "出发地": "广州",
      "目的地": "青岛",
      "航班类型": "国内航班",
      "航班日期": "2026-02-10",
      "航班代码": "MU5238/9C8703",
      "价格": "1482"
    },
    {
      "出发地": "广州",
      "目的地": "青岛",
      "航班类型": "国内航班",
      "航班日期": "2026-02-11",
      "航班代码": "MU6551/MU9069",
      "价格": "1865"
    },
    {
      "出发地": "广州",
      "目的地": "青岛",
      "航班类型": "国内航班",
      "航班日期": "2026-02-12",
      "航班代码": "9C8932/Y87503",
      "价格": "1576"
    },
    {
      "出发地": "广州",
      "目的地": "青岛",
      "航班类型": "国内航班",
      "航班日期": "2026-02-13",
      "航班代码": "9C8930/CZ6226",
      "价格": "1533"
    },
    {
      "出发地": "广州",
      "目的地": "青岛",
      "航班类型": "国内航班",
      "航班日期": "2026-02-14",
      "航班代码": "CA1866/MU5519",
      "价格": "1327"
    },
    {
      "出发地": "广州",
      "目的地": "青岛",
      "航班类型": "国内航班",
      "航班日期": "2026-02-15",
      "航班代码": "9C8932/CZ6226",
      "价格": "1072"
    },
    {
      "出发地": "广州",
      "目的地": "青岛",
      "航班类型": "国内航班",
      "航班日期": "2026-02-16",
      "航班代码": "CZ3609",
      "价格": "1120"
    },
    {
      "出发地": "广州",
      "目的地": "青岛",
      "航班类型": "国内航班",
      "航班日期": "2026-02-17",
      "航班代码": "CZ3380/CZ5821",
      "价格": "930"
    },
    {
      "出发地": "广州",
      "目的地": "青岛",
      "航班类型": "国内航班",
      "航班日期": "2026-02-18",
      "航班代码": "CZ3715",
      "价格": "1000"
    },
    {
      "出发地": "广州",
      "目的地": "青岛",
      "航班类型": "国内航班",
      "航班日期": "2026-02-19",
      "航班代码": "CZ3609",
      "价格": "1000"
    },
    {
      "出发地": "广州",
      "目的地": "青岛",
      "航班类型": "国内航班",
      "航班日期": "2026-02-20",
      "航班代码": "3U1235",
      "价格": "1120"
    },
    {
      "出发地": "广州",
      "目的地": "青岛",
      "航班类型": "国内航班",
      "航班日期": "2026-02-21",
      "航班代码": "MU5288/MU6469",
      "价格": "1851"
    },
    {
      "出发地": "广州",
      "目的地": "青岛",
      "航班类型": "国内航班",
      "航班日期": "2026-02-22",
      "航班代码": "AQ1019",
      "价格": "1199"
    },
    {
      "出发地": "广州",
      "目的地": "青岛",
      "航班类型": "国内航班",
      "航班日期": "2026-02-23",
      "航班代码": "CZ5592/CZ3937",
      "价格": "1176"
    },
    {
      "出发地": "广州",
      "目的地": "青岛",
      "航班类型": "国内航班",
      "航班日期": "2026-02-24",
      "航班代码": "CZ3715",
      "价格": "1240"
    },
    {
      "出发地": "广州",
      "目的地": "青岛",
      "航班类型": "国内航班",
      "航班日期": "2026-02-26",
      "航班代码": "MU6733/MU6494",
      "价格": "1746"
    },
    {
      "出发地": "广州",
      "目的地": "青岛",
      "航班类型": "国内航班",
      "航班日期": "2026-02-27",
      "航班代码": "MU6733/MU6494",
      "价格": "1743"
    }
  ]
}