{
  "查询条件": {
    "出发地": "广州",
    "目的地": "深圳"
  },
  "航班数量": 21,
  "航班列表": [
    {
      "出发地": "广州",
      "目的地": "深圳",
      "航班类型": "国内航班",
      "航班日期": "2025-12-16",
      "航班代码": "PN6206/PN6229",
      "价格": "490"
    },
    {
      "出发地": "广州",
      "目的地": "深圳",
      "航班类型": "国内航班",
      "航班日期": "2025-12-17",
      "航班代码": "HU7012/HU7021",
      "价格": "597"
    },
    {
      "出发地": "广州",
      "目的地": "深圳",
      "航班类型": "国内航班",
      "航班日期": "2025-12-19",
      "航班代码": "HU7207/HU7768",
      "价格": "600"
    },
    {
      "出发地": "广州",
      "目的地": "深圳",
      "航班类型": "国内航班",
      "航班日期": "2025-12-20",
      "航班代码": "PN6206/PN6229",
      "价格": "580"
    },
    {
      "出发地": "广州",
      "目的地": "深圳",
      "航班类型": "国内航班",
      "航班日期": "2025-12-21",
      "航班代码": "CZ3329/ZH9328",
      "价格": "560"
    },
    {
      "出发地": "广州",
      "目的地": "深圳",
      "航班类型": "国内航班",
      "航班日期": "2025-12-22",
      "航班代码": "CZ3329/ZH9328",
      "价格": "540"
    },
    {
      "出发地": "广州",
      "目的地": "深圳",
      "航班类型": "国内航班",
      "航班日期": "2025-12-27",
      "航班代码": "CZ3331/ZH9328",
      "价格": "618"
    },
    {
      "出发地": "广州",
      "目的地": "深圳",
      "航班类型": "国内航班",
      "航班日期": "2025-12-28",
      "航班代码": "HU7207/HU7768",
      "价格": "600"
    },
    {
      "出发地": "广州",
      "目的地": "深圳",
      "航班类型": "国内航班",
      "航班日期": "2025-12-29",
      "航班代码": "3U8748/3U8781",
      "价格": "599"
    },
    {
      "出发地": "广州",
      "目的地": "深圳",
      "航班类型": "国内航班",
      "航班日期": "2026-01-01",
      "航班代码": "CZ3329/ZH9328",
      "价格": "629"
    },
    {
      "出发地": "广州",
      "目的地": "深圳",
      "航班类型": "国内航班",
      "航班日期": "2026-01-02",
      "航班代码": "CZ3329/ZH9328",
      "价格": "610"
    },
    {
      "出发地": "广州",
      "目的地": "深圳",
      "航班类型": "国内航班",
      "航班日期": "2026-01-05",
      "航班代码": "CZ3329/ZH9328",
      "价格": "590"
    },
    {
      "出发地": "广州",
      "目的地": "深圳",
      "航班类型": "国内航班",
      "航班日期": "2026-01-10",
      "航班代码": "CZ3329/ZH9328",
      "价格": "590"
    },
    {
      "出发地": "广州",
      "目的地": "深圳",
      "航班类型": "国内航班",
      "航班日期": "2026-01-11",
      "航班代码": "3U8750/3U8781",
      "价格": "600"
    },
    {
      "出发地": "广州",
      "目的地": "深圳",
      "航班类型": "国内航班",
      "航班日期": "2026-01-21",
      "航班代码": "CZ3329/ZH9328",
      "价格": "629"
    },
    {
      "出发地": "广州",
      "目的地": "深圳",
      "航班类型": "国内航班",
      "航班日期": "2026-01-24",
      "航班代码": "AQ1101/DZ6214",
      "价格": "694"
    },
    {
      "出发地": "广州",
      "目的地": "深圳",
      "航班类型": "国内航班",
      "航班日期": "2026-01-29",
      "航班代码": "AQ1101/DZ6214",
      "价格": "693"
    },
    {
      "出发地": "广州",
      "目的地": "深圳",
      "航班类型": "国内航班",
      "航班日期": "2026-02-10",
      "航班代码": "9C8932/9C8955",
      "价格": "1118"
    },
    {
      "出发地": "广州",
      "目的地": "深圳",
      "航班类型": "国内航班",
      "航班日期": "2026-02-13",
      "航班代码": "AQ1071/ZH9898",
      "价格": "1073"
    },
    {
      "出发地": "广州",
      "目的地": "深圳",
      "航班类型": "国内航班",
      "航班日期": "2026-02-28",
      "航班代码": "ZH9533/9C8955",
      "价格": "689"
    },
    {
      "出发地": "广州",
      "目的地": "深圳",
      "航班类型": "国内航班",
      "航班日期": "2026-04-04",
      "航班代码": "MU6949/MU5243",
      "价格": "2044"
    }
  ]
}