{
  "查询条件": {
    "出发地": "广州",
    "目的地": "成都"
  },
  "航班数量": 76,
  "航班列表": [
    {
      "出发地": "广州",
      "目的地": "成都",
      "航班类型": "国内航班",
      "航班日期": "2025-12-16",
      "航班代码": "CA8232/CA4044",
      "价格": "495"
    },
    {
      "出发地": "广州",
      "目的地": "成都",
      "航班类型": "国内航班",
      "航班日期": "2025-12-17",
      "航班代码": "MF8306/MF8431",
      "价格": "350"
    },
    {
      "出发地": "广州",
      "目的地": "成都",
      "航班类型": "国内航班",
      "航班日期": "2025-12-18",
      "航班代码": "MF8302/MF8431",
      "价格": "370"
    },
    {
      "出发地": "广州",
      "目的地": "成都",
      "航班类型": "国内航班",
      "航班日期": "2025-12-19",
      "航班代码": "3U6710",
      "价格": "420"
    },
    {
      "出发地": "广州",
      "目的地": "成都",
      "航班类型": "国内航班",
      "航班日期": "2025-12-20",
      "航班代码": "CA3689",
      "价格": "460"
    },
    {
      "出发地": "广州",
      "目的地": "成都",
      "航班类型": "国内航班",
      "航班日期": "2025-12-21",
      "航班代码": "CZ3401",
      "价格": "400"
    },
    {
      "出发地": "广州",
      "目的地": "成都",
      "航班类型": "国内航班",
      "航班日期": "2025-12-22",
      "航班代码": "MU6733/MU2611",
      "价格": "441"
    },
    {
      "出发地": "广州",
      "目的地": "成都",
      "航班类型": "国内航班",
      "航班日期": "2025-12-23",
      "航班代码": "CA4594/CA2702",
      "价格": "399"
    },
    {
      "出发地": "广州",
      "目的地": "成都",
      "航班类型": "国内航班",
      "航班日期": "2025-12-24",
      "航班代码": "AQ1115",
      "价格": "369"
    },
    {
      "出发地": "广州",
      "目的地": "成都",
      "航班类型": "国内航班",
      "航班日期": "2025-12-25",
      "航班代码": "AQ1115",
      "价格": "419"
    },
    {
      "出发地": "广州",
      "目的地": "成都",
      "航班类型": "国内航班",
      "航班日期": "2025-12-26",
      "航班代码": "CA4594/CA2702",
      "价格": "399"
    },
    {
      "出发地": "广州",
      "目的地": "成都",
      "航班类型": "国内航班",
      "航班日期": "2025-12-27",
      "航班代码": "CA4594/CA2702",
      "价格": "399"
    },
    {
      "出发地": "广州",
      "目的地": "成都",
      "航班类型": "国内航班",
      "航班日期": "2025-12-28",
      "航班代码": "AQ1115",
      "价格": "419"
    },
    {
      "出发地": "广州",
      "目的地": "成都",
      "航班类型": "国内航班",
      "航班日期": "2025-12-29",
      "航班代码": "JD5161",
      "价格": "399"
    },
    {
      "出发地": "广州",
      "目的地": "成都",
      "航班类型": "国内航班",
      "航班日期": "2025-12-30",
      "航班代码": "AQ1115",
      "价格": "469"
    },
    {
      "出发地": "广州",
      "目的地": "成都",
      "航班类型": "国内航班",
      "航班日期": "2025-12-31",
      "航班代码": "MU6186",
      "价格": "675"
    },
    {
      "出发地": "广州",
      "目的地": "成都",
      "航班类型": "国内航班",
      "航班日期": "2026-01-01",
      "航班代码": "CA3689",
      "价格": "400"
    },
    {
      "出发地": "广州",
      "目的地": "成都",
      "航班类型": "国内航班",
      "航班日期": "2026-01-02",
      "航班代码": "3U6710",
      "价格": "420"
    },
    {
      "出发地": "广州",
      "目的地": "成都",
      "航班类型": "国内航班",
      "航班日期": "2026-01-03",
      "航班代码": "CA4310",
      "价格": "560"
    },
    {
      "出发地": "广州",
      "目的地": "成都",
      "航班类型": "国内航班",
      "航班日期": "2026-01-04",
      "航班代码": "ZH9443",
      "价格": "410"
    },
    {
      "出发地": "广州",
      "目的地": "成都",
      "航班类型": "国内航班",
      "航班日期": "2026-01-05",
      "航班代码": "MU6186",
      "价格": "480"
    },
    {
      "出发地": "广州",
      "目的地": "成都",
      "航班类型": "国内航班",
      "航班日期": "2026-01-06",
      "航班代码": "TV6609",
      "价格": "400"
    },
    {
      "出发地": "广州",
      "目的地": "成都",
      "航班类型": "国内航班",
      "航班日期": "2026-01-07",
      "航班代码": "KY9375",
      "价格": "450"
    },
    {
      "出发地": "广州",
      "目的地": "成都",
      "航班类型": "国内航班",
      "航班日期": "2026-01-08",
      "航班代码": "ZH9443",
      "价格": "450"
    },
    {
      "出发地": "广州",
      "目的地": "成都",
      "航班类型": "国内航班",
      "航班日期": "2026-01-09",
      "航班代码": "MU6186",
      "价格": "480"
    },
    {
      "出发地": "广州",
      "目的地": "成都",
      "航班类型": "国内航班",
      "航班日期": "2026-01-10",
      "航班代码": "AQ1115",
      "价格": "469"
    },
    {
      "出发地": "广州",
      "目的地": "成都",
      "航班类型": "国内航班",
      "航班日期": "2026-01-11",
      "航班代码": "CA3689",
      "价格": "490"
    },
    {
      "出发地": "广州",
      "目的地": "成都",
      "航班类型": "国内航班",
      "航班日期": "2026-01-12",
      "航班代码": "MU6186",
      "价格": "500"
    },
    {
      "出发地": "广州",
      "目的地": "成都",
      "航班类型": "国内航班",
      "航班日期": "2026-01-13",
      "航班代码": "AQ1115",
      "价格": "569"
    },
    {
      "出发地": "广州",
      "目的地": "成都",
      "航班类型": "国内航班",
      "航班日期": "2026-01-14",
      "航班代码": "AQ1115",
      "价格": "639"
    },
    {
      "出发地": "广州",
      "目的地": "成都",
      "航班类型": "国内航班",
      "航班日期": "2026-01-15",
      "航班代码": "GJ3076",
      "价格": "500"
    },
    {
      "出发地": "广州",
      "目的地": "成都",
      "航班类型": "国内航班",
      "航班日期": "2026-01-16",
      "航班代码": "AQ1115",
      "价格": "569"
    },
    {
      "出发地": "广州",
      "目的地": "成都",
      "航班类型": "国内航班",
      "航班日期": "2026-01-17",
      "航班代码": "3U6710",
      "价格": "580"
    },
    {
      "出发地": "广州",
      "目的地": "成都",
      "航班类型": "国内航班",
      "航班日期": "2026-01-18",
      "航班代码": "CA8232/CA4044",
      "价格": "599"
    },
    {
      "出发地": "广州",
      "目的地": "成都",
      "航班类型": "国内航班",
      "航班日期": "2026-01-19",
      "航班代码": "AQ1115",
      "价格": "579"
    },
    {
      "出发地": "广州",
      "目的地": "成都",
      "航班类型": "国内航班",
      "航班日期": "2026-01-20",
      "航班代码": "JD5161",
      "价格": "770"
    },
    {
      "出发地": "广州",
      "目的地": "成都",
      "航班类型": "国内航班",
      "航班日期": "2026-01-21",
      "航班代码": "JD5161",
      "价格": "460"
    },
    {
      "出发地": "广州",
      "目的地": "成都",
      "航班类型": "国内航班",
      "航班日期": "2026-01-22",
      "航班代码": "AQ1115",
      "价格": "569"
    },
    {
      "出发地": "广州",
      "目的地": "成都",
      "航班类型": "国内航班",
      "航班日期": "2026-01-23",
      "航班代码": "AQ1115",
      "价格": "569"
    },
    {
      "出发地": "广州",
      "目的地": "成都",
      "航班类型": "国内航班",
      "航班日期": "2026-01-24",
      "航班代码": "JD5161",
      "价格": "600"
    },
    {
      "出发地": "广州",
      "目的地": "成都",
      "航班类型": "国内航班",
      "航班日期": "2026-01-25",
      "航班代码": "CA8232/CA8293",
      "价格": "599"
    },
    {
      "出发地": "广州",
      "目的地": "成都",
      "航班类型": "国内航班",
      "航班日期": "2026-01-26",
      "航班代码": "CA8232/CA8293",
      "价格": "599"
    },
    {
      "出发地": "广州",
      "目的地": "成都",
      "航班类型": "国内航班",
      "航班日期": "2026-01-27",
      "航班代码": "JD5161",
      "价格": "460"
    },
    {
      "出发地": "广州",
      "目的地": "成都",
      "航班类型": "国内航班",
      "航班日期": "2026-01-28",
      "航班代码": "CA8232/CA8293",
      "价格": "599"
    },
    {
      "出发地": "广州",
      "目的地": "成都",
      "航班类型": "国内航班",
      "航班日期": "2026-01-29",
      "航班代码": "CA8232/CA8293",
      "价格": "599"
    },
    {
      "出发地": "广州",
      "目的地": "成都",
      "航班类型": "国内航班",
      "航班日期": "2026-01-30",
      "航班代码": "AQ1115",
      "价格": "779"
    },
    {
      "出发地": "广州",
      "目的地": "成都",
      "航班类型": "国内航班",
      "航班日期": "2026-01-31",
      "航班代码": "AQ1115",
      "价格": "779"
    },
    {
      "出发地": "广州",
      "目的地": "成都",
      "航班类型": "国内航班",
      "航班日期": "2026-02-01",
      "航班代码": "JD5161",
      "价格": "750"
    },
    {
      "出发地": "广州",
      "目的地": "成都",
      "航班类型": "国内航班",
      "航班日期": "2026-02-02",
      "航班代码": "CA3689",
      "价格": "750"
    },
    {
      "出发地": "广州",
      "目的地": "成都",
      "航班类型": "国内航班",
      "航班日期": "2026-02-03",
      "航班代码": "HU7151",
      "价格": "790"
    },
    {
      "出发地": "广州",
      "目的地": "成都",
      "航班类型": "国内航班",
      "航班日期": "2026-02-04",
      "航班代码": "MU5322",
      "价格": "970"
    },
    {
      "出发地": "广州",
      "目的地": "成都",
      "航班类型": "国内航班",
      "航班日期": "2026-02-05",
      "航班代码": "CZ3375/MU6241",
      "价格": "1591"
    },
    {
      "出发地": "广州",
      "目的地": "成都",
      "航班类型": "国内航班",
      "航班日期": "2026-02-06",
      "航班代码": "JD5161",
      "价格": "1138"
    },
    {
      "出发地": "广州",
      "目的地": "成都",
      "航班类型": "国内航班",
      "航班日期": "2026-02-07",
      "航班代码": "JD5161",
      "价格": "1240"
    },
    {
      "出发地": "广州",
      "目的地": "成都",
      "航班类型": "国内航班",
      "航班日期": "2026-02-08",
      "航班代码": "MU5322",
      "价格": "1310"
    },
    {
      "出发地": "广州",
      "目的地": "成都",
      "航班类型": "国内航班",
      "航班日期": "2026-02-09",
      "航班代码": "JD5161",
      "价格": "1240"
    },
    {
      "出发地": "广州",
      "目的地": "成都",
      "航班类型": "国内航班",
      "航班日期": "2026-02-10",
      "航班代码": "JD5161",
      "价格": "1250"
    },
    {
      "出发地": "广州",
      "目的地": "成都",
      "航班类型": "国内航班",
      "航班日期": "2026-02-11",
      "航班代码": "JD5161",
      "价格": "1240"
    },
    {
      "出发地": "广州",
      "目的地": "成都",
      "航班类型": "国内航班",
      "航班日期": "2026-02-12",
      "航班代码": "JD5161",
      "价格": "1410"
    },
    {
      "出发地": "广州",
      "目的地": "成都",
      "航班类型": "国内航班",
      "航班日期": "2026-02-13",
      "航班代码": "JD5161",
      "价格": "1410"
    },
    {
      "出发地": "广州",
      "目的地": "成都",
      "航班类型": "国内航班",
      "航班日期": "2026-02-14",
      "航班代码": "HU7151",
      "价格": "1500"
    },
    {
      "出发地": "广州",
      "目的地": "成都",
      "航班类型": "国内航班",
      "航班日期": "2026-02-15",
      "航班代码": "JD5161",
      "价格": "1410"
    },
    {
      "出发地": "广州",
      "目的地": "成都",
      "航班类型": "国内航班",
      "航班日期": "2026-02-16",
      "航班代码": "ZH4402",
      "价格": "660"
    },
    {
      "出发地": "广州",
      "目的地": "成都",
      "航班类型": "国内航班",
      "航班日期": "2026-02-17",
      "航班代码": "CZ3439",
      "价格": "850"
    },
    {
      "出发地": "广州",
      "目的地": "成都",
      "航班类型": "国内航班",
      "航班日期": "2026-02-18",
      "航班代码": "CA4356/EU1860",
      "价格": "1710"
    },
    {
      "出发地": "广州",
      "目的地": "成都",
      "航班类型": "国内航班",
      "航班日期": "2026-02-19",
      "航班代码": "CZ3439",
      "价格": "850"
    },
    {
      "出发地": "广州",
      "目的地": "成都",
      "航班类型": "国内航班",
      "航班日期": "2026-02-20",
      "航班代码": "CA4310",
      "价格": "750"
    },
    {
      "出发地": "广州",
      "目的地": "成都",
      "航班类型": "国内航班",
      "航班日期": "2026-02-21",
      "航班代码": "CA4310",
      "价格": "750"
    },
    {
      "出发地": "广州",
      "目的地": "成都",
      "航班类型": "国内航班",
      "航班日期": "2026-02-22",
      "航班代码": "CA4310",
      "价格": "850"
    },
    {
      "出发地": "广州",
      "目的地": "成都",
      "航班类型": "国内航班",
      "航班日期": "2026-02-23",
      "航班代码": "ZH4400",
      "价格": "850"
    },
    {
      "出发地": "广州",
      "目的地": "成都",
      "航班类型": "国内航班",
      "航班日期": "2026-02-24",
      "航班代码": "ZH4402",
      "价格": "660"
    },
    {
      "出发地": "广州",
      "目的地": "成都",
      "航班类型": "国内航班",
      "航班日期": "2026-02-25",
      "航班代码": "TV6282",
      "价格": "560"
    },
    {
      "出发地": "广州",
      "目的地": "成都",
      "航班类型": "国内航班",
      "航班日期": "2026-02-26",
      "航班代码": "HU7151",
      "价格": "510"
    },
    {
      "出发地": "广州",
      "目的地": "成都",
      "航班类型": "国内航班",
      "航班日期": "2026-02-27",
      "航班代码": "MU6186",
      "价格": "1720"
    },
    {
      "出发地": "广州",
      "目的地": "成都",
      "航班类型": "国内航班",
      "航班日期": "2026-02-28",
      "航班代码": "CA1866/MU5419",
      "价格": "999"
    },
    {
      "出发地": "广州",
      "目的地": "成都",
      "航班类型": "国内航班",
      "航班日期": "2026-03-08",
      "航班代码": "HU7151",
      "价格": "510"
    }
  ]
}