{
  "查询条件": {
    "出发地": "广州",
    "目的地": "温州"
  },
  "航班数量": 27,
  "航班列表": [
    {
      "出发地": "广州",
      "目的地": "温州",
      "航班类型": "国内航班",
      "航班日期": "2025-12-16",
      "航班代码": "MF4538",
      "价格": "310"
    },
    {
      "出发地": "广州",
      "目的地": "温州",
      "航班类型": "国内航班",
      "航班日期": "2025-12-17",
      "航班代码": "AQ1131",
      "价格": "279"
    },
    {
      "出发地": "广州",
      "目的地": "温州",
      "航班类型": "国内航班",
      "航班日期": "2025-12-18",
      "航班代码": "CZ3811",
      "价格": "300"
    },
    {
      "出发地": "广州",
      "目的地": "温州",
      "航班类型": "国内航班",
      "航班日期": "2025-12-19",
      "航班代码": "HU7285",
      "价格": "270"
    },
    {
      "出发地": "广州",
      "目的地": "温州",
      "航班类型": "国内航班",
      "航班日期": "2025-12-20",
      "航班代码": "KN5038",
      "价格": "430"
    },
    {
      "出发地": "广州",
      "目的地": "温州",
      "航班类型": "国内航班",
      "航班日期": "2025-12-21",
      "航班代码": "HU7285",
      "价格": "280"
    },
    {
      "出发地": "广州",
      "目的地": "温州",
      "航班类型": "国内航班",
      "航班日期": "2025-12-22",
      "航班代码": "AQ1131",
      "价格": "210"
    },
    {
      "出发地": "广州",
      "目的地": "温州",
      "航班类型": "国内航班",
      "航班日期": "2025-12-23",
      "航班代码": "ZH9961",
      "价格": "250"
    },
    {
      "出发地": "广州",
      "目的地": "温州",
      "航班类型": "国内航班",
      "航班日期": "2025-12-24",
      "航班代码": "AQ1131",
      "价格": "210"
    },
    {
      "出发地": "广州",
      "目的地": "温州",
      "航班类型": "国内航班",
      "航班日期": "2025-12-25",
      "航班代码": "MU5318/MU8529",
      "价格": "400"
    },
    {
      "出发地": "广州",
      "目的地": "温州",
      "航班类型": "国内航班",
      "航班日期": "2025-12-26",
      "航班代码": "TV7211",
      "价格": "260"
    },
    {
      "出发地": "广州",
      "目的地": "温州",
      "航班类型": "国内航班",
      "航班日期": "2025-12-28",
      "航班代码": "HU7285",
      "价格": "300"
    },
    {
      "出发地": "广州",
      "目的地": "温州",
      "航班类型": "国内航班",
      "航班日期": "2025-12-29",
      "航班代码": "AQ1131",
      "价格": "210"
    },
    {
      "出发地": "广州",
      "目的地": "温州",
      "航班类型": "国内航班",
      "航班日期": "2025-12-30",
      "航班代码": "ZH9961",
      "价格": "360"
    },
    {
      "出发地": "广州",
      "目的地": "温州",
      "航班类型": "国内航班",
      "航班日期": "2025-12-31",
      "航班代码": "AQ1131",
      "价格": "339"
    },
    {
      "出发地": "广州",
      "目的地": "温州",
      "航班类型": "国内航班",
      "航班日期": "2026-01-01",
      "航班代码": "MU5318/MU8529",
      "价格": "400"
    },
    {
      "出发地": "广州",
      "目的地": "温州",
      "航班类型": "国内航班",
      "航班日期": "2026-01-05",
      "航班代码": "AQ1143",
      "价格": "339"
    },
    {
      "出发地": "广州",
      "目的地": "温州",
      "航班类型": "国内航班",
      "航班日期": "2026-02-05",
      "航班代码": "MU8054",
      "价格": "710"
    },
    {
      "出发地": "广州",
      "目的地": "温州",
      "航班类型": "国内航班",
      "航班日期": "2026-02-06",
      "航班代码": "MU8054",
      "价格": "850"
    },
    {
      "出发地": "广州",
      "目的地": "温州",
      "航班类型": "国内航班",
      "航班日期": "2026-02-07",
      "航班代码": "MU8054",
      "价格": "850"
    },
    {
      "出发地": "广州",
      "目的地": "温州",
      "航班类型": "国内航班",
      "航班日期": "2026-02-08",
      "航班代码": "MU8054",
      "价格": "920"
    },
    {
      "出发地": "广州",
      "目的地": "温州",
      "航班类型": "国内航班",
      "航班日期": "2026-02-09",
      "航班代码": "MU8054",
      "价格": "920"
    },
    {
      "出发地": "广州",
      "目的地": "温州",
      "航班类型": "国内航班",
      "航班日期": "2026-02-10",
      "航班代码": "MU8054",
      "价格": "920"
    },
    {
      "出发地": "广州",
      "目的地": "温州",
      "航班类型": "国内航班",
      "航班日期": "2026-02-15",
      "航班代码": "MU8054",
      "价格": "1070"
    },
    {
      "出发地": "广州",
      "目的地": "温州",
      "航班类型": "国内航班",
      "航班日期": "2026-02-22",
      "航班代码": "MU8054",
      "价格": "850"
    },
    {
      "出发地": "广州",
      "目的地": "温州",
      "航班类型": "国内航班",
      "航班日期": "2026-02-23",
      "航班代码": "HU7285",
      "价格": "770"
    },
    {
      "出发地": "广州",
      "目的地": "温州",
      "航班类型": "国内航班",
      "航班日期": "2026-02-24",
      "航班代码": "MU8054",
      "价格": "710"
    }
  ]
}