{
  "查询条件": {
    "出发地": "广州",
    "目的地": "天津"
  },
  "航班数量": 57,
  "航班列表": [
    {
      "出发地": "广州",
      "目的地": "天津",
      "航班类型": "国内航班",
      "航班日期": "2025-12-16",
      "航班代码": "MF8326/MF8137",
      "价格": "390"
    },
    {
      "出发地": "广州",
      "目的地": "天津",
      "航班类型": "国内航班",
      "航班日期": "2025-12-17",
      "航班代码": "MF8386/MF8147",
      "价格": "340"
    },
    {
      "出发地": "广州",
      "目的地": "天津",
      "航班类型": "国内航班",
      "航班日期": "2025-12-18",
      "航班代码": "MF8324/MF8137",
      "价格": "390"
    },
    {
      "出发地": "广州",
      "目的地": "天津",
      "航班类型": "国内航班",
      "航班日期": "2025-12-19",
      "航班代码": "MF8386/MF8147",
      "价格": "400"
    },
    {
      "出发地": "广州",
      "目的地": "天津",
      "航班类型": "国内航班",
      "航班日期": "2025-12-20",
      "航班代码": "MU9200/MU5141",
      "价格": "440"
    },
    {
      "出发地": "广州",
      "目的地": "天津",
      "航班类型": "国内航班",
      "航班日期": "2025-12-21",
      "航班代码": "G523U7I",
      "价格": "540"
    },
    {
      "出发地": "广州",
      "目的地": "天津",
      "航班类型": "国内航班",
      "航班日期": "2025-12-22",
      "航班代码": "MU5320/MU5145",
      "价格": "440"
    },
    {
      "出发地": "广州",
      "目的地": "天津",
      "航班类型": "国内航班",
      "航班日期": "2025-12-23",
      "航班代码": "MU5306/MU5143",
      "价格": "440"
    },
    {
      "出发地": "广州",
      "目的地": "天津",
      "航班类型": "国内航班",
      "航班日期": "2025-12-24",
      "航班代码": "MU5308/MU5143",
      "价格": "434"
    },
    {
      "出发地": "广州",
      "目的地": "天津",
      "航班类型": "国内航班",
      "航班日期": "2025-12-25",
      "航班代码": "BK2787",
      "价格": "430"
    },
    {
      "出发地": "广州",
      "目的地": "天津",
      "航班类型": "国内航班",
      "航班日期": "2025-12-26",
      "航班代码": "BK2787",
      "价格": "430"
    },
    {
      "出发地": "广州",
      "目的地": "天津",
      "航班类型": "国内航班",
      "航班日期": "2025-12-27",
      "航班代码": "MU5302/MU5145",
      "价格": "434"
    },
    {
      "出发地": "广州",
      "目的地": "天津",
      "航班类型": "国内航班",
      "航班日期": "2025-12-28",
      "航班代码": "MU5326/MU8571",
      "价格": "450"
    },
    {
      "出发地": "广州",
      "目的地": "天津",
      "航班类型": "国内航班",
      "航班日期": "2025-12-30",
      "航班代码": "MU2220/MU6263",
      "价格": "490"
    },
    {
      "出发地": "广州",
      "目的地": "天津",
      "航班类型": "国内航班",
      "航班日期": "2025-12-31",
      "航班代码": "BK2787",
      "价格": "550"
    },
    {
      "出发地": "广州",
      "目的地": "天津",
      "航班类型": "国内航班",
      "航班日期": "2026-01-01",
      "航班代码": "MU2306/MU6259",
      "价格": "490"
    },
    {
      "出发地": "广州",
      "目的地": "天津",
      "航班类型": "国内航班",
      "航班日期": "2026-01-02",
      "航班代码": "MU2306/MU6259",
      "价格": "490"
    },
    {
      "出发地": "广州",
      "目的地": "天津",
      "航班类型": "国内航班",
      "航班日期": "2026-01-03",
      "航班代码": "CA4310/CA2952",
      "价格": "599"
    },
    {
      "出发地": "广州",
      "目的地": "天津",
      "航班类型": "国内航班",
      "航班日期": "2026-01-08",
      "航班代码": "MU2220/MU6263",
      "价格": "490"
    },
    {
      "出发地": "广州",
      "目的地": "天津",
      "航班类型": "国内航班",
      "航班日期": "2026-01-09",
      "航班代码": "MU8054/MU8055",
      "价格": "540"
    },
    {
      "出发地": "广州",
      "目的地": "天津",
      "航班类型": "国内航班",
      "航班日期": "2026-01-10",
      "航班代码": "MU9200/MU5141",
      "价格": "440"
    },
    {
      "出发地": "广州",
      "目的地": "天津",
      "航班类型": "国内航班",
      "航班日期": "2026-01-11",
      "航班代码": "MU2220/MU6263",
      "价格": "490"
    },
    {
      "出发地": "广州",
      "目的地": "天津",
      "航班类型": "国内航班",
      "航班日期": "2026-01-12",
      "航班代码": "FM9316/FM9119",
      "价格": "488"
    },
    {
      "出发地": "广州",
      "目的地": "天津",
      "航班类型": "国内航班",
      "航班日期": "2026-01-13",
      "航班代码": "FM9316/FM9119",
      "价格": "488"
    },
    {
      "出发地": "广州",
      "目的地": "天津",
      "航班类型": "国内航班",
      "航班日期": "2026-01-14",
      "航班代码": "MU8054/MU8574",
      "价格": "540"
    },
    {
      "出发地": "广州",
      "目的地": "天津",
      "航班类型": "国内航班",
      "航班日期": "2026-01-16",
      "航班代码": "MU2220/MU6263",
      "价格": "490"
    },
    {
      "出发地": "广州",
      "目的地": "天津",
      "航班类型": "国内航班",
      "航班日期": "2026-01-22",
      "航班代码": "CA1792/CA2836",
      "价格": "599"
    },
    {
      "出发地": "广州",
      "目的地": "天津",
      "航班类型": "国内航班",
      "航班日期": "2026-01-24",
      "航班代码": "CA1792/CA2836",
      "价格": "599"
    },
    {
      "出发地": "广州",
      "目的地": "天津",
      "航班类型": "国内航班",
      "航班日期": "2026-01-27",
      "航班代码": "CA1866/CA2840",
      "价格": "599"
    },
    {
      "出发地": "广州",
      "目的地": "天津",
      "航班类型": "国内航班",
      "航班日期": "2026-01-31",
      "航班代码": "HU3272",
      "价格": "900"
    },
    {
      "出发地": "广州",
      "目的地": "天津",
      "航班类型": "国内航班",
      "航班日期": "2026-02-01",
      "航班代码": "JD5185",
      "价格": "900"
    },
    {
      "出发地": "广州",
      "目的地": "天津",
      "航班类型": "国内航班",
      "航班日期": "2026-02-02",
      "航班代码": "JD5185",
      "价格": "900"
    },
    {
      "出发地": "广州",
      "目的地": "天津",
      "航班类型": "国内航班",
      "航班日期": "2026-02-03",
      "航班代码": "CA8232/CA8225",
      "价格": "899"
    },
    {
      "出发地": "广州",
      "目的地": "天津",
      "航班类型": "国内航班",
      "航班日期": "2026-02-04",
      "航班代码": "GS7896",
      "价格": "900"
    },
    {
      "出发地": "广州",
      "目的地": "天津",
      "航班类型": "国内航班",
      "航班日期": "2026-02-05",
      "航班代码": "MU6949/9C8519",
      "价格": "1109"
    },
    {
      "出发地": "广州",
      "目的地": "天津",
      "航班类型": "国内航班",
      "航班日期": "2026-02-06",
      "航班代码": "JD5185",
      "价格": "1130"
    },
    {
      "出发地": "广州",
      "目的地": "天津",
      "航班类型": "国内航班",
      "航班日期": "2026-02-07",
      "航班代码": "9C8932/FM9111",
      "价格": "1033"
    },
    {
      "出发地": "广州",
      "目的地": "天津",
      "航班类型": "国内航班",
      "航班日期": "2026-02-08",
      "航班代码": "9C8930/MU5227",
      "价格": "1033"
    },
    {
      "出发地": "广州",
      "目的地": "天津",
      "航班类型": "国内航班",
      "航班日期": "2026-02-09",
      "航班代码": "9C8930/MU5227",
      "价格": "1032"
    },
    {
      "出发地": "广州",
      "目的地": "天津",
      "航班类型": "国内航班",
      "航班日期": "2026-02-10",
      "航班代码": "ZH9533/MU5227",
      "价格": "1142"
    },
    {
      "出发地": "广州",
      "目的地": "天津",
      "航班类型": "国内航班",
      "航班日期": "2026-02-11",
      "航班代码": "9C8930/MU5227",
      "价格": "1091"
    },
    {
      "出发地": "广州",
      "目的地": "天津",
      "航班类型": "国内航班",
      "航班日期": "2026-02-12",
      "航班代码": "CZ3375/9C6904",
      "价格": "1432"
    },
    {
      "出发地": "广州",
      "目的地": "天津",
      "航班类型": "国内航班",
      "航班日期": "2026-02-13",
      "航班代码": "CA8566/FM9119",
      "价格": "1234"
    },
    {
      "出发地": "广州",
      "目的地": "天津",
      "航班类型": "国内航班",
      "航班日期": "2026-02-14",
      "航班代码": "MU5238/9C8519",
      "价格": "1457"
    },
    {
      "出发地": "广州",
      "目的地": "天津",
      "航班类型": "国内航班",
      "航班日期": "2026-02-15",
      "航班代码": "9C8932/GS7882",
      "价格": "1300"
    },
    {
      "出发地": "广州",
      "目的地": "天津",
      "航班类型": "国内航班",
      "航班日期": "2026-02-16",
      "航班代码": "9C7749/9C8519",
      "价格": "1180"
    },
    {
      "出发地": "广州",
      "目的地": "天津",
      "航班类型": "国内航班",
      "航班日期": "2026-02-17",
      "航班代码": "JD5185",
      "价格": "790"
    },
    {
      "出发地": "广州",
      "目的地": "天津",
      "航班类型": "国内航班",
      "航班日期": "2026-02-18",
      "航班代码": "JD5185",
      "价格": "790"
    },
    {
      "出发地": "广州",
      "目的地": "天津",
      "航班类型": "国内航班",
      "航班日期": "2026-02-19",
      "航班代码": "MU6949/9C8519",
      "价格": "1387"
    },
    {
      "出发地": "广州",
      "目的地": "天津",
      "航班类型": "国内航班",
      "航班日期": "2026-02-20",
      "航班代码": "CZ3380/G54552",
      "价格": "1087"
    },
    {
      "出发地": "广州",
      "目的地": "天津",
      "航班类型": "国内航班",
      "航班日期": "2026-02-22",
      "航班代码": "MU9880/CA2926",
      "价格": "1629"
    },
    {
      "出发地": "广州",
      "目的地": "天津",
      "航班类型": "国内航班",
      "航班日期": "2026-02-23",
      "航班代码": "CZ3377/GS7804",
      "价格": "1424"
    },
    {
      "出发地": "广州",
      "目的地": "天津",
      "航班类型": "国内航班",
      "航班日期": "2026-02-24",
      "航班代码": "CZ3375/9C6904",
      "价格": "1802"
    },
    {
      "出发地": "广州",
      "目的地": "天津",
      "航班类型": "国内航班",
      "航班日期": "2026-02-25",
      "航班代码": "MU6733/MU2483",
      "价格": "1793"
    },
    {
      "出发地": "广州",
      "目的地": "天津",
      "航班类型": "国内航班",
      "航班日期": "2026-02-26",
      "航班代码": "CA4583/9C8519",
      "价格": "1530"
    },
    {
      "出发地": "广州",
      "目的地": "天津",
      "航班类型": "国内航班",
      "航班日期": "2026-02-27",
      "航班代码": "MU6733/MU2483",
      "价格": "1793"
    },
    {
      "出发地": "广州",
      "目的地": "天津",
      "航班类型": "国内航班",
      "航班日期": "2026-03-03",
      "航班代码": "JD5185",
      "价格": "530"
    }
  ]
}