{
  "查询条件": {
    "出发地": "广州",
    "目的地": "海口"
  },
  "航班数量": 63,
  "航班列表": [
    {
      "出发地": "广州",
      "目的地": "海口",
      "航班类型": "国内航班",
      "航班日期": "2025-12-16",
      "航班代码": "AQ1023",
      "价格": "629"
    },
    {
      "出发地": "广州",
      "目的地": "海口",
      "航班类型": "国内航班",
      "航班日期": "2025-12-17",
      "航班代码": "AQ1023",
      "价格": "569"
    },
    {
      "出发地": "广州",
      "目的地": "海口",
      "航班类型": "国内航班",
      "航班日期": "2025-12-18",
      "航班代码": "AQ1023",
      "价格": "509"
    },
    {
      "出发地": "广州",
      "目的地": "海口",
      "航班类型": "国内航班",
      "航班日期": "2025-12-19",
      "航班代码": "AQ1023",
      "价格": "629"
    },
    {
      "出发地": "广州",
      "目的地": "海口",
      "航班类型": "国内航班",
      "航班日期": "2025-12-20",
      "航班代码": "AQ1023",
      "价格": "509"
    },
    {
      "出发地": "广州",
      "目的地": "海口",
      "航班类型": "国内航班",
      "航班日期": "2025-12-21",
      "航班代码": "CZ6780",
      "价格": "590"
    },
    {
      "出发地": "广州",
      "目的地": "海口",
      "航班类型": "国内航班",
      "航班日期": "2025-12-22",
      "航班代码": "CZ3892/GT1158",
      "价格": "572"
    },
    {
      "出发地": "广州",
      "目的地": "海口",
      "航班类型": "国内航班",
      "航班日期": "2025-12-23",
      "航班代码": "CZ3896/JD5528",
      "价格": "628"
    },
    {
      "出发地": "广州",
      "目的地": "海口",
      "航班类型": "国内航班",
      "航班日期": "2025-12-24",
      "航班代码": "AQ1023",
      "价格": "509"
    },
    {
      "出发地": "广州",
      "目的地": "海口",
      "航班类型": "国内航班",
      "航班日期": "2025-12-25",
      "航班代码": "CZ3894/JD5528",
      "价格": "670"
    },
    {
      "出发地": "广州",
      "目的地": "海口",
      "航班类型": "国内航班",
      "航班日期": "2025-12-26",
      "航班代码": "CZ3894/GT1158",
      "价格": "661"
    },
    {
      "出发地": "广州",
      "目的地": "海口",
      "航班类型": "国内航班",
      "航班日期": "2025-12-27",
      "航班代码": "CZ6780",
      "价格": "670"
    },
    {
      "出发地": "广州",
      "目的地": "海口",
      "航班类型": "国内航班",
      "航班日期": "2025-12-28",
      "航班代码": "AQ1023",
      "价格": "509"
    },
    {
      "出发地": "广州",
      "目的地": "海口",
      "航班类型": "国内航班",
      "航班日期": "2025-12-29",
      "航班代码": "CZ6772",
      "价格": "500"
    },
    {
      "出发地": "广州",
      "目的地": "海口",
      "航班类型": "国内航班",
      "航班日期": "2025-12-30",
      "航班代码": "AQ1023",
      "价格": "509"
    },
    {
      "出发地": "广州",
      "目的地": "海口",
      "航班类型": "国内航班",
      "航班日期": "2025-12-31",
      "航班代码": "CZ3896/JD5528",
      "价格": "745"
    },
    {
      "出发地": "广州",
      "目的地": "海口",
      "航班类型": "国内航班",
      "航班日期": "2026-01-01",
      "航班代码": "CZ3896/JD5528",
      "价格": "617"
    },
    {
      "出发地": "广州",
      "目的地": "海口",
      "航班类型": "国内航班",
      "航班日期": "2026-01-02",
      "航班代码": "AQ1023",
      "价格": "629"
    },
    {
      "出发地": "广州",
      "目的地": "海口",
      "航班类型": "国内航班",
      "航班日期": "2026-01-03",
      "航班代码": "AQ1023",
      "价格": "520"
    },
    {
      "出发地": "广州",
      "目的地": "海口",
      "航班类型": "国内航班",
      "航班日期": "2026-01-04",
      "航班代码": "AQ1023",
      "价格": "569"
    },
    {
      "出发地": "广州",
      "目的地": "海口",
      "航班类型": "国内航班",
      "航班日期": "2026-01-05",
      "航班代码": "AQ1023",
      "价格": "569"
    },
    {
      "出发地": "广州",
      "目的地": "海口",
      "航班类型": "国内航班",
      "航班日期": "2026-01-06",
      "航班代码": "AQ1023",
      "价格": "569"
    },
    {
      "出发地": "广州",
      "目的地": "海口",
      "航班类型": "国内航班",
      "航班日期": "2026-01-09",
      "航班代码": "AQ1023",
      "价格": "569"
    },
    {
      "出发地": "广州",
      "目的地": "海口",
      "航班类型": "国内航班",
      "航班日期": "2026-01-10",
      "航班代码": "AQ1023",
      "价格": "569"
    },
    {
      "出发地": "广州",
      "目的地": "海口",
      "航班类型": "国内航班",
      "航班日期": "2026-01-11",
      "航班代码": "AQ1023",
      "价格": "569"
    },
    {
      "出发地": "广州",
      "目的地": "海口",
      "航班类型": "国内航班",
      "航班日期": "2026-01-12",
      "航班代码": "3U1814",
      "价格": "560"
    },
    {
      "出发地": "广州",
      "目的地": "海口",
      "航班类型": "国内航班",
      "航班日期": "2026-01-14",
      "航班代码": "3U1814",
      "价格": "560"
    },
    {
      "出发地": "广州",
      "目的地": "海口",
      "航班类型": "国内航班",
      "航班日期": "2026-01-15",
      "航班代码": "AQ1023",
      "价格": "569"
    },
    {
      "出发地": "广州",
      "目的地": "海口",
      "航班类型": "国内航班",
      "航班日期": "2026-01-16",
      "航班代码": "CZ6780",
      "价格": "560"
    },
    {
      "出发地": "广州",
      "目的地": "海口",
      "航班类型": "国内航班",
      "航班日期": "2026-01-17",
      "航班代码": "3U1814",
      "价格": "560"
    },
    {
      "出发地": "广州",
      "目的地": "海口",
      "航班类型": "国内航班",
      "航班日期": "2026-01-18",
      "航班代码": "AQ1023",
      "价格": "629"
    },
    {
      "出发地": "广州",
      "目的地": "海口",
      "航班类型": "国内航班",
      "航班日期": "2026-01-20",
      "航班代码": "AQ1023",
      "价格": "449"
    },
    {
      "出发地": "广州",
      "目的地": "海口",
      "航班类型": "国内航班",
      "航班日期": "2026-01-23",
      "航班代码": "AQ1023",
      "价格": "689"
    },
    {
      "出发地": "广州",
      "目的地": "海口",
      "航班类型": "国内航班",
      "航班日期": "2026-01-24",
      "航班代码": "3U1814",
      "价格": "560"
    },
    {
      "出发地": "广州",
      "目的地": "海口",
      "航班类型": "国内航班",
      "航班日期": "2026-01-25",
      "航班代码": "MF1291",
      "价格": "690"
    },
    {
      "出发地": "广州",
      "目的地": "海口",
      "航班类型": "国内航班",
      "航班日期": "2026-01-26",
      "航班代码": "AQ1023",
      "价格": "749"
    },
    {
      "出发地": "广州",
      "目的地": "海口",
      "航班类型": "国内航班",
      "航班日期": "2026-01-27",
      "航班代码": "3U1814",
      "价格": "560"
    },
    {
      "出发地": "广州",
      "目的地": "海口",
      "航班类型": "国内航班",
      "航班日期": "2026-01-28",
      "航班代码": "AQ1023",
      "价格": "749"
    },
    {
      "出发地": "广州",
      "目的地": "海口",
      "航班类型": "国内航班",
      "航班日期": "2026-01-29",
      "航班代码": "AQ1023",
      "价格": "869"
    },
    {
      "出发地": "广州",
      "目的地": "海口",
      "航班类型": "国内航班",
      "航班日期": "2026-01-30",
      "航班代码": "AQ1023",
      "价格": "749"
    },
    {
      "出发地": "广州",
      "目的地": "海口",
      "航班类型": "国内航班",
      "航班日期": "2026-01-31",
      "航班代码": "AQ1023",
      "价格": "749"
    },
    {
      "出发地": "广州",
      "目的地": "海口",
      "航班类型": "国内航班",
      "航班日期": "2026-02-01",
      "航班代码": "3U1814",
      "价格": "850"
    },
    {
      "出发地": "广州",
      "目的地": "海口",
      "航班类型": "国内航班",
      "航班日期": "2026-02-02",
      "航班代码": "CZ3896/JD5528",
      "价格": "848"
    },
    {
      "出发地": "广州",
      "目的地": "海口",
      "航班类型": "国内航班",
      "航班日期": "2026-02-03",
      "航班代码": "CZ3896/9C7461",
      "价格": "829"
    },
    {
      "出发地": "广州",
      "目的地": "海口",
      "航班类型": "国内航班",
      "航班日期": "2026-02-04",
      "航班代码": "SC9225",
      "价格": "1300"
    },
    {
      "出发地": "广州",
      "目的地": "海口",
      "航班类型": "国内航班",
      "航班日期": "2026-02-05",
      "航班代码": "CZ3894/9C7461",
      "价格": "928"
    },
    {
      "出发地": "广州",
      "目的地": "海口",
      "航班类型": "国内航班",
      "航班日期": "2026-02-06",
      "航班代码": "MF1291",
      "价格": "1078"
    },
    {
      "出发地": "广州",
      "目的地": "海口",
      "航班类型": "国内航班",
      "航班日期": "2026-02-07",
      "航班代码": "AQ1023",
      "价格": "869"
    },
    {
      "出发地": "广州",
      "目的地": "海口",
      "航班类型": "国内航班",
      "航班日期": "2026-02-08",
      "航班代码": "SC9225",
      "价格": "1300"
    },
    {
      "出发地": "广州",
      "目的地": "海口",
      "航班类型": "国内航班",
      "航班日期": "2026-02-09",
      "航班代码": "SC9225",
      "价格": "1300"
    },
    {
      "出发地": "广州",
      "目的地": "海口",
      "航班类型": "国内航班",
      "航班日期": "2026-02-10",
      "航班代码": "SC9225",
      "价格": "1290"
    },
    {
      "出发地": "广州",
      "目的地": "海口",
      "航班类型": "国内航班",
      "航班日期": "2026-02-11",
      "航班代码": "CZ3894/JD5528",
      "价格": "1240"
    },
    {
      "出发地": "广州",
      "目的地": "海口",
      "航班类型": "国内航班",
      "航班日期": "2026-02-12",
      "航班代码": "SC9225",
      "价格": "1290"
    },
    {
      "出发地": "广州",
      "目的地": "海口",
      "航班类型": "国内航班",
      "航班日期": "2026-02-13",
      "航班代码": "SC9225",
      "价格": "1290"
    },
    {
      "出发地": "广州",
      "目的地": "海口",
      "航班类型": "国内航班",
      "航班日期": "2026-02-14",
      "航班代码": "SC9225",
      "价格": "1290"
    },
    {
      "出发地": "广州",
      "目的地": "海口",
      "航班类型": "国内航班",
      "航班日期": "2026-02-15",
      "航班代码": "SC9225",
      "价格": "1290"
    },
    {
      "出发地": "广州",
      "目的地": "海口",
      "航班类型": "国内航班",
      "航班日期": "2026-02-16",
      "航班代码": "3U1814",
      "价格": "770"
    },
    {
      "出发地": "广州",
      "目的地": "海口",
      "航班类型": "国内航班",
      "航班日期": "2026-02-17",
      "航班代码": "3U1814",
      "价格": "770"
    },
    {
      "出发地": "广州",
      "目的地": "海口",
      "航班类型": "国内航班",
      "航班日期": "2026-02-18",
      "航班代码": "SC9225",
      "价格": "1300"
    },
    {
      "出发地": "广州",
      "目的地": "海口",
      "航班类型": "国内航班",
      "航班日期": "2026-02-19",
      "航班代码": "SC9225",
      "价格": "1300"
    },
    {
      "出发地": "广州",
      "目的地": "海口",
      "航班类型": "国内航班",
      "航班日期": "2026-02-20",
      "航班代码": "SC9225",
      "价格": "1300"
    },
    {
      "出发地": "广州",
      "目的地": "海口",
      "航班类型": "国内航班",
      "航班日期": "2026-02-26",
      "航班代码": "ZH8991",
      "价格": "1300"
    },
    {
      "出发地": "广州",
      "目的地": "海口",
      "航班类型": "国内航班",
      "航班日期": "2026-02-27",
      "航班代码": "SC9225",
      "价格": "1300"
    }
  ]
}