{
  "查询条件": {
    "出发地": "广州",
    "目的地": "重庆"
  },
  "航班数量": 75,
  "航班列表": [
    {
      "出发地": "广州",
      "目的地": "重庆",
      "航班类型": "国内航班",
      "航班日期": "2025-12-16",
      "航班代码": "PN6206",
      "价格": "480"
    },
    {
      "出发地": "广州",
      "目的地": "重庆",
      "航班类型": "国内航班",
      "航班日期": "2025-12-17",
      "航班代码": "CZ2340",
      "价格": "340"
    },
    {
      "出发地": "广州",
      "目的地": "重庆",
      "航班类型": "国内航班",
      "航班日期": "2025-12-18",
      "航班代码": "JD5227",
      "价格": "300"
    },
    {
      "出发地": "广州",
      "目的地": "重庆",
      "航班类型": "国内航班",
      "航班日期": "2025-12-19",
      "航班代码": "JD5227",
      "价格": "380"
    },
    {
      "出发地": "广州",
      "目的地": "重庆",
      "航班类型": "国内航班",
      "航班日期": "2025-12-20",
      "航班代码": "PN6206",
      "价格": "370"
    },
    {
      "出发地": "广州",
      "目的地": "重庆",
      "航班类型": "国内航班",
      "航班日期": "2025-12-21",
      "航班代码": "MU5795",
      "价格": "310"
    },
    {
      "出发地": "广州",
      "目的地": "重庆",
      "航班类型": "国内航班",
      "航班日期": "2025-12-22",
      "航班代码": "PN6206",
      "价格": "350"
    },
    {
      "出发地": "广州",
      "目的地": "重庆",
      "航班类型": "国内航班",
      "航班日期": "2025-12-23",
      "航班代码": "AQ1101",
      "价格": "379"
    },
    {
      "出发地": "广州",
      "目的地": "重庆",
      "航班类型": "国内航班",
      "航班日期": "2025-12-24",
      "航班代码": "AQ1101",
      "价格": "409"
    },
    {
      "出发地": "广州",
      "目的地": "重庆",
      "航班类型": "国内航班",
      "航班日期": "2025-12-25",
      "航班代码": "AQ1101",
      "价格": "409"
    },
    {
      "出发地": "广州",
      "目的地": "重庆",
      "航班类型": "国内航班",
      "航班日期": "2025-12-26",
      "航班代码": "JD5227",
      "价格": "450"
    },
    {
      "出发地": "广州",
      "目的地": "重庆",
      "航班类型": "国内航班",
      "航班日期": "2025-12-27",
      "航班代码": "PN6206",
      "价格": "400"
    },
    {
      "出发地": "广州",
      "目的地": "重庆",
      "航班类型": "国内航班",
      "航班日期": "2025-12-28",
      "航班代码": "PN6206",
      "价格": "390"
    },
    {
      "出发地": "广州",
      "目的地": "重庆",
      "航班类型": "国内航班",
      "航班日期": "2025-12-29",
      "航班代码": "HU7285/HU7464",
      "价格": "400"
    },
    {
      "出发地": "广州",
      "目的地": "重庆",
      "航班类型": "国内航班",
      "航班日期": "2025-12-30",
      "航班代码": "EU7344",
      "价格": "500"
    },
    {
      "出发地": "广州",
      "目的地": "重庆",
      "航班类型": "国内航班",
      "航班日期": "2025-12-31",
      "航班代码": "MU5795",
      "价格": "585"
    },
    {
      "出发地": "广州",
      "目的地": "重庆",
      "航班类型": "国内航班",
      "航班日期": "2026-01-01",
      "航班代码": "PN6206",
      "价格": "390"
    },
    {
      "出发地": "广州",
      "目的地": "重庆",
      "航班类型": "国内航班",
      "航班日期": "2026-01-02",
      "航班代码": "SC5222",
      "价格": "400"
    },
    {
      "出发地": "广州",
      "目的地": "重庆",
      "航班类型": "国内航班",
      "航班日期": "2026-01-03",
      "航班代码": "TV6288",
      "价格": "450"
    },
    {
      "出发地": "广州",
      "目的地": "重庆",
      "航班类型": "国内航班",
      "航班日期": "2026-01-04",
      "航班代码": "PN6206",
      "价格": "380"
    },
    {
      "出发地": "广州",
      "目的地": "重庆",
      "航班类型": "国内航班",
      "航班日期": "2026-01-05",
      "航班代码": "PN6206",
      "价格": "335"
    },
    {
      "出发地": "广州",
      "目的地": "重庆",
      "航班类型": "国内航班",
      "航班日期": "2026-01-06",
      "航班代码": "AQ1101",
      "价格": "379"
    },
    {
      "出发地": "广州",
      "目的地": "重庆",
      "航班类型": "国内航班",
      "航班日期": "2026-01-07",
      "航班代码": "PN6206",
      "价格": "330"
    },
    {
      "出发地": "广州",
      "目的地": "重庆",
      "航班类型": "国内航班",
      "航班日期": "2026-01-08",
      "航班代码": "PN6206",
      "价格": "340"
    },
    {
      "出发地": "广州",
      "目的地": "重庆",
      "航班类型": "国内航班",
      "航班日期": "2026-01-09",
      "航班代码": "AQ1101",
      "价格": "409"
    },
    {
      "出发地": "广州",
      "目的地": "重庆",
      "航班类型": "国内航班",
      "航班日期": "2026-01-10",
      "航班代码": "AQ1101",
      "价格": "309"
    },
    {
      "出发地": "广州",
      "目的地": "重庆",
      "航班类型": "国内航班",
      "航班日期": "2026-01-11",
      "航班代码": "MU5795",
      "价格": "550"
    },
    {
      "出发地": "广州",
      "目的地": "重庆",
      "航班类型": "国内航班",
      "航班日期": "2026-01-12",
      "航班代码": "MU5795",
      "价格": "477"
    },
    {
      "出发地": "广州",
      "目的地": "重庆",
      "航班类型": "国内航班",
      "航班日期": "2026-01-13",
      "航班代码": "MU5795",
      "价格": "334"
    },
    {
      "出发地": "广州",
      "目的地": "重庆",
      "航班类型": "国内航班",
      "航班日期": "2026-01-14",
      "航班代码": "MU5795",
      "价格": "550"
    },
    {
      "出发地": "广州",
      "目的地": "重庆",
      "航班类型": "国内航班",
      "航班日期": "2026-01-15",
      "航班代码": "AQ1101",
      "价格": "409"
    },
    {
      "出发地": "广州",
      "目的地": "重庆",
      "航班类型": "国内航班",
      "航班日期": "2026-01-16",
      "航班代码": "MU5795",
      "价格": "466"
    },
    {
      "出发地": "广州",
      "目的地": "重庆",
      "航班类型": "国内航班",
      "航班日期": "2026-01-17",
      "航班代码": "AQ1101",
      "价格": "409"
    },
    {
      "出发地": "广州",
      "目的地": "重庆",
      "航班类型": "国内航班",
      "航班日期": "2026-01-18",
      "航班代码": "AQ1101",
      "价格": "449"
    },
    {
      "出发地": "广州",
      "目的地": "重庆",
      "航班类型": "国内航班",
      "航班日期": "2026-01-19",
      "航班代码": "MU5795",
      "价格": "475"
    },
    {
      "出发地": "广州",
      "目的地": "重庆",
      "航班类型": "国内航班",
      "航班日期": "2026-01-20",
      "航班代码": "MU5795",
      "价格": "475"
    },
    {
      "出发地": "广州",
      "目的地": "重庆",
      "航班类型": "国内航班",
      "航班日期": "2026-01-21",
      "航班代码": "JD5227",
      "价格": "400"
    },
    {
      "出发地": "广州",
      "目的地": "重庆",
      "航班类型": "国内航班",
      "航班日期": "2026-01-22",
      "航班代码": "MU5795",
      "价格": "484"
    },
    {
      "出发地": "广州",
      "目的地": "重庆",
      "航班类型": "国内航班",
      "航班日期": "2026-01-24",
      "航班代码": "AQ1101",
      "价格": "449"
    },
    {
      "出发地": "广州",
      "目的地": "重庆",
      "航班类型": "国内航班",
      "航班日期": "2026-01-25",
      "航班代码": "MU5795",
      "价格": "528"
    },
    {
      "出发地": "广州",
      "目的地": "重庆",
      "航班类型": "国内航班",
      "航班日期": "2026-01-26",
      "航班代码": "MU5795",
      "价格": "481"
    },
    {
      "出发地": "广州",
      "目的地": "重庆",
      "航班类型": "国内航班",
      "航班日期": "2026-01-27",
      "航班代码": "AQ1101",
      "价格": "509"
    },
    {
      "出发地": "广州",
      "目的地": "重庆",
      "航班类型": "国内航班",
      "航班日期": "2026-01-28",
      "航班代码": "MU5795",
      "价格": "535"
    },
    {
      "出发地": "广州",
      "目的地": "重庆",
      "航班类型": "国内航班",
      "航班日期": "2026-01-29",
      "航班代码": "AQ1101",
      "价格": "509"
    },
    {
      "出发地": "广州",
      "目的地": "重庆",
      "航班类型": "国内航班",
      "航班日期": "2026-01-30",
      "航班代码": "JD5227",
      "价格": "670"
    },
    {
      "出发地": "广州",
      "目的地": "重庆",
      "航班类型": "国内航班",
      "航班日期": "2026-01-31",
      "航班代码": "PN6206",
      "价格": "688"
    },
    {
      "出发地": "广州",
      "目的地": "重庆",
      "航班类型": "国内航班",
      "航班日期": "2026-02-01",
      "航班代码": "PN6206",
      "价格": "650"
    },
    {
      "出发地": "广州",
      "目的地": "重庆",
      "航班类型": "国内航班",
      "航班日期": "2026-02-02",
      "航班代码": "SC5222",
      "价格": "710"
    },
    {
      "出发地": "广州",
      "目的地": "重庆",
      "航班类型": "国内航班",
      "航班日期": "2026-02-03",
      "航班代码": "PN6206",
      "价格": "700"
    },
    {
      "出发地": "广州",
      "目的地": "重庆",
      "航班类型": "国内航班",
      "航班日期": "2026-02-04",
      "航班代码": "JD5227",
      "价格": "760"
    },
    {
      "出发地": "广州",
      "目的地": "重庆",
      "航班类型": "国内航班",
      "航班日期": "2026-02-05",
      "航班代码": "JD5227",
      "价格": "870"
    },
    {
      "出发地": "广州",
      "目的地": "重庆",
      "航班类型": "国内航班",
      "航班日期": "2026-02-06",
      "航班代码": "JD5227",
      "价格": "980"
    },
    {
      "出发地": "广州",
      "目的地": "重庆",
      "航班类型": "国内航班",
      "航班日期": "2026-02-07",
      "航班代码": "MU5795",
      "价格": "1480"
    },
    {
      "出发地": "广州",
      "目的地": "重庆",
      "航班类型": "国内航班",
      "航班日期": "2026-02-08",
      "航班代码": "OQ2340",
      "价格": "1220"
    },
    {
      "出发地": "广州",
      "目的地": "重庆",
      "航班类型": "国内航班",
      "航班日期": "2026-02-09",
      "航班代码": "SC5222",
      "价格": "1230"
    },
    {
      "出发地": "广州",
      "目的地": "重庆",
      "航班类型": "国内航班",
      "航班日期": "2026-02-10",
      "航班代码": "JD5227",
      "价格": "1230"
    },
    {
      "出发地": "广州",
      "目的地": "重庆",
      "航班类型": "国内航班",
      "航班日期": "2026-02-11",
      "航班代码": "JD5227",
      "价格": "1380"
    },
    {
      "出发地": "广州",
      "目的地": "重庆",
      "航班类型": "国内航班",
      "航班日期": "2026-02-12",
      "航班代码": "JD5227",
      "价格": "1380"
    },
    {
      "出发地": "广州",
      "目的地": "重庆",
      "航班类型": "国内航班",
      "航班日期": "2026-02-13",
      "航班代码": "CZ3313/G54786",
      "价格": "1429"
    },
    {
      "出发地": "广州",
      "目的地": "重庆",
      "航班类型": "国内航班",
      "航班日期": "2026-02-14",
      "航班代码": "CZ3313/G54786",
      "价格": "1429"
    },
    {
      "出发地": "广州",
      "目的地": "重庆",
      "航班类型": "国内航班",
      "航班日期": "2026-02-15",
      "航班代码": "PN6206",
      "价格": "1050"
    },
    {
      "出发地": "广州",
      "目的地": "重庆",
      "航班类型": "国内航班",
      "航班日期": "2026-02-16",
      "航班代码": "PN6206",
      "价格": "650"
    },
    {
      "出发地": "广州",
      "目的地": "重庆",
      "航班类型": "国内航班",
      "航班日期": "2026-02-17",
      "航班代码": "SC5222",
      "价格": "650"
    },
    {
      "出发地": "广州",
      "目的地": "重庆",
      "航班类型": "国内航班",
      "航班日期": "2026-02-18",
      "航班代码": "SC5222",
      "价格": "650"
    },
    {
      "出发地": "广州",
      "目的地": "重庆",
      "航班类型": "国内航班",
      "航班日期": "2026-02-19",
      "航班代码": "SC5222",
      "价格": "650"
    },
    {
      "出发地": "广州",
      "目的地": "重庆",
      "航班类型": "国内航班",
      "航班日期": "2026-02-20",
      "航班代码": "MU5795",
      "价格": "530"
    },
    {
      "出发地": "广州",
      "目的地": "重庆",
      "航班类型": "国内航班",
      "航班日期": "2026-02-21",
      "航班代码": "MU5795",
      "价格": "1480"
    },
    {
      "出发地": "广州",
      "目的地": "重庆",
      "航班类型": "国内航班",
      "航班日期": "2026-02-22",
      "航班代码": "MU5795",
      "价格": "647"
    },
    {
      "出发地": "广州",
      "目的地": "重庆",
      "航班类型": "国内航班",
      "航班日期": "2026-02-23",
      "航班代码": "MU5795",
      "价格": "1480"
    },
    {
      "出发地": "广州",
      "目的地": "重庆",
      "航班类型": "国内航班",
      "航班日期": "2026-02-24",
      "航班代码": "MU5795",
      "价格": "1480"
    },
    {
      "出发地": "广州",
      "目的地": "重庆",
      "航班类型": "国内航班",
      "航班日期": "2026-02-25",
      "航班代码": "PN6206",
      "价格": "330"
    },
    {
      "出发地": "广州",
      "目的地": "重庆",
      "航班类型": "国内航班",
      "航班日期": "2026-02-26",
      "航班代码": "SC5222",
      "价格": "400"
    },
    {
      "出发地": "广州",
      "目的地": "重庆",
      "航班类型": "国内航班",
      "航班日期": "2026-02-27",
      "航班代码": "SC5222",
      "价格": "400"
    },
    {
      "出发地": "广州",
      "目的地": "重庆",
      "航班类型": "国内航班",
      "航班日期": "2026-02-28",
      "航班代码": "PN6206",
      "价格": "330"
    },
    {
      "出发地": "广州",
      "目的地": "重庆",
      "航班类型": "国内航班",
      "航班日期": "2026-03-01",
      "航班代码": "SC5222",
      "价格": "300"
    }
  ]
}