{
  "查询条件": {
    "出发地": "广州",
    "目的地": "兰州"
  },
  "航班数量": 64,
  "航班列表": [
    {
      "出发地": "广州",
      "目的地": "兰州",
      "航班类型": "国内航班",
      "航班日期": "2025-12-16",
      "航班代码": "CZ3251",
      "价格": "380"
    },
    {
      "出发地": "广州",
      "目的地": "兰州",
      "航班类型": "国内航班",
      "航班日期": "2025-12-17",
      "航班代码": "GJ6031",
      "价格": "360"
    },
    {
      "出发地": "广州",
      "目的地": "兰州",
      "航班类型": "国内航班",
      "航班日期": "2025-12-18",
      "航班代码": "MU2306",
      "价格": "428"
    },
    {
      "出发地": "广州",
      "目的地": "兰州",
      "航班类型": "国内航班",
      "航班日期": "2025-12-19",
      "航班代码": "GJ6031",
      "价格": "399"
    },
    {
      "出发地": "广州",
      "目的地": "兰州",
      "航班类型": "国内航班",
      "航班日期": "2025-12-20",
      "航班代码": "MU5326/MU720",
      "价格": "440"
    },
    {
      "出发地": "广州",
      "目的地": "兰州",
      "航班类型": "国内航班",
      "航班日期": "2025-12-21",
      "航班代码": "GJ6031",
      "价格": "411"
    },
    {
      "出发地": "广州",
      "目的地": "兰州",
      "航班类型": "国内航班",
      "航班日期": "2025-12-22",
      "航班代码": "CZ3251",
      "价格": "400"
    },
    {
      "出发地": "广州",
      "目的地": "兰州",
      "航班类型": "国内航班",
      "航班日期": "2025-12-23",
      "航班代码": "MU6733/MU2587",
      "价格": "397"
    },
    {
      "出发地": "广州",
      "目的地": "兰州",
      "航班类型": "国内航班",
      "航班日期": "2025-12-24",
      "航班代码": "CZ3205",
      "价格": "380"
    },
    {
      "出发地": "广州",
      "目的地": "兰州",
      "航班类型": "国内航班",
      "航班日期": "2025-12-25",
      "航班代码": "GJ6031",
      "价格": "411"
    },
    {
      "出发地": "广州",
      "目的地": "兰州",
      "航班类型": "国内航班",
      "航班日期": "2025-12-26",
      "航班代码": "GJ6031",
      "价格": "411"
    },
    {
      "出发地": "广州",
      "目的地": "兰州",
      "航班类型": "国内航班",
      "航班日期": "2025-12-27",
      "航班代码": "MU5302/MU5536",
      "价格": "434"
    },
    {
      "出发地": "广州",
      "目的地": "兰州",
      "航班类型": "国内航班",
      "航班日期": "2025-12-28",
      "航班代码": "MU5302/MU5536",
      "价格": "440"
    },
    {
      "出发地": "广州",
      "目的地": "兰州",
      "航班类型": "国内航班",
      "航班日期": "2025-12-29",
      "航班代码": "CA8393/CA8375",
      "价格": "400"
    },
    {
      "出发地": "广州",
      "目的地": "兰州",
      "航班类型": "国内航班",
      "航班日期": "2025-12-30",
      "航班代码": "MU5320/MU8361",
      "价格": "450"
    },
    {
      "出发地": "广州",
      "目的地": "兰州",
      "航班类型": "国内航班",
      "航班日期": "2025-12-31",
      "航班代码": "GJ6031",
      "价格": "480"
    },
    {
      "出发地": "广州",
      "目的地": "兰州",
      "航班类型": "国内航班",
      "航班日期": "2026-01-01",
      "航班代码": "MU5318/MU6805",
      "价格": "440"
    },
    {
      "出发地": "广州",
      "目的地": "兰州",
      "航班类型": "国内航班",
      "航班日期": "2026-01-02",
      "航班代码": "MU5328/MU6805",
      "价格": "440"
    },
    {
      "出发地": "广州",
      "目的地": "兰州",
      "航班类型": "国内航班",
      "航班日期": "2026-01-03",
      "航班代码": "ZH4780/ZH4057",
      "价格": "600"
    },
    {
      "出发地": "广州",
      "目的地": "兰州",
      "航班类型": "国内航班",
      "航班日期": "2026-01-05",
      "航班代码": "MU5308/MU6813",
      "价格": "440"
    },
    {
      "出发地": "广州",
      "目的地": "兰州",
      "航班类型": "国内航班",
      "航班日期": "2026-01-06",
      "航班代码": "MU5302/MU5536",
      "价格": "440"
    },
    {
      "出发地": "广州",
      "目的地": "兰州",
      "航班类型": "国内航班",
      "航班日期": "2026-01-07",
      "航班代码": "GJ8265",
      "价格": "480"
    },
    {
      "出发地": "广州",
      "目的地": "兰州",
      "航班类型": "国内航班",
      "航班日期": "2026-01-08",
      "航班代码": "MU5308/MU6813",
      "价格": "440"
    },
    {
      "出发地": "广州",
      "目的地": "兰州",
      "航班类型": "国内航班",
      "航班日期": "2026-01-09",
      "航班代码": "MU5330/MU6813",
      "价格": "440"
    },
    {
      "出发地": "广州",
      "目的地": "兰州",
      "航班类型": "国内航班",
      "航班日期": "2026-01-10",
      "航班代码": "MU5328/MU6805",
      "价格": "440"
    },
    {
      "出发地": "广州",
      "目的地": "兰州",
      "航班类型": "国内航班",
      "航班日期": "2026-01-11",
      "航班代码": "GJ6031",
      "价格": "480"
    },
    {
      "出发地": "广州",
      "目的地": "兰州",
      "航班类型": "国内航班",
      "航班日期": "2026-01-12",
      "航班代码": "MU9200/MU6813",
      "价格": "440"
    },
    {
      "出发地": "广州",
      "目的地": "兰州",
      "航班类型": "国内航班",
      "航班日期": "2026-01-13",
      "航班代码": "MU5328/MU720",
      "价格": "440"
    },
    {
      "出发地": "广州",
      "目的地": "兰州",
      "航班类型": "国内航班",
      "航班日期": "2026-01-15",
      "航班代码": "MU5328/MU720",
      "价格": "440"
    },
    {
      "出发地": "广州",
      "目的地": "兰州",
      "航班类型": "国内航班",
      "航班日期": "2026-01-16",
      "航班代码": "MU5318/MU8363",
      "价格": "444"
    },
    {
      "出发地": "广州",
      "目的地": "兰州",
      "航班类型": "国内航班",
      "航班日期": "2026-01-17",
      "航班代码": "FM9308/MU6803",
      "价格": "440"
    },
    {
      "出发地": "广州",
      "目的地": "兰州",
      "航班类型": "国内航班",
      "航班日期": "2026-01-18",
      "航班代码": "MU5330/MU6813",
      "价格": "440"
    },
    {
      "出发地": "广州",
      "目的地": "兰州",
      "航班类型": "国内航班",
      "航班日期": "2026-01-19",
      "航班代码": "MU5328/MU720",
      "价格": "440"
    },
    {
      "出发地": "广州",
      "目的地": "兰州",
      "航班类型": "国内航班",
      "航班日期": "2026-01-20",
      "航班代码": "MU5318/MU8363",
      "价格": "463"
    },
    {
      "出发地": "广州",
      "目的地": "兰州",
      "航班类型": "国内航班",
      "航班日期": "2026-01-21",
      "航班代码": "GJ6031",
      "价格": "480"
    },
    {
      "出发地": "广州",
      "目的地": "兰州",
      "航班类型": "国内航班",
      "航班日期": "2026-01-22",
      "航班代码": "GJ6031",
      "价格": "480"
    },
    {
      "出发地": "广州",
      "目的地": "兰州",
      "航班类型": "国内航班",
      "航班日期": "2026-01-23",
      "航班代码": "3U4743",
      "价格": "614"
    },
    {
      "出发地": "广州",
      "目的地": "兰州",
      "航班类型": "国内航班",
      "航班日期": "2026-01-27",
      "航班代码": "3U4743",
      "价格": "730"
    },
    {
      "出发地": "广州",
      "目的地": "兰州",
      "航班类型": "国内航班",
      "航班日期": "2026-01-28",
      "航班代码": "3U4743",
      "价格": "730"
    },
    {
      "出发地": "广州",
      "目的地": "兰州",
      "航班类型": "国内航班",
      "航班日期": "2026-01-29",
      "航班代码": "3U4743",
      "价格": "730"
    },
    {
      "出发地": "广州",
      "目的地": "兰州",
      "航班类型": "国内航班",
      "航班日期": "2026-01-30",
      "航班代码": "3U4743",
      "价格": "730"
    },
    {
      "出发地": "广州",
      "目的地": "兰州",
      "航班类型": "国内航班",
      "航班日期": "2026-01-31",
      "航班代码": "MU6551/MU6391",
      "价格": "889"
    },
    {
      "出发地": "广州",
      "目的地": "兰州",
      "航班类型": "国内航班",
      "航班日期": "2026-02-01",
      "航班代码": "MU6551/MU6391",
      "价格": "889"
    },
    {
      "出发地": "广州",
      "目的地": "兰州",
      "航班类型": "国内航班",
      "航班日期": "2026-02-02",
      "航班代码": "CA4354/9C6282",
      "价格": "1038"
    },
    {
      "出发地": "广州",
      "目的地": "兰州",
      "航班类型": "国内航班",
      "航班日期": "2026-02-03",
      "航班代码": "MU6551/MU6391",
      "价格": "889"
    },
    {
      "出发地": "广州",
      "目的地": "兰州",
      "航班类型": "国内航班",
      "航班日期": "2026-02-04",
      "航班代码": "3U4743",
      "价格": "970"
    },
    {
      "出发地": "广州",
      "目的地": "兰州",
      "航班类型": "国内航班",
      "航班日期": "2026-02-05",
      "航班代码": "CA2804/CA2891",
      "价格": "810"
    },
    {
      "出发地": "广州",
      "目的地": "兰州",
      "航班类型": "国内航班",
      "航班日期": "2026-02-06",
      "航班代码": "3U4743",
      "价格": "1090"
    },
    {
      "出发地": "广州",
      "目的地": "兰州",
      "航班类型": "国内航班",
      "航班日期": "2026-02-07",
      "航班代码": "3U4743",
      "价格": "1220"
    },
    {
      "出发地": "广州",
      "目的地": "兰州",
      "航班类型": "国内航班",
      "航班日期": "2026-02-08",
      "航班代码": "3U4743",
      "价格": "1220"
    },
    {
      "出发地": "广州",
      "目的地": "兰州",
      "航班类型": "国内航班",
      "航班日期": "2026-02-09",
      "航班代码": "MU2306",
      "价格": "1365"
    },
    {
      "出发地": "广州",
      "目的地": "兰州",
      "航班类型": "国内航班",
      "航班日期": "2026-02-10",
      "航班代码": "3U4743",
      "价格": "1460"
    },
    {
      "出发地": "广州",
      "目的地": "兰州",
      "航班类型": "国内航班",
      "航班日期": "2026-02-11",
      "航班代码": "MF4132",
      "价格": "1490"
    },
    {
      "出发地": "广州",
      "目的地": "兰州",
      "航班类型": "国内航班",
      "航班日期": "2026-02-13",
      "航班代码": "MF4094",
      "价格": "1610"
    },
    {
      "出发地": "广州",
      "目的地": "兰州",
      "航班类型": "国内航班",
      "航班日期": "2026-02-14",
      "航班代码": "9C7395",
      "价格": "1744"
    },
    {
      "出发地": "广州",
      "目的地": "兰州",
      "航班类型": "国内航班",
      "航班日期": "2026-02-15",
      "航班代码": "MU5232/9C7402",
      "价格": "1216"
    },
    {
      "出发地": "广州",
      "目的地": "兰州",
      "航班类型": "国内航班",
      "航班日期": "2026-02-16",
      "航班代码": "MF4132",
      "价格": "900"
    },
    {
      "出发地": "广州",
      "目的地": "兰州",
      "航班类型": "国内航班",
      "航班日期": "2026-02-17",
      "航班代码": "OQ2131",
      "价格": "900"
    },
    {
      "出发地": "广州",
      "目的地": "兰州",
      "航班类型": "国内航班",
      "航班日期": "2026-02-19",
      "航班代码": "MU5318/MU8363",
      "价格": "680"
    },
    {
      "出发地": "广州",
      "目的地": "兰州",
      "航班类型": "国内航班",
      "航班日期": "2026-02-28",
      "航班代码": "3U4743",
      "价格": "600"
    },
    {
      "出发地": "广州",
      "目的地": "兰州",
      "航班类型": "国内航班",
      "航班日期": "2026-04-01",
      "航班代码": "MU5288/MU6533",
      "价格": "1458"
    },
    {
      "出发地": "广州",
      "目的地": "兰州",
      "航班类型": "国内航班",
      "航班日期": "2026-04-02",
      "航班代码": "MU5288/MU6533",
      "价格": "1458"
    },
    {
      "出发地": "广州",
      "目的地": "兰州",
      "航班类型": "国内航班",
      "航班日期": "2026-07-04",
      "航班代码": "MU2220",
      "价格": "1604"
    },
    {
      "出发地": "广州",
      "目的地": "兰州",
      "航班类型": "国内航班",
      "航班日期": "2026-07-24",
      "航班代码": "MU2306",
      "价格": "1610"
    }
  ]
}