{
  "查询条件": {
    "出发地": "广州",
    "目的地": "沈阳"
  },
  "航班数量": 75,
  "航班列表": [
    {
      "出发地": "广州",
      "目的地": "沈阳",
      "航班类型": "国内航班",
      "航班日期": "2025-12-16",
      "航班代码": "CA8232/CA8245",
      "价格": "495"
    },
    {
      "出发地": "广州",
      "目的地": "沈阳",
      "航班类型": "国内航班",
      "航班日期": "2025-12-17",
      "航班代码": "CA4594/CA4013",
      "价格": "445"
    },
    {
      "出发地": "广州",
      "目的地": "沈阳",
      "航班类型": "国内航班",
      "航班日期": "2025-12-18",
      "航班代码": "G59512B",
      "价格": "500"
    },
    {
      "出发地": "广州",
      "目的地": "沈阳",
      "航班类型": "国内航班",
      "航班日期": "2025-12-19",
      "航班代码": "CA4320/CA2741",
      "价格": "599"
    },
    {
      "出发地": "广州",
      "目的地": "沈阳",
      "航班类型": "国内航班",
      "航班日期": "2025-12-20",
      "航班代码": "CA4320/CA2741",
      "价格": "599"
    },
    {
      "出发地": "广州",
      "目的地": "沈阳",
      "航班类型": "国内航班",
      "航班日期": "2025-12-21",
      "航班代码": "MU6186/MU9801",
      "价格": "529"
    },
    {
      "出发地": "广州",
      "目的地": "沈阳",
      "航班类型": "国内航班",
      "航班日期": "2025-12-22",
      "航班代码": "CA4594/CA4013",
      "价格": "449"
    },
    {
      "出发地": "广州",
      "目的地": "沈阳",
      "航班类型": "国内航班",
      "航班日期": "2025-12-23",
      "航班代码": "CA8232/CA8245",
      "价格": "499"
    },
    {
      "出发地": "广州",
      "目的地": "沈阳",
      "航班类型": "国内航班",
      "航班日期": "2025-12-24",
      "航班代码": "MU2304/9H8367",
      "价格": "606"
    },
    {
      "出发地": "广州",
      "目的地": "沈阳",
      "航班类型": "国内航班",
      "航班日期": "2025-12-25",
      "航班代码": "ZH8905/9C7594",
      "价格": "527"
    },
    {
      "出发地": "广州",
      "目的地": "沈阳",
      "航班类型": "国内航班",
      "航班日期": "2025-12-26",
      "航班代码": "MU6733/EU1858",
      "价格": "686"
    },
    {
      "出发地": "广州",
      "目的地": "沈阳",
      "航班类型": "国内航班",
      "航班日期": "2025-12-27",
      "航班代码": "MU2948/9C6174",
      "价格": "643"
    },
    {
      "出发地": "广州",
      "目的地": "沈阳",
      "航班类型": "国内航班",
      "航班日期": "2025-12-28",
      "航班代码": "MU6186/MU9801",
      "价格": "529"
    },
    {
      "出发地": "广州",
      "目的地": "沈阳",
      "航班类型": "国内航班",
      "航班日期": "2025-12-29",
      "航班代码": "MU6733/ZH9720",
      "价格": "640"
    },
    {
      "出发地": "广州",
      "目的地": "沈阳",
      "航班类型": "国内航班",
      "航班日期": "2025-12-30",
      "航班代码": "MU2870/MU2666",
      "价格": "690"
    },
    {
      "出发地": "广州",
      "目的地": "沈阳",
      "航班类型": "国内航班",
      "航班日期": "2025-12-31",
      "航班代码": "ZH9961/KN5275",
      "价格": "887"
    },
    {
      "出发地": "广州",
      "目的地": "沈阳",
      "航班类型": "国内航班",
      "航班日期": "2026-01-01",
      "航班代码": "MU9768/MU2827",
      "价格": "677"
    },
    {
      "出发地": "广州",
      "目的地": "沈阳",
      "航班类型": "国内航班",
      "航班日期": "2026-01-02",
      "航班代码": "CA8232/CA8245",
      "价格": "599"
    },
    {
      "出发地": "广州",
      "目的地": "沈阳",
      "航班类型": "国内航班",
      "航班日期": "2026-01-03",
      "航班代码": "CA1382/CA8181",
      "价格": "599"
    },
    {
      "出发地": "广州",
      "目的地": "沈阳",
      "航班类型": "国内航班",
      "航班日期": "2026-01-04",
      "航班代码": "CA8232/CA8245",
      "价格": "599"
    },
    {
      "出发地": "广州",
      "目的地": "沈阳",
      "航班类型": "国内航班",
      "航班日期": "2026-01-05",
      "航班代码": "SC1174/SC8441",
      "价格": "559"
    },
    {
      "出发地": "广州",
      "目的地": "沈阳",
      "航班类型": "国内航班",
      "航班日期": "2026-01-06",
      "航班代码": "GJ8567/9C6782",
      "价格": "730"
    },
    {
      "出发地": "广州",
      "目的地": "沈阳",
      "航班类型": "国内航班",
      "航班日期": "2026-01-07",
      "航班代码": "SC7622/SC7917",
      "价格": "606"
    },
    {
      "出发地": "广州",
      "目的地": "沈阳",
      "航班类型": "国内航班",
      "航班日期": "2026-01-08",
      "航班代码": "SC4674/SC4715",
      "价格": "589"
    },
    {
      "出发地": "广州",
      "目的地": "沈阳",
      "航班类型": "国内航班",
      "航班日期": "2026-01-09",
      "航班代码": "SC4674/SC4717",
      "价格": "602"
    },
    {
      "出发地": "广州",
      "目的地": "沈阳",
      "航班类型": "国内航班",
      "航班日期": "2026-01-10",
      "航班代码": "CA1382/CA8181",
      "价格": "594"
    },
    {
      "出发地": "广州",
      "目的地": "沈阳",
      "航班类型": "国内航班",
      "航班日期": "2026-01-11",
      "航班代码": "SC4676/SC4715",
      "价格": "579"
    },
    {
      "出发地": "广州",
      "目的地": "沈阳",
      "航班类型": "国内航班",
      "航班日期": "2026-01-12",
      "航班代码": "CA1382/CA8179",
      "价格": "599"
    },
    {
      "出发地": "广州",
      "目的地": "沈阳",
      "航班类型": "国内航班",
      "航班日期": "2026-01-13",
      "航班代码": "CA8232/CA8245",
      "价格": "599"
    },
    {
      "出发地": "广州",
      "目的地": "沈阳",
      "航班类型": "国内航班",
      "航班日期": "2026-01-14",
      "航班代码": "CA1382/CA8179",
      "价格": "599"
    },
    {
      "出发地": "广州",
      "目的地": "沈阳",
      "航班类型": "国内航班",
      "航班日期": "2026-01-15",
      "航班代码": "CA8232/CA8245",
      "价格": "616"
    },
    {
      "出发地": "广州",
      "目的地": "沈阳",
      "航班类型": "国内航班",
      "航班日期": "2026-01-16",
      "航班代码": "CA8232/CA8245",
      "价格": "609"
    },
    {
      "出发地": "广州",
      "目的地": "沈阳",
      "航班类型": "国内航班",
      "航班日期": "2026-01-17",
      "航班代码": "MU9768/MU2827",
      "价格": "677"
    },
    {
      "出发地": "广州",
      "目的地": "沈阳",
      "航班类型": "国内航班",
      "航班日期": "2026-01-18",
      "航班代码": "ZH9995/ZH2663",
      "价格": "700"
    },
    {
      "出发地": "广州",
      "目的地": "沈阳",
      "航班类型": "国内航班",
      "航班日期": "2026-01-19",
      "航班代码": "AQ1143/KN5275",
      "价格": "781"
    },
    {
      "出发地": "广州",
      "目的地": "沈阳",
      "航班类型": "国内航班",
      "航班日期": "2026-01-20",
      "航班代码": "MU2541/MU2545",
      "价格": "755"
    },
    {
      "出发地": "广州",
      "目的地": "沈阳",
      "航班类型": "国内航班",
      "航班日期": "2026-01-21",
      "航班代码": "AQ1143/KN5275",
      "价格": "780"
    },
    {
      "出发地": "广州",
      "目的地": "沈阳",
      "航班类型": "国内航班",
      "航班日期": "2026-01-22",
      "航班代码": "ZH9823/AQ1331",
      "价格": "853"
    },
    {
      "出发地": "广州",
      "目的地": "沈阳",
      "航班类型": "国内航班",
      "航班日期": "2026-01-23",
      "航班代码": "ZH4106/ZH9724",
      "价格": "810"
    },
    {
      "出发地": "广州",
      "目的地": "沈阳",
      "航班类型": "国内航班",
      "航班日期": "2026-01-24",
      "航班代码": "SC9171/SC7943",
      "价格": "800"
    },
    {
      "出发地": "广州",
      "目的地": "沈阳",
      "航班类型": "国内航班",
      "航班日期": "2026-01-25",
      "航班代码": "GJ8583/ZH9728",
      "价格": "878"
    },
    {
      "出发地": "广州",
      "目的地": "沈阳",
      "航班类型": "国内航班",
      "航班日期": "2026-01-26",
      "航班代码": "CZ3993/9C6174",
      "价格": "876"
    },
    {
      "出发地": "广州",
      "目的地": "沈阳",
      "航班类型": "国内航班",
      "航班日期": "2026-01-27",
      "航班代码": "MU5288/MU6913",
      "价格": "699"
    },
    {
      "出发地": "广州",
      "目的地": "沈阳",
      "航班类型": "国内航班",
      "航班日期": "2026-01-28",
      "航班代码": "CZ3993/9C6174",
      "价格": "993"
    },
    {
      "出发地": "广州",
      "目的地": "沈阳",
      "航班类型": "国内航班",
      "航班日期": "2026-01-29",
      "航班代码": "MU5288/MU6913",
      "价格": "893"
    },
    {
      "出发地": "广州",
      "目的地": "沈阳",
      "航班类型": "国内航班",
      "航班日期": "2026-01-30",
      "航班代码": "CZ3993/9C6174",
      "价格": "1117"
    },
    {
      "出发地": "广州",
      "目的地": "沈阳",
      "航班类型": "国内航班",
      "航班日期": "2026-01-31",
      "航班代码": "CZ3993/9C6174",
      "价格": "1178"
    },
    {
      "出发地": "广州",
      "目的地": "沈阳",
      "航班类型": "国内航班",
      "航班日期": "2026-02-01",
      "航班代码": "GJ8583/SC2324",
      "价格": "1342"
    },
    {
      "出发地": "广州",
      "目的地": "沈阳",
      "航班类型": "国内航班",
      "航班日期": "2026-02-02",
      "航班代码": "MF4416",
      "价格": "1246"
    },
    {
      "出发地": "广州",
      "目的地": "沈阳",
      "航班类型": "国内航班",
      "航班日期": "2026-02-03",
      "航班代码": "CZ3343/RY8906",
      "价格": "1345"
    },
    {
      "出发地": "广州",
      "目的地": "沈阳",
      "航班类型": "国内航班",
      "航班日期": "2026-02-04",
      "航班代码": "CA1382/CA8101",
      "价格": "1200"
    },
    {
      "出发地": "广州",
      "目的地": "沈阳",
      "航班类型": "国内航班",
      "航班日期": "2026-02-05",
      "航班代码": "CZ6340",
      "价格": "1530"
    },
    {
      "出发地": "广州",
      "目的地": "沈阳",
      "航班类型": "国内航班",
      "航班日期": "2026-02-06",
      "航班代码": "HU7259/9C6498",
      "价格": "1668"
    },
    {
      "出发地": "广州",
      "目的地": "沈阳",
      "航班类型": "国内航班",
      "航班日期": "2026-02-07",
      "航班代码": "MF4416",
      "价格": "1530"
    },
    {
      "出发地": "广州",
      "目的地": "沈阳",
      "航班类型": "国内航班",
      "航班日期": "2026-02-08",
      "航班代码": "MF4416",
      "价格": "1530"
    },
    {
      "出发地": "广州",
      "目的地": "沈阳",
      "航班类型": "国内航班",
      "航班日期": "2026-02-09",
      "航班代码": "CZ6340",
      "价格": "1680"
    },
    {
      "出发地": "广州",
      "目的地": "沈阳",
      "航班类型": "国内航班",
      "航班日期": "2026-02-10",
      "航班代码": "CZ6340",
      "价格": "1830"
    },
    {
      "出发地": "广州",
      "目的地": "沈阳",
      "航班类型": "国内航班",
      "航班日期": "2026-02-11",
      "航班代码": "9C7749/GJ8677",
      "价格": "1983"
    },
    {
      "出发地": "广州",
      "目的地": "沈阳",
      "航班类型": "国内航班",
      "航班日期": "2026-02-12",
      "航班代码": "CZ6340",
      "价格": "2145"
    },
    {
      "出发地": "广州",
      "目的地": "沈阳",
      "航班类型": "国内航班",
      "航班日期": "2026-02-13",
      "航班代码": "MU5232/MU6300",
      "价格": "2300"
    },
    {
      "出发地": "广州",
      "目的地": "沈阳",
      "航班类型": "国内航班",
      "航班日期": "2026-02-14",
      "航班代码": "AQ1055/MU9779",
      "价格": "2004"
    },
    {
      "出发地": "广州",
      "目的地": "沈阳",
      "航班类型": "国内航班",
      "航班日期": "2026-02-15",
      "航班代码": "PN6380/JD5876",
      "价格": "1590"
    },
    {
      "出发地": "广州",
      "目的地": "沈阳",
      "航班类型": "国内航班",
      "航班日期": "2026-02-16",
      "航班代码": "CZ6340",
      "价格": "1110"
    },
    {
      "出发地": "广州",
      "目的地": "沈阳",
      "航班类型": "国内航班",
      "航班日期": "2026-02-17",
      "航班代码": "CZ6340",
      "价格": "1110"
    },
    {
      "出发地": "广州",
      "目的地": "沈阳",
      "航班类型": "国内航班",
      "航班日期": "2026-02-18",
      "航班代码": "MF4416",
      "价格": "960"
    },
    {
      "出发地": "广州",
      "目的地": "沈阳",
      "航班类型": "国内航班",
      "航班日期": "2026-02-19",
      "航班代码": "AQ1127/9C6908",
      "价格": "1025"
    },
    {
      "出发地": "广州",
      "目的地": "沈阳",
      "航班类型": "国内航班",
      "航班日期": "2026-02-20",
      "航班代码": "MF4416",
      "价格": "1110"
    },
    {
      "出发地": "广州",
      "目的地": "沈阳",
      "航班类型": "国内航班",
      "航班日期": "2026-02-21",
      "航班代码": "CA4537/HO1183",
      "价格": "2249"
    },
    {
      "出发地": "广州",
      "目的地": "沈阳",
      "航班类型": "国内航班",
      "航班日期": "2026-02-22",
      "航班代码": "CA8566/9C7635",
      "价格": "1470"
    },
    {
      "出发地": "广州",
      "目的地": "沈阳",
      "航班类型": "国内航班",
      "航班日期": "2026-02-23",
      "航班代码": "9C8930/9C7635",
      "价格": "1547"
    },
    {
      "出发地": "广州",
      "目的地": "沈阳",
      "航班类型": "国内航班",
      "航班日期": "2026-02-24",
      "航班代码": "KN5038/KN5275",
      "价格": "1124"
    },
    {
      "出发地": "广州",
      "目的地": "沈阳",
      "航班类型": "国内航班",
      "航班日期": "2026-02-25",
      "航班代码": "AQ1143/KN5275",
      "价格": "917"
    },
    {
      "出发地": "广州",
      "目的地": "沈阳",
      "航班类型": "国内航班",
      "航班日期": "2026-02-27",
      "航班代码": "CZ3815/9C6908",
      "价格": "1868"
    },
    {
      "出发地": "广州",
      "目的地": "沈阳",
      "航班类型": "国内航班",
      "航班日期": "2026-02-28",
      "航班代码": "MU5218/9C8919",
      "价格": "2048"
    },
    {
      "出发地": "广州",
      "目的地": "沈阳",
      "航班类型": "国内航班",
      "航班日期": "2026-08-21",
      "航班代码": "MU5288/MU6658",
      "价格": "2060"
    }
  ]
}