{
  "查询条件": {
    "出发地": "广州",
    "目的地": "长春"
  },
  "航班数量": 76,
  "航班列表": [
    {
      "出发地": "广州",
      "目的地": "长春",
      "航班类型": "国内航班",
      "航班日期": "2025-12-16",
      "航班代码": "CA1366/CA1609",
      "价格": "495"
    },
    {
      "出发地": "广州",
      "目的地": "长春",
      "航班类型": "国内航班",
      "航班日期": "2025-12-17",
      "航班代码": "AQ1033",
      "价格": "549"
    },
    {
      "出发地": "广州",
      "目的地": "长春",
      "航班类型": "国内航班",
      "航班日期": "2025-12-18",
      "航班代码": "MF8306/MF8047",
      "价格": "520"
    },
    {
      "出发地": "广州",
      "目的地": "长春",
      "航班类型": "国内航班",
      "航班日期": "2025-12-19",
      "航班代码": "9C8899/8L9641",
      "价格": "599"
    },
    {
      "出发地": "广州",
      "目的地": "长春",
      "航班类型": "国内航班",
      "航班日期": "2025-12-20",
      "航班代码": "ZH8905/9C7603",
      "价格": "738"
    },
    {
      "出发地": "广州",
      "目的地": "长春",
      "航班类型": "国内航班",
      "航班日期": "2025-12-21",
      "航班代码": "HU7203/HU7373",
      "价格": "600"
    },
    {
      "出发地": "广州",
      "目的地": "长春",
      "航班类型": "国内航班",
      "航班日期": "2025-12-22",
      "航班代码": "MU6733/GJ8808",
      "价格": "680"
    },
    {
      "出发地": "广州",
      "目的地": "长春",
      "航班类型": "国内航班",
      "航班日期": "2025-12-23",
      "航班代码": "CZ2133/JD5355",
      "价格": "587"
    },
    {
      "出发地": "广州",
      "目的地": "长春",
      "航班类型": "国内航班",
      "航班日期": "2025-12-24",
      "航班代码": "JD5355/8L9641",
      "价格": "675"
    },
    {
      "出发地": "广州",
      "目的地": "长春",
      "航班类型": "国内航班",
      "航班日期": "2025-12-25",
      "航班代码": "9C8899/9C8661",
      "价格": "605"
    },
    {
      "出发地": "广州",
      "目的地": "长春",
      "航班类型": "国内航班",
      "航班日期": "2025-12-26",
      "航班代码": "JD5355/9C8661",
      "价格": "758"
    },
    {
      "出发地": "广州",
      "目的地": "长春",
      "航班类型": "国内航班",
      "航班日期": "2025-12-27",
      "航班代码": "CZ3957/9C7603",
      "价格": "739"
    },
    {
      "出发地": "广州",
      "目的地": "长春",
      "航班类型": "国内航班",
      "航班日期": "2025-12-28",
      "航班代码": "CA4334/CA2719",
      "价格": "599"
    },
    {
      "出发地": "广州",
      "目的地": "长春",
      "航班类型": "国内航班",
      "航班日期": "2025-12-29",
      "航班代码": "PN6380/PN6463",
      "价格": "730"
    },
    {
      "出发地": "广州",
      "目的地": "长春",
      "航班类型": "国内航班",
      "航班日期": "2025-12-30",
      "航班代码": "GJ8059/GJ8972",
      "价格": "859"
    },
    {
      "出发地": "广州",
      "目的地": "长春",
      "航班类型": "国内航班",
      "航班日期": "2025-12-31",
      "航班代码": "SC1174/SC1192",
      "价格": "710"
    },
    {
      "出发地": "广州",
      "目的地": "长春",
      "航班类型": "国内航班",
      "航班日期": "2026-01-01",
      "航班代码": "CZ3957/9C7603",
      "价格": "769"
    },
    {
      "出发地": "广州",
      "目的地": "长春",
      "航班类型": "国内航班",
      "航班日期": "2026-01-02",
      "航班代码": "ZH8905/9C7603",
      "价格": "629"
    },
    {
      "出发地": "广州",
      "目的地": "长春",
      "航班类型": "国内航班",
      "航班日期": "2026-01-03",
      "航班代码": "CZ3367/FM9496",
      "价格": "844"
    },
    {
      "出发地": "广州",
      "目的地": "长春",
      "航班类型": "国内航班",
      "航班日期": "2026-01-04",
      "航班代码": "KN5038/KN5289",
      "价格": "699"
    },
    {
      "出发地": "广州",
      "目的地": "长春",
      "航班类型": "国内航班",
      "航班日期": "2026-01-05",
      "航班代码": "KN5038/KN5289",
      "价格": "715"
    },
    {
      "出发地": "广州",
      "目的地": "长春",
      "航班类型": "国内航班",
      "航班日期": "2026-01-06",
      "航班代码": "CZ3957/9C7603",
      "价格": "657"
    },
    {
      "出发地": "广州",
      "目的地": "长春",
      "航班类型": "国内航班",
      "航班日期": "2026-01-07",
      "航班代码": "CZ3957/9C7603",
      "价格": "659"
    },
    {
      "出发地": "广州",
      "目的地": "长春",
      "航班类型": "国内航班",
      "航班日期": "2026-01-08",
      "航班代码": "AQ1005/FM9077",
      "价格": "707"
    },
    {
      "出发地": "广州",
      "目的地": "长春",
      "航班类型": "国内航班",
      "航班日期": "2026-01-09",
      "航班代码": "SC4674/SC4786",
      "价格": "709"
    },
    {
      "出发地": "广州",
      "目的地": "长春",
      "航班类型": "国内航班",
      "航班日期": "2026-01-10",
      "航班代码": "ZH8905/9C7603",
      "价格": "710"
    },
    {
      "出发地": "广州",
      "目的地": "长春",
      "航班类型": "国内航班",
      "航班日期": "2026-01-11",
      "航班代码": "CA8232/CA8285",
      "价格": "793"
    },
    {
      "出发地": "广州",
      "目的地": "长春",
      "航班类型": "国内航班",
      "航班日期": "2026-01-12",
      "航班代码": "9C7749/9C6314",
      "价格": "788"
    },
    {
      "出发地": "广州",
      "目的地": "长春",
      "航班类型": "国内航班",
      "航班日期": "2026-01-13",
      "航班代码": "KN5038/KN5289",
      "价格": "699"
    },
    {
      "出发地": "广州",
      "目的地": "长春",
      "航班类型": "国内航班",
      "航班日期": "2026-01-14",
      "航班代码": "ZH8905/9C7603",
      "价格": "758"
    },
    {
      "出发地": "广州",
      "目的地": "长春",
      "航班类型": "国内航班",
      "航班日期": "2026-01-15",
      "航班代码": "CA8232/CA8285",
      "价格": "799"
    },
    {
      "出发地": "广州",
      "目的地": "长春",
      "航班类型": "国内航班",
      "航班日期": "2026-01-16",
      "航班代码": "MU2870/MU8522",
      "价格": "858"
    },
    {
      "出发地": "广州",
      "目的地": "长春",
      "航班类型": "国内航班",
      "航班日期": "2026-01-17",
      "航班代码": "KN5038/KN5289",
      "价格": "920"
    },
    {
      "出发地": "广州",
      "目的地": "长春",
      "航班类型": "国内航班",
      "航班日期": "2026-01-18",
      "航班代码": "AQ1173/FM9435",
      "价格": "878"
    },
    {
      "出发地": "广州",
      "目的地": "长春",
      "航班类型": "国内航班",
      "航班日期": "2026-01-19",
      "航班代码": "9C7749/9C6314",
      "价格": "854"
    },
    {
      "出发地": "广州",
      "目的地": "长春",
      "航班类型": "国内航班",
      "航班日期": "2026-01-20",
      "航班代码": "ZH8905/ZH9693",
      "价格": "900"
    },
    {
      "出发地": "广州",
      "目的地": "长春",
      "航班类型": "国内航班",
      "航班日期": "2026-01-21",
      "航班代码": "ZH8909/ZH9693",
      "价格": "950"
    },
    {
      "出发地": "广州",
      "目的地": "长春",
      "航班类型": "国内航班",
      "航班日期": "2026-01-22",
      "航班代码": "9C8899/9C6471",
      "价格": "866"
    },
    {
      "出发地": "广州",
      "目的地": "长春",
      "航班类型": "国内航班",
      "航班日期": "2026-01-23",
      "航班代码": "AQ1173/FM9435",
      "价格": "800"
    },
    {
      "出发地": "广州",
      "目的地": "长春",
      "航班类型": "国内航班",
      "航班日期": "2026-01-24",
      "航班代码": "ZH8903/FM9435",
      "价格": "966"
    },
    {
      "出发地": "广州",
      "目的地": "长春",
      "航班类型": "国内航班",
      "航班日期": "2026-01-25",
      "航班代码": "MU2541/FM9496",
      "价格": "945"
    },
    {
      "出发地": "广州",
      "目的地": "长春",
      "航班类型": "国内航班",
      "航班日期": "2026-01-26",
      "航班代码": "MU2541/FM9496",
      "价格": "945"
    },
    {
      "出发地": "广州",
      "目的地": "长春",
      "航班类型": "国内航班",
      "航班日期": "2026-01-27",
      "航班代码": "9C8899/9C6471",
      "价格": "923"
    },
    {
      "出发地": "广州",
      "目的地": "长春",
      "航班类型": "国内航班",
      "航班日期": "2026-01-28",
      "航班代码": "9C7749/HU7743",
      "价格": "1047"
    },
    {
      "出发地": "广州",
      "目的地": "长春",
      "航班类型": "国内航班",
      "航班日期": "2026-01-29",
      "航班代码": "MU2870/MU8522",
      "价格": "1018"
    },
    {
      "出发地": "广州",
      "目的地": "长春",
      "航班类型": "国内航班",
      "航班日期": "2026-01-30",
      "航班代码": "AQ1019/MU6455",
      "价格": "1112"
    },
    {
      "出发地": "广州",
      "目的地": "长春",
      "航班类型": "国内航班",
      "航班日期": "2026-01-31",
      "航班代码": "9C8899/9C6471",
      "价格": "1224"
    },
    {
      "出发地": "广州",
      "目的地": "长春",
      "航班类型": "国内航班",
      "航班日期": "2026-02-01",
      "航班代码": "JD5269/JD5395",
      "价格": "1340"
    },
    {
      "出发地": "广州",
      "目的地": "长春",
      "航班类型": "国内航班",
      "航班日期": "2026-02-02",
      "航班代码": "CZ2133/9C8661",
      "价格": "1368"
    },
    {
      "出发地": "广州",
      "目的地": "长春",
      "航班类型": "国内航班",
      "航班日期": "2026-02-03",
      "航班代码": "HU7249/JD5589",
      "价格": "1450"
    },
    {
      "出发地": "广州",
      "目的地": "长春",
      "航班类型": "国内航班",
      "航班日期": "2026-02-04",
      "航班代码": "9C8899/9C6471",
      "价格": "1616"
    },
    {
      "出发地": "广州",
      "目的地": "长春",
      "航班类型": "国内航班",
      "航班日期": "2026-02-05",
      "航班代码": "MU2541/FM9496",
      "价格": "1560"
    },
    {
      "出发地": "广州",
      "目的地": "长春",
      "航班类型": "国内航班",
      "航班日期": "2026-02-06",
      "航班代码": "9C8899/9C6471",
      "价格": "1774"
    },
    {
      "出发地": "广州",
      "目的地": "长春",
      "航班类型": "国内航班",
      "航班日期": "2026-02-07",
      "航班代码": "ZH9995/JD5121",
      "价格": "2052"
    },
    {
      "出发地": "广州",
      "目的地": "长春",
      "航班类型": "国内航班",
      "航班日期": "2026-02-08",
      "航班代码": "9C8899/9C8661",
      "价格": "1868"
    },
    {
      "出发地": "广州",
      "目的地": "长春",
      "航班类型": "国内航班",
      "航班日期": "2026-02-09",
      "航班代码": "9C8899/9C6471",
      "价格": "1868"
    },
    {
      "出发地": "广州",
      "目的地": "长春",
      "航班类型": "国内航班",
      "航班日期": "2026-02-10",
      "航班代码": "9C8899/9C8661",
      "价格": "2017"
    },
    {
      "出发地": "广州",
      "目的地": "长春",
      "航班类型": "国内航班",
      "航班日期": "2026-02-11",
      "航班代码": "9C8899/9C8661",
      "价格": "2184"
    },
    {
      "出发地": "广州",
      "目的地": "长春",
      "航班类型": "国内航班",
      "航班日期": "2026-02-12",
      "航班代码": "9C8899/9C8661",
      "价格": "2251"
    },
    {
      "出发地": "广州",
      "目的地": "长春",
      "航班类型": "国内航班",
      "航班日期": "2026-02-13",
      "航班代码": "9C7749/9C6314",
      "价格": "2364"
    },
    {
      "出发地": "广州",
      "目的地": "长春",
      "航班类型": "国内航班",
      "航班日期": "2026-02-14",
      "航班代码": "MU5232/9C6772",
      "价格": "2112"
    },
    {
      "出发地": "广州",
      "目的地": "长春",
      "航班类型": "国内航班",
      "航班日期": "2026-02-15",
      "航班代码": "9C8679/9C8661",
      "价格": "1726"
    },
    {
      "出发地": "广州",
      "目的地": "长春",
      "航班类型": "国内航班",
      "航班日期": "2026-02-16",
      "航班代码": "GJ8381",
      "价格": "1370"
    },
    {
      "出发地": "广州",
      "目的地": "长春",
      "航班类型": "国内航班",
      "航班日期": "2026-02-17",
      "航班代码": "HU5031",
      "价格": "1260"
    },
    {
      "出发地": "广州",
      "目的地": "长春",
      "航班类型": "国内航班",
      "航班日期": "2026-02-18",
      "航班代码": "GJ8381",
      "价格": "1370"
    },
    {
      "出发地": "广州",
      "目的地": "长春",
      "航班类型": "国内航班",
      "航班日期": "2026-02-19",
      "航班代码": "3U1862",
      "价格": "1254"
    },
    {
      "出发地": "广州",
      "目的地": "长春",
      "航班类型": "国内航班",
      "航班日期": "2026-02-20",
      "航班代码": "3U1862",
      "价格": "1120"
    },
    {
      "出发地": "广州",
      "目的地": "长春",
      "航班类型": "国内航班",
      "航班日期": "2026-02-21",
      "航班代码": "3U1862",
      "价格": "1257"
    },
    {
      "出发地": "广州",
      "目的地": "长春",
      "航班类型": "国内航班",
      "航班日期": "2026-02-22",
      "航班代码": "GJ8381",
      "价格": "1370"
    },
    {
      "出发地": "广州",
      "目的地": "长春",
      "航班类型": "国内航班",
      "航班日期": "2026-02-23",
      "航班代码": "GJ8381",
      "价格": "1370"
    },
    {
      "出发地": "广州",
      "目的地": "长春",
      "航班类型": "国内航班",
      "航班日期": "2026-02-24",
      "航班代码": "GJ8381",
      "价格": "1100"
    },
    {
      "出发地": "广州",
      "目的地": "长春",
      "航班类型": "国内航班",
      "航班日期": "2026-02-25",
      "航班代码": "CA8566/9C8935",
      "价格": "1089"
    },
    {
      "出发地": "广州",
      "目的地": "长春",
      "航班类型": "国内航班",
      "航班日期": "2026-02-26",
      "航班代码": "GJ8059",
      "价格": "999"
    },
    {
      "出发地": "广州",
      "目的地": "长春",
      "航班类型": "国内航班",
      "航班日期": "2026-02-27",
      "航班代码": "9C8679/9C8661",
      "价格": "970"
    },
    {
      "出发地": "广州",
      "目的地": "长春",
      "航班类型": "国内航班",
      "航班日期": "2026-02-28",
      "航班代码": "MU5232/9C6772",
      "价格": "1518"
    },
    {
      "出发地": "广州",
      "目的地": "长春",
      "航班类型": "国内航班",
      "航班日期": "2026-03-01",
      "航班代码": "ZH9533/9C8809",
      "价格": "668"
    }
  ]
}