{
  "查询条件": {
    "出发地": "广州",
    "目的地": "西安"
  },
  "航班数量": 74,
  "航班列表": [
    {
      "出发地": "广州",
      "目的地": "西安",
      "航班类型": "国内航班",
      "航班日期": "2025-12-16",
      "航班代码": "SC1176/SC8733",
      "价格": "529"
    },
    {
      "出发地": "广州",
      "目的地": "西安",
      "航班类型": "国内航班",
      "航班日期": "2025-12-17",
      "航班代码": "MF8386/MF8277",
      "价格": "340"
    },
    {
      "出发地": "广州",
      "目的地": "西安",
      "航班类型": "国内航班",
      "航班日期": "2025-12-18",
      "航班代码": "AQ1105",
      "价格": "329"
    },
    {
      "出发地": "广州",
      "目的地": "西安",
      "航班类型": "国内航班",
      "航班日期": "2025-12-19",
      "航班代码": "MU2818/MU2781",
      "价格": "507"
    },
    {
      "出发地": "广州",
      "目的地": "西安",
      "航班类型": "国内航班",
      "航班日期": "2025-12-20",
      "航班代码": "MU2304",
      "价格": "450"
    },
    {
      "出发地": "广州",
      "目的地": "西安",
      "航班类型": "国内航班",
      "航班日期": "2025-12-21",
      "航班代码": "AQ1105",
      "价格": "439"
    },
    {
      "出发地": "广州",
      "目的地": "西安",
      "航班类型": "国内航班",
      "航班日期": "2025-12-22",
      "航班代码": "SC9295",
      "价格": "350"
    },
    {
      "出发地": "广州",
      "目的地": "西安",
      "航班类型": "国内航班",
      "航班日期": "2025-12-23",
      "航班代码": "CA8306/CA8523",
      "价格": "400"
    },
    {
      "出发地": "广州",
      "目的地": "西安",
      "航班类型": "国内航班",
      "航班日期": "2025-12-24",
      "航班代码": "AQ1105",
      "价格": "329"
    },
    {
      "出发地": "广州",
      "目的地": "西安",
      "航班类型": "国内航班",
      "航班日期": "2025-12-25",
      "航班代码": "AQ1105",
      "价格": "379"
    },
    {
      "出发地": "广州",
      "目的地": "西安",
      "航班类型": "国内航班",
      "航班日期": "2025-12-26",
      "航班代码": "AQ1105",
      "价格": "439"
    },
    {
      "出发地": "广州",
      "目的地": "西安",
      "航班类型": "国内航班",
      "航班日期": "2025-12-27",
      "航班代码": "CA1796/CA1769",
      "价格": "400"
    },
    {
      "出发地": "广州",
      "目的地": "西安",
      "航班类型": "国内航班",
      "航班日期": "2025-12-28",
      "航班代码": "AQ1105",
      "价格": "379"
    },
    {
      "出发地": "广州",
      "目的地": "西安",
      "航班类型": "国内航班",
      "航班日期": "2025-12-29",
      "航班代码": "3U1079",
      "价格": "500"
    },
    {
      "出发地": "广州",
      "目的地": "西安",
      "航班类型": "国内航班",
      "航班日期": "2025-12-30",
      "航班代码": "CA1360/CA1235",
      "价格": "499"
    },
    {
      "出发地": "广州",
      "目的地": "西安",
      "航班类型": "国内航班",
      "航班日期": "2025-12-31",
      "航班代码": "AQ1105",
      "价格": "589"
    },
    {
      "出发地": "广州",
      "目的地": "西安",
      "航班类型": "国内航班",
      "航班日期": "2026-01-01",
      "航班代码": "MU2304",
      "价格": "400"
    },
    {
      "出发地": "广州",
      "目的地": "西安",
      "航班类型": "国内航班",
      "航班日期": "2026-01-02",
      "航班代码": "ZH9221",
      "价格": "460"
    },
    {
      "出发地": "广州",
      "目的地": "西安",
      "航班类型": "国内航班",
      "航班日期": "2026-01-03",
      "航班代码": "MU2908/MU2895",
      "价格": "640"
    },
    {
      "出发地": "广州",
      "目的地": "西安",
      "航班类型": "国内航班",
      "航班日期": "2026-01-04",
      "航班代码": "MU2302",
      "价格": "440"
    },
    {
      "出发地": "广州",
      "目的地": "西安",
      "航班类型": "国内航班",
      "航班日期": "2026-01-05",
      "航班代码": "AQ1105",
      "价格": "439"
    },
    {
      "出发地": "广州",
      "目的地": "西安",
      "航班类型": "国内航班",
      "航班日期": "2026-01-06",
      "航班代码": "MU2304",
      "价格": "430"
    },
    {
      "出发地": "广州",
      "目的地": "西安",
      "航班类型": "国内航班",
      "航班日期": "2026-01-07",
      "航班代码": "FM9318/MU2240",
      "价格": "419"
    },
    {
      "出发地": "广州",
      "目的地": "西安",
      "航班类型": "国内航班",
      "航班日期": "2026-01-08",
      "航班代码": "MU2304",
      "价格": "380"
    },
    {
      "出发地": "广州",
      "目的地": "西安",
      "航班类型": "国内航班",
      "航班日期": "2026-01-09",
      "航班代码": "MU2304",
      "价格": "500"
    },
    {
      "出发地": "广州",
      "目的地": "西安",
      "航班类型": "国内航班",
      "航班日期": "2026-01-10",
      "航班代码": "AQ1105",
      "价格": "439"
    },
    {
      "出发地": "广州",
      "目的地": "西安",
      "航班类型": "国内航班",
      "航班日期": "2026-01-12",
      "航班代码": "AQ1105",
      "价格": "439"
    },
    {
      "出发地": "广州",
      "目的地": "西安",
      "航班类型": "国内航班",
      "航班日期": "2026-01-13",
      "航班代码": "AQ1105",
      "价格": "509"
    },
    {
      "出发地": "广州",
      "目的地": "西安",
      "航班类型": "国内航班",
      "航班日期": "2026-01-14",
      "航班代码": "MU2304",
      "价格": "450"
    },
    {
      "出发地": "广州",
      "目的地": "西安",
      "航班类型": "国内航班",
      "航班日期": "2026-01-15",
      "航班代码": "AQ1105",
      "价格": "509"
    },
    {
      "出发地": "广州",
      "目的地": "西安",
      "航班类型": "国内航班",
      "航班日期": "2026-01-16",
      "航班代码": "MU2818/MU2781",
      "价格": "507"
    },
    {
      "出发地": "广州",
      "目的地": "西安",
      "航班类型": "国内航班",
      "航班日期": "2026-01-17",
      "航班代码": "MU2818/MU2781",
      "价格": "507"
    },
    {
      "出发地": "广州",
      "目的地": "西安",
      "航班类型": "国内航班",
      "航班日期": "2026-01-18",
      "航班代码": "KY8282/KY8251",
      "价格": "1019"
    },
    {
      "出发地": "广州",
      "目的地": "西安",
      "航班类型": "国内航班",
      "航班日期": "2026-01-19",
      "航班代码": "AQ1105",
      "价格": "509"
    },
    {
      "出发地": "广州",
      "目的地": "西安",
      "航班类型": "国内航班",
      "航班日期": "2026-01-21",
      "航班代码": "AQ1105",
      "价格": "589"
    },
    {
      "出发地": "广州",
      "目的地": "西安",
      "航班类型": "国内航班",
      "航班日期": "2026-01-22",
      "航班代码": "AQ1105",
      "价格": "509"
    },
    {
      "出发地": "广州",
      "目的地": "西安",
      "航班类型": "国内航班",
      "航班日期": "2026-01-23",
      "航班代码": "SC1176/SC8733",
      "价格": "529"
    },
    {
      "出发地": "广州",
      "目的地": "西安",
      "航班类型": "国内航班",
      "航班日期": "2026-01-24",
      "航班代码": "CA1790/CA8507",
      "价格": "599"
    },
    {
      "出发地": "广州",
      "目的地": "西安",
      "航班类型": "国内航班",
      "航班日期": "2026-01-25",
      "航班代码": "AQ1105",
      "价格": "739"
    },
    {
      "出发地": "广州",
      "目的地": "西安",
      "航班类型": "国内航班",
      "航班日期": "2026-01-26",
      "航班代码": "CA1794/CA1769",
      "价格": "599"
    },
    {
      "出发地": "广州",
      "目的地": "西安",
      "航班类型": "国内航班",
      "航班日期": "2026-01-27",
      "航班代码": "MF3131",
      "价格": "740"
    },
    {
      "出发地": "广州",
      "目的地": "西安",
      "航班类型": "国内航班",
      "航班日期": "2026-01-28",
      "航班代码": "AQ1105",
      "价格": "669"
    },
    {
      "出发地": "广州",
      "目的地": "西安",
      "航班类型": "国内航班",
      "航班日期": "2026-01-29",
      "航班代码": "9H7828",
      "价格": "700"
    },
    {
      "出发地": "广州",
      "目的地": "西安",
      "航班类型": "国内航班",
      "航班日期": "2026-01-30",
      "航班代码": "MU2304",
      "价格": "720"
    },
    {
      "出发地": "广州",
      "目的地": "西安",
      "航班类型": "国内航班",
      "航班日期": "2026-01-31",
      "航班代码": "CA8306/CA8523",
      "价格": "799"
    },
    {
      "出发地": "广州",
      "目的地": "西安",
      "航班类型": "国内航班",
      "航班日期": "2026-02-01",
      "航班代码": "SC9295",
      "价格": "730"
    },
    {
      "出发地": "广州",
      "目的地": "西安",
      "航班类型": "国内航班",
      "航班日期": "2026-02-02",
      "航班代码": "AQ1105",
      "价格": "899"
    },
    {
      "出发地": "广州",
      "目的地": "西安",
      "航班类型": "国内航班",
      "航班日期": "2026-02-03",
      "航班代码": "SC9291",
      "价格": "730"
    },
    {
      "出发地": "广州",
      "目的地": "西安",
      "航班类型": "国内航班",
      "航班日期": "2026-02-04",
      "航班代码": "MU6955",
      "价格": "920"
    },
    {
      "出发地": "广州",
      "目的地": "西安",
      "航班类型": "国内航班",
      "航班日期": "2026-02-05",
      "航班代码": "CA2804/CA2875",
      "价格": "799"
    },
    {
      "出发地": "广州",
      "目的地": "西安",
      "航班类型": "国内航班",
      "航班日期": "2026-02-06",
      "航班代码": "AQ1105",
      "价格": "1209"
    },
    {
      "出发地": "广州",
      "目的地": "西安",
      "航班类型": "国内航班",
      "航班日期": "2026-02-07",
      "航班代码": "AQ1105",
      "价格": "1129"
    },
    {
      "出发地": "广州",
      "目的地": "西安",
      "航班类型": "国内航班",
      "航班日期": "2026-02-08",
      "航班代码": "AQ1105",
      "价格": "1279"
    },
    {
      "出发地": "广州",
      "目的地": "西安",
      "航班类型": "国内航班",
      "航班日期": "2026-02-09",
      "航班代码": "MU2304",
      "价格": "1350"
    },
    {
      "出发地": "广州",
      "目的地": "西安",
      "航班类型": "国内航班",
      "航班日期": "2026-02-10",
      "航班代码": "MU5232/RY8939",
      "价格": "1419"
    },
    {
      "出发地": "广州",
      "目的地": "西安",
      "航班类型": "国内航班",
      "航班日期": "2026-02-11",
      "航班代码": "MU2304",
      "价格": "1350"
    },
    {
      "出发地": "广州",
      "目的地": "西安",
      "航班类型": "国内航班",
      "航班日期": "2026-02-12",
      "航班代码": "MU5232/9C7001",
      "价格": "1555"
    },
    {
      "出发地": "广州",
      "目的地": "西安",
      "航班类型": "国内航班",
      "航班日期": "2026-02-13",
      "航班代码": "MU5232/9C7001",
      "价格": "1484"
    },
    {
      "出发地": "广州",
      "目的地": "西安",
      "航班类型": "国内航班",
      "航班日期": "2026-02-14",
      "航班代码": "CZ3221/9H8414",
      "价格": "1519"
    },
    {
      "出发地": "广州",
      "目的地": "西安",
      "航班类型": "国内航班",
      "航班日期": "2026-02-15",
      "航班代码": "GJ8996/GJ8657",
      "价格": "1110"
    },
    {
      "出发地": "广州",
      "目的地": "西安",
      "航班类型": "国内航班",
      "航班日期": "2026-02-16",
      "航班代码": "CA2804/CA2915",
      "价格": "800"
    },
    {
      "出发地": "广州",
      "目的地": "西安",
      "航班类型": "国内航班",
      "航班日期": "2026-02-17",
      "航班代码": "CA2804/CA2915",
      "价格": "800"
    },
    {
      "出发地": "广州",
      "目的地": "西安",
      "航班类型": "国内航班",
      "航班日期": "2026-02-18",
      "航班代码": "MU2304",
      "价格": "933"
    },
    {
      "出发地": "广州",
      "目的地": "西安",
      "航班类型": "国内航班",
      "航班日期": "2026-02-19",
      "航班代码": "CA2804/CA2915",
      "价格": "800"
    },
    {
      "出发地": "广州",
      "目的地": "西安",
      "航班类型": "国内航班",
      "航班日期": "2026-02-20",
      "航班代码": "CA2804/CA2915",
      "价格": "818"
    },
    {
      "出发地": "广州",
      "目的地": "西安",
      "航班类型": "国内航班",
      "航班日期": "2026-02-21",
      "航班代码": "MU5232/MU6987",
      "价格": "1712"
    },
    {
      "出发地": "广州",
      "目的地": "西安",
      "航班类型": "国内航班",
      "航班日期": "2026-02-22",
      "航班代码": "9H7848",
      "价格": "1850"
    },
    {
      "出发地": "广州",
      "目的地": "西安",
      "航班类型": "国内航班",
      "航班日期": "2026-02-23",
      "航班代码": "MU2304",
      "价格": "920"
    },
    {
      "出发地": "广州",
      "目的地": "西安",
      "航班类型": "国内航班",
      "航班日期": "2026-02-24",
      "航班代码": "MU6949/9C6434",
      "价格": "1548"
    },
    {
      "出发地": "广州",
      "目的地": "西安",
      "航班类型": "国内航班",
      "航班日期": "2026-02-25",
      "航班代码": "MU5232/MU6987",
      "价格": "1714"
    },
    {
      "出发地": "广州",
      "目的地": "西安",
      "航班类型": "国内航班",
      "航班日期": "2026-02-26",
      "航班代码": "MU6312/MU2104",
      "价格": "1520"
    },
    {
      "出发地": "广州",
      "目的地": "西安",
      "航班类型": "国内航班",
      "航班日期": "2026-03-02",
      "航班代码": "CA1380/CA1201",
      "价格": "600"
    },
    {
      "出发地": "广州",
      "目的地": "西安",
      "航班类型": "国内航班",
      "航班日期": "2026-03-03",
      "航班代码": "3U1079",
      "价格": "550"
    },
    {
      "出发地": "广州",
      "目的地": "西安",
      "航班类型": "国内航班",
      "航班日期": "2026-03-12",
      "航班代码": "CZ3892/9C6460",
      "价格": "579"
    }
  ]
}