{
  "查询条件": {
    "出发地": "广州",
    "目的地": "杭州"
  },
  "航班数量": 69,
  "航班列表": [
    {
      "出发地": "广州",
      "目的地": "杭州",
      "航班类型": "国内航班",
      "航班日期": "2025-12-16",
      "航班代码": "GJ8996",
      "价格": "307"
    },
    {
      "出发地": "广州",
      "目的地": "杭州",
      "航班类型": "国内航班",
      "航班日期": "2025-12-17",
      "航班代码": "ZH1798",
      "价格": "300"
    },
    {
      "出发地": "广州",
      "目的地": "杭州",
      "航班类型": "国内航班",
      "航班日期": "2025-12-18",
      "航班代码": "CZ9954",
      "价格": "350"
    },
    {
      "出发地": "广州",
      "目的地": "杭州",
      "航班类型": "国内航班",
      "航班日期": "2025-12-19",
      "航班代码": "JD5269",
      "价格": "399"
    },
    {
      "出发地": "广州",
      "目的地": "杭州",
      "航班类型": "国内航班",
      "航班日期": "2025-12-20",
      "航班代码": "GJ8996",
      "价格": "387"
    },
    {
      "出发地": "广州",
      "目的地": "杭州",
      "航班类型": "国内航班",
      "航班日期": "2025-12-21",
      "航班代码": "AQ1005/MU6375",
      "价格": "533"
    },
    {
      "出发地": "广州",
      "目的地": "杭州",
      "航班类型": "国内航班",
      "航班日期": "2025-12-22",
      "航班代码": "HU7361",
      "价格": "320"
    },
    {
      "出发地": "广州",
      "目的地": "杭州",
      "航班类型": "国内航班",
      "航班日期": "2025-12-23",
      "航班代码": "MF8386/NS3306",
      "价格": "400"
    },
    {
      "出发地": "广州",
      "目的地": "杭州",
      "航班类型": "国内航班",
      "航班日期": "2025-12-24",
      "航班代码": "MF8386/NS3306",
      "价格": "400"
    },
    {
      "出发地": "广州",
      "目的地": "杭州",
      "航班类型": "国内航班",
      "航班日期": "2025-12-25",
      "航班代码": "MF8386/NS3306",
      "价格": "400"
    },
    {
      "出发地": "广州",
      "目的地": "杭州",
      "航班类型": "国内航班",
      "航班日期": "2025-12-26",
      "航班代码": "CZ9954",
      "价格": "500"
    },
    {
      "出发地": "广州",
      "目的地": "杭州",
      "航班类型": "国内航班",
      "航班日期": "2025-12-27",
      "航班代码": "MF8386/NS3306",
      "价格": "400"
    },
    {
      "出发地": "广州",
      "目的地": "杭州",
      "航班类型": "国内航班",
      "航班日期": "2025-12-28",
      "航班代码": "MF8386/NS3306",
      "价格": "400"
    },
    {
      "出发地": "广州",
      "目的地": "杭州",
      "航班类型": "国内航班",
      "航班日期": "2025-12-29",
      "航班代码": "MF8386/NS3306",
      "价格": "400"
    },
    {
      "出发地": "广州",
      "目的地": "杭州",
      "航班类型": "国内航班",
      "航班日期": "2025-12-30",
      "航班代码": "AQ1005/MU6375",
      "价格": "593"
    },
    {
      "出发地": "广州",
      "目的地": "杭州",
      "航班类型": "国内航班",
      "航班日期": "2025-12-31",
      "航班代码": "AQ1005/MU6375",
      "价格": "651"
    },
    {
      "出发地": "广州",
      "目的地": "杭州",
      "航班类型": "国内航班",
      "航班日期": "2026-01-01",
      "航班代码": "ZH1798",
      "价格": "460"
    },
    {
      "出发地": "广州",
      "目的地": "杭州",
      "航班类型": "国内航班",
      "航班日期": "2026-01-02",
      "航班代码": "HU7161",
      "价格": "450"
    },
    {
      "出发地": "广州",
      "目的地": "杭州",
      "航班类型": "国内航班",
      "航班日期": "2026-01-03",
      "航班代码": "TV2500",
      "价格": "650"
    },
    {
      "出发地": "广州",
      "目的地": "杭州",
      "航班类型": "国内航班",
      "航班日期": "2026-01-04",
      "航班代码": "MU6991",
      "价格": "499"
    },
    {
      "出发地": "广州",
      "目的地": "杭州",
      "航班类型": "国内航班",
      "航班日期": "2026-01-05",
      "航班代码": "FM9316/MU6375",
      "价格": "419"
    },
    {
      "出发地": "广州",
      "目的地": "杭州",
      "航班类型": "国内航班",
      "航班日期": "2026-01-06",
      "航班代码": "MU5218",
      "价格": "350"
    },
    {
      "出发地": "广州",
      "目的地": "杭州",
      "航班类型": "国内航班",
      "航班日期": "2026-01-07",
      "航班代码": "JD5269",
      "价格": "450"
    },
    {
      "出发地": "广州",
      "目的地": "杭州",
      "航班类型": "国内航班",
      "航班日期": "2026-01-08",
      "航班代码": "JD5269",
      "价格": "450"
    },
    {
      "出发地": "广州",
      "目的地": "杭州",
      "航班类型": "国内航班",
      "航班日期": "2026-01-09",
      "航班代码": "AQ1071",
      "价格": "469"
    },
    {
      "出发地": "广州",
      "目的地": "杭州",
      "航班类型": "国内航班",
      "航班日期": "2026-01-10",
      "航班代码": "GJ8996",
      "价格": "450"
    },
    {
      "出发地": "广州",
      "目的地": "杭州",
      "航班类型": "国内航班",
      "航班日期": "2026-01-11",
      "航班代码": "MU5326/MU6375",
      "价格": "453"
    },
    {
      "出发地": "广州",
      "目的地": "杭州",
      "航班类型": "国内航班",
      "航班日期": "2026-01-12",
      "航班代码": "GJ8996",
      "价格": "450"
    },
    {
      "出发地": "广州",
      "目的地": "杭州",
      "航班类型": "国内航班",
      "航班日期": "2026-01-14",
      "航班代码": "GJ8996",
      "价格": "450"
    },
    {
      "出发地": "广州",
      "目的地": "杭州",
      "航班类型": "国内航班",
      "航班日期": "2026-01-15",
      "航班代码": "GJ8996",
      "价格": "450"
    },
    {
      "出发地": "广州",
      "目的地": "杭州",
      "航班类型": "国内航班",
      "航班日期": "2026-01-16",
      "航班代码": "MU6991",
      "价格": "590"
    },
    {
      "出发地": "广州",
      "目的地": "杭州",
      "航班类型": "国内航班",
      "航班日期": "2026-01-17",
      "航班代码": "AQ1071",
      "价格": "469"
    },
    {
      "出发地": "广州",
      "目的地": "杭州",
      "航班类型": "国内航班",
      "航班日期": "2026-01-18",
      "航班代码": "MU5212",
      "价格": "590"
    },
    {
      "出发地": "广州",
      "目的地": "杭州",
      "航班类型": "国内航班",
      "航班日期": "2026-01-19",
      "航班代码": "AQ1071",
      "价格": "369"
    },
    {
      "出发地": "广州",
      "目的地": "杭州",
      "航班类型": "国内航班",
      "航班日期": "2026-01-20",
      "航班代码": "AQ1071",
      "价格": "399"
    },
    {
      "出发地": "广州",
      "目的地": "杭州",
      "航班类型": "国内航班",
      "航班日期": "2026-01-21",
      "航班代码": "JD5269",
      "价格": "390"
    },
    {
      "出发地": "广州",
      "目的地": "杭州",
      "航班类型": "国内航班",
      "航班日期": "2026-01-22",
      "航班代码": "GJ8996",
      "价格": "450"
    },
    {
      "出发地": "广州",
      "目的地": "杭州",
      "航班类型": "国内航班",
      "航班日期": "2026-01-23",
      "航班代码": "JD5269",
      "价格": "390"
    },
    {
      "出发地": "广州",
      "目的地": "杭州",
      "航班类型": "国内航班",
      "航班日期": "2026-01-24",
      "航班代码": "GJ8996",
      "价格": "450"
    },
    {
      "出发地": "广州",
      "目的地": "杭州",
      "航班类型": "国内航班",
      "航班日期": "2026-01-26",
      "航班代码": "MU5216",
      "价格": "590"
    },
    {
      "出发地": "广州",
      "目的地": "杭州",
      "航班类型": "国内航班",
      "航班日期": "2026-01-27",
      "航班代码": "AQ1071",
      "价格": "369"
    },
    {
      "出发地": "广州",
      "目的地": "杭州",
      "航班类型": "国内航班",
      "航班日期": "2026-01-28",
      "航班代码": "AQ1071",
      "价格": "369"
    },
    {
      "出发地": "广州",
      "目的地": "杭州",
      "航班类型": "国内航班",
      "航班日期": "2026-01-30",
      "航班代码": "AQ1071",
      "价格": "469"
    },
    {
      "出发地": "广州",
      "目的地": "杭州",
      "航班类型": "国内航班",
      "航班日期": "2026-01-31",
      "航班代码": "3U4870",
      "价格": "550"
    },
    {
      "出发地": "广州",
      "目的地": "杭州",
      "航班类型": "国内航班",
      "航班日期": "2026-02-01",
      "航班代码": "3U4870",
      "价格": "550"
    },
    {
      "出发地": "广州",
      "目的地": "杭州",
      "航班类型": "国内航班",
      "航班日期": "2026-02-02",
      "航班代码": "GJ3862",
      "价格": "490"
    },
    {
      "出发地": "广州",
      "目的地": "杭州",
      "航班类型": "国内航班",
      "航班日期": "2026-02-03",
      "航班代码": "3U4870",
      "价格": "550"
    },
    {
      "出发地": "广州",
      "目的地": "杭州",
      "航班类型": "国内航班",
      "航班日期": "2026-02-04",
      "航班代码": "3U4870",
      "价格": "550"
    },
    {
      "出发地": "广州",
      "目的地": "杭州",
      "航班类型": "国内航班",
      "航班日期": "2026-02-05",
      "航班代码": "3U4870",
      "价格": "550"
    },
    {
      "出发地": "广州",
      "目的地": "杭州",
      "航班类型": "国内航班",
      "航班日期": "2026-02-06",
      "航班代码": "JD5269",
      "价格": "560"
    },
    {
      "出发地": "广州",
      "目的地": "杭州",
      "航班类型": "国内航班",
      "航班日期": "2026-02-07",
      "航班代码": "JD5269",
      "价格": "560"
    },
    {
      "出发地": "广州",
      "目的地": "杭州",
      "航班类型": "国内航班",
      "航班日期": "2026-02-08",
      "航班代码": "JD5269",
      "价格": "560"
    },
    {
      "出发地": "广州",
      "目的地": "杭州",
      "航班类型": "国内航班",
      "航班日期": "2026-02-09",
      "航班代码": "JD5269",
      "价格": "560"
    },
    {
      "出发地": "广州",
      "目的地": "杭州",
      "航班类型": "国内航班",
      "航班日期": "2026-02-10",
      "航班代码": "JD5269",
      "价格": "560"
    },
    {
      "出发地": "广州",
      "目的地": "杭州",
      "航班类型": "国内航班",
      "航班日期": "2026-02-11",
      "航班代码": "3U4870",
      "价格": "650"
    },
    {
      "出发地": "广州",
      "目的地": "杭州",
      "航班类型": "国内航班",
      "航班日期": "2026-02-13",
      "航班代码": "MU5218",
      "价格": "740"
    },
    {
      "出发地": "广州",
      "目的地": "杭州",
      "航班类型": "国内航班",
      "航班日期": "2026-02-16",
      "航班代码": "MU5218",
      "价格": "590"
    },
    {
      "出发地": "广州",
      "目的地": "杭州",
      "航班类型": "国内航班",
      "航班日期": "2026-02-17",
      "航班代码": "GJ8996",
      "价格": "450"
    },
    {
      "出发地": "广州",
      "目的地": "杭州",
      "航班类型": "国内航班",
      "航班日期": "2026-02-18",
      "航班代码": "AQ1071",
      "价格": "469"
    },
    {
      "出发地": "广州",
      "目的地": "杭州",
      "航班类型": "国内航班",
      "航班日期": "2026-02-19",
      "航班代码": "JD5269",
      "价格": "560"
    },
    {
      "出发地": "广州",
      "目的地": "杭州",
      "航班类型": "国内航班",
      "航班日期": "2026-02-20",
      "航班代码": "HU7361",
      "价格": "820"
    },
    {
      "出发地": "广州",
      "目的地": "杭州",
      "航班类型": "国内航班",
      "航班日期": "2026-02-21",
      "航班代码": "MF2295",
      "价格": "960"
    },
    {
      "出发地": "广州",
      "目的地": "杭州",
      "航班类型": "国内航班",
      "航班日期": "2026-02-22",
      "航班代码": "CZ3894/CZ6417",
      "价格": "1270"
    },
    {
      "出发地": "广州",
      "目的地": "杭州",
      "航班类型": "国内航班",
      "航班日期": "2026-02-23",
      "航班代码": "CZ3894/9C6353",
      "价格": "1373"
    },
    {
      "出发地": "广州",
      "目的地": "杭州",
      "航班类型": "国内航班",
      "航班日期": "2026-02-28",
      "航班代码": "JD5269",
      "价格": "650"
    },
    {
      "出发地": "广州",
      "目的地": "杭州",
      "航班类型": "国内航班",
      "航班日期": "2026-03-11",
      "航班代码": "JD5269",
      "价格": "560"
    },
    {
      "出发地": "广州",
      "目的地": "杭州",
      "航班类型": "国内航班",
      "航班日期": "2026-03-12",
      "航班代码": "JD5269",
      "价格": "560"
    },
    {
      "出发地": "广州",
      "目的地": "杭州",
      "航班类型": "国内航班",
      "航班日期": "2026-06-21",
      "航班代码": "MU5216",
      "价格": "1200"
    },
    {
      "出发地": "广州",
      "目的地": "杭州",
      "航班类型": "国内航班",
      "航班日期": "2026-06-22",
      "航班代码": "MU5216",
      "价格": "1200"
    }
  ]
}