{
  "查询条件": {
    "出发地": "广州",
    "目的地": "福州"
  },
  "航班数量": 23,
  "航班列表": [
    {
      "出发地": "广州",
      "目的地": "福州",
      "航班类型": "国内航班",
      "航班日期": "2025-12-16",
      "航班代码": "HU7241/HU7263",
      "价格": "589"
    },
    {
      "出发地": "广州",
      "目的地": "福州",
      "航班类型": "国内航班",
      "航班日期": "2025-12-17",
      "航班代码": "MU6733/EU1962",
      "价格": "572"
    },
    {
      "出发地": "广州",
      "目的地": "福州",
      "航班类型": "国内航班",
      "航班日期": "2025-12-18",
      "航班代码": "CZ3647",
      "价格": "350"
    },
    {
      "出发地": "广州",
      "目的地": "福州",
      "航班类型": "国内航班",
      "航班日期": "2025-12-19",
      "航班代码": "CZ3367/EU1964",
      "价格": "536"
    },
    {
      "出发地": "广州",
      "目的地": "福州",
      "航班类型": "国内航班",
      "航班日期": "2025-12-20",
      "航班代码": "MU6733/MU2499",
      "价格": "540"
    },
    {
      "出发地": "广州",
      "目的地": "福州",
      "航班类型": "国内航班",
      "航班日期": "2025-12-21",
      "航班代码": "9C8930/HO1113",
      "价格": "627"
    },
    {
      "出发地": "广州",
      "目的地": "福州",
      "航班类型": "国内航班",
      "航班日期": "2025-12-24",
      "航班代码": "CZ8779",
      "价格": "380"
    },
    {
      "出发地": "广州",
      "目的地": "福州",
      "航班类型": "国内航班",
      "航班日期": "2025-12-25",
      "航班代码": "CZ8779",
      "价格": "300"
    },
    {
      "出发地": "广州",
      "目的地": "福州",
      "航班类型": "国内航班",
      "航班日期": "2025-12-26",
      "航班代码": "AQ1005/HO1113",
      "价格": "565"
    },
    {
      "出发地": "广州",
      "目的地": "福州",
      "航班类型": "国内航班",
      "航班日期": "2025-12-27",
      "航班代码": "CZ8779",
      "价格": "380"
    },
    {
      "出发地": "广州",
      "目的地": "福州",
      "航班类型": "国内航班",
      "航班日期": "2025-12-28",
      "航班代码": "CZ3877",
      "价格": "500"
    },
    {
      "出发地": "广州",
      "目的地": "福州",
      "航班类型": "国内航班",
      "航班日期": "2025-12-29",
      "航班代码": "3U1437",
      "价格": "530"
    },
    {
      "出发地": "广州",
      "目的地": "福州",
      "航班类型": "国内航班",
      "航班日期": "2025-12-30",
      "航班代码": "MU9768/MU2707",
      "价格": "610"
    },
    {
      "出发地": "广州",
      "目的地": "福州",
      "航班类型": "国内航班",
      "航班日期": "2025-12-31",
      "航班代码": "3U1437",
      "价格": "650"
    },
    {
      "出发地": "广州",
      "目的地": "福州",
      "航班类型": "国内航班",
      "航班日期": "2026-01-01",
      "航班代码": "MU9768/MU2707",
      "价格": "559"
    },
    {
      "出发地": "广州",
      "目的地": "福州",
      "航班类型": "国内航班",
      "航班日期": "2026-01-29",
      "航班代码": "AQ1005/MU5531",
      "价格": "667"
    },
    {
      "出发地": "广州",
      "目的地": "福州",
      "航班类型": "国内航班",
      "航班日期": "2026-01-31",
      "航班代码": "CA8582/MU5531",
      "价格": "749"
    },
    {
      "出发地": "广州",
      "目的地": "福州",
      "航班类型": "国内航班",
      "航班日期": "2026-02-01",
      "航班代码": "9C8930/MU5531",
      "价格": "714"
    },
    {
      "出发地": "广州",
      "目的地": "福州",
      "航班类型": "国内航班",
      "航班日期": "2026-02-09",
      "航班代码": "MF4448",
      "价格": "1320"
    },
    {
      "出发地": "广州",
      "目的地": "福州",
      "航班类型": "国内航班",
      "航班日期": "2026-02-10",
      "航班代码": "9C8932/MU5531",
      "价格": "1362"
    },
    {
      "出发地": "广州",
      "目的地": "福州",
      "航班类型": "国内航班",
      "航班日期": "2026-02-13",
      "航班代码": "9C8930/MU5531",
      "价格": "1401"
    },
    {
      "出发地": "广州",
      "目的地": "福州",
      "航班类型": "国内航班",
      "航班日期": "2026-02-16",
      "航班代码": "MF4448",
      "价格": "830"
    },
    {
      "出发地": "广州",
      "目的地": "福州",
      "航班类型": "国内航班",
      "航班日期": "2026-02-17",
      "航班代码": "3U1437",
      "价格": "750"
    }
  ]
}