{
  "查询条件": {
    "出发地": "广州",
    "目的地": "乌鲁木齐"
  },
  "航班数量": 87,
  "航班列表": [
    {
      "出发地": "广州",
      "目的地": "乌鲁木齐",
      "航班类型": "国内航班",
      "航班日期": "2025-12-16",
      "航班代码": "CA4327/CA4201",
      "价格": "594"
    },
    {
      "出发地": "广州",
      "目的地": "乌鲁木齐",
      "航班类型": "国内航班",
      "航班日期": "2025-12-17",
      "航班代码": "CZ6411/GJ8652",
      "价格": "559"
    },
    {
      "出发地": "广州",
      "目的地": "乌鲁木齐",
      "航班类型": "国内航班",
      "航班日期": "2025-12-18",
      "航班代码": "CA4327/CA4209",
      "价格": "594"
    },
    {
      "出发地": "广州",
      "目的地": "乌鲁木齐",
      "航班类型": "国内航班",
      "航班日期": "2025-12-19",
      "航班代码": "CA4320/CA2527",
      "价格": "594"
    },
    {
      "出发地": "广州",
      "目的地": "乌鲁木齐",
      "航班类型": "国内航班",
      "航班日期": "2025-12-20",
      "航班代码": "CA4327/CA4201",
      "价格": "594"
    },
    {
      "出发地": "广州",
      "目的地": "乌鲁木齐",
      "航班类型": "国内航班",
      "航班日期": "2025-12-21",
      "航班代码": "CA4594/CA1781",
      "价格": "594"
    },
    {
      "出发地": "广州",
      "目的地": "乌鲁木齐",
      "航班类型": "国内航班",
      "航班日期": "2025-12-22",
      "航班代码": "3U6704/3U6511",
      "价格": "599"
    },
    {
      "出发地": "广州",
      "目的地": "乌鲁木齐",
      "航班类型": "国内航班",
      "航班日期": "2025-12-23",
      "航班代码": "3U6702/3U6511",
      "价格": "598"
    },
    {
      "出发地": "广州",
      "目的地": "乌鲁木齐",
      "航班类型": "国内航班",
      "航班日期": "2025-12-24",
      "航班代码": "3U6704/3U6511",
      "价格": "612"
    },
    {
      "出发地": "广州",
      "目的地": "乌鲁木齐",
      "航班类型": "国内航班",
      "航班日期": "2025-12-25",
      "航班代码": "3U6704/3U6511",
      "价格": "599"
    },
    {
      "出发地": "广州",
      "目的地": "乌鲁木齐",
      "航班类型": "国内航班",
      "航班日期": "2025-12-26",
      "航班代码": "HU7113/UQ2590",
      "价格": "660"
    },
    {
      "出发地": "广州",
      "目的地": "乌鲁木齐",
      "航班类型": "国内航班",
      "航班日期": "2025-12-27",
      "航班代码": "HU7313/UQ2590",
      "价格": "660"
    },
    {
      "出发地": "广州",
      "目的地": "乌鲁木齐",
      "航班类型": "国内航班",
      "航班日期": "2025-12-28",
      "航班代码": "CA4310/CA2527",
      "价格": "600"
    },
    {
      "出发地": "广州",
      "目的地": "乌鲁木齐",
      "航班类型": "国内航班",
      "航班日期": "2025-12-29",
      "航班代码": "CA4320/CA2505",
      "价格": "594"
    },
    {
      "出发地": "广州",
      "目的地": "乌鲁木齐",
      "航班类型": "国内航班",
      "航班日期": "2025-12-30",
      "航班代码": "HU7461/HU7868",
      "价格": "680"
    },
    {
      "出发地": "广州",
      "目的地": "乌鲁木齐",
      "航班类型": "国内航班",
      "航班日期": "2025-12-31",
      "航班代码": "SC9195/SC8707",
      "价格": "800"
    },
    {
      "出发地": "广州",
      "目的地": "乌鲁木齐",
      "航班类型": "国内航班",
      "航班日期": "2026-01-01",
      "航班代码": "PN6206/PN6497",
      "价格": "670"
    },
    {
      "出发地": "广州",
      "目的地": "乌鲁木齐",
      "航班类型": "国内航班",
      "航班日期": "2026-01-02",
      "航班代码": "CA1386/CA1253",
      "价格": "799"
    },
    {
      "出发地": "广州",
      "目的地": "乌鲁木齐",
      "航班类型": "国内航班",
      "航班日期": "2026-01-03",
      "航班代码": "PN6206/PN6497",
      "价格": "785"
    },
    {
      "出发地": "广州",
      "目的地": "乌鲁木齐",
      "航班类型": "国内航班",
      "航班日期": "2026-01-04",
      "航班代码": "AQ1165",
      "价格": "730"
    },
    {
      "出发地": "广州",
      "目的地": "乌鲁木齐",
      "航班类型": "国内航班",
      "航班日期": "2026-01-05",
      "航班代码": "PN6206/PN6269",
      "价格": "678"
    },
    {
      "出发地": "广州",
      "目的地": "乌鲁木齐",
      "航班类型": "国内航班",
      "航班日期": "2026-01-06",
      "航班代码": "MU6832/MU8553",
      "价格": "788"
    },
    {
      "出发地": "广州",
      "目的地": "乌鲁木齐",
      "航班类型": "国内航班",
      "航班日期": "2026-01-07",
      "航班代码": "AQ1165",
      "价格": "737"
    },
    {
      "出发地": "广州",
      "目的地": "乌鲁木齐",
      "航班类型": "国内航班",
      "航班日期": "2026-01-08",
      "航班代码": "PN6206/PN6497",
      "价格": "760"
    },
    {
      "出发地": "广州",
      "目的地": "乌鲁木齐",
      "航班类型": "国内航班",
      "航班日期": "2026-01-09",
      "航班代码": "AQ1165",
      "价格": "719"
    },
    {
      "出发地": "广州",
      "目的地": "乌鲁木齐",
      "航班类型": "国内航班",
      "航班日期": "2026-01-10",
      "航班代码": "ZH8941/GJ8697",
      "价格": "685"
    },
    {
      "出发地": "广州",
      "目的地": "乌鲁木齐",
      "航班类型": "国内航班",
      "航班日期": "2026-01-11",
      "航班代码": "PN6206/PN6497",
      "价格": "770"
    },
    {
      "出发地": "广州",
      "目的地": "乌鲁木齐",
      "航班类型": "国内航班",
      "航班日期": "2026-01-12",
      "航班代码": "MU2302/MU2251",
      "价格": "800"
    },
    {
      "出发地": "广州",
      "目的地": "乌鲁木齐",
      "航班类型": "国内航班",
      "航班日期": "2026-01-13",
      "航班代码": "CZ3269/GJ6018",
      "价格": "750"
    },
    {
      "出发地": "广州",
      "目的地": "乌鲁木齐",
      "航班类型": "国内航班",
      "航班日期": "2026-01-14",
      "航班代码": "PN6206/PN6269",
      "价格": "730"
    },
    {
      "出发地": "广州",
      "目的地": "乌鲁木齐",
      "航班类型": "国内航班",
      "航班日期": "2026-01-15",
      "航班代码": "PN6206/PN6261",
      "价格": "780"
    },
    {
      "出发地": "广州",
      "目的地": "乌鲁木齐",
      "航班类型": "国内航班",
      "航班日期": "2026-01-16",
      "航班代码": "CA1316/CA781",
      "价格": "811"
    },
    {
      "出发地": "广州",
      "目的地": "乌鲁木齐",
      "航班类型": "国内航班",
      "航班日期": "2026-01-17",
      "航班代码": "SC1172/SC8709",
      "价格": "889"
    },
    {
      "出发地": "广州",
      "目的地": "乌鲁木齐",
      "航班类型": "国内航班",
      "航班日期": "2026-01-18",
      "航班代码": "SC9607/SC2185",
      "价格": "800"
    },
    {
      "出发地": "广州",
      "目的地": "乌鲁木齐",
      "航班类型": "国内航班",
      "航班日期": "2026-01-19",
      "航班代码": "AQ1101/GS7592",
      "价格": "891"
    },
    {
      "出发地": "广州",
      "目的地": "乌鲁木齐",
      "航班类型": "国内航班",
      "航班日期": "2026-01-20",
      "航班代码": "SC1172/SC8707",
      "价格": "903"
    },
    {
      "出发地": "广州",
      "目的地": "乌鲁木齐",
      "航班类型": "国内航班",
      "航班日期": "2026-01-21",
      "航班代码": "ZH8941/GJ6018",
      "价格": "959"
    },
    {
      "出发地": "广州",
      "目的地": "乌鲁木齐",
      "航班类型": "国内航班",
      "航班日期": "2026-01-22",
      "航班代码": "AQ1061",
      "价格": "809"
    },
    {
      "出发地": "广州",
      "目的地": "乌鲁木齐",
      "航班类型": "国内航班",
      "航班日期": "2026-01-23",
      "航班代码": "SC9607/SC2185",
      "价格": "815"
    },
    {
      "出发地": "广州",
      "目的地": "乌鲁木齐",
      "航班类型": "国内航班",
      "航班日期": "2026-01-24",
      "航班代码": "JD5227/GS7594",
      "价格": "959"
    },
    {
      "出发地": "广州",
      "目的地": "乌鲁木齐",
      "航班类型": "国内航班",
      "航班日期": "2026-01-25",
      "航班代码": "AQ1165",
      "价格": "809"
    },
    {
      "出发地": "广州",
      "目的地": "乌鲁木齐",
      "航班类型": "国内航班",
      "航班日期": "2026-01-26",
      "航班代码": "AQ1165",
      "价格": "823"
    },
    {
      "出发地": "广州",
      "目的地": "乌鲁木齐",
      "航班类型": "国内航班",
      "航班日期": "2026-01-27",
      "航班代码": "AQ1061",
      "价格": "809"
    },
    {
      "出发地": "广州",
      "目的地": "乌鲁木齐",
      "航班类型": "国内航班",
      "航班日期": "2026-01-28",
      "航班代码": "AQ1165",
      "价格": "822"
    },
    {
      "出发地": "广州",
      "目的地": "乌鲁木齐",
      "航班类型": "国内航班",
      "航班日期": "2026-01-29",
      "航班代码": "AQ1061",
      "价格": "994"
    },
    {
      "出发地": "广州",
      "目的地": "乌鲁木齐",
      "航班类型": "国内航班",
      "航班日期": "2026-01-30",
      "航班代码": "AQ1165",
      "价格": "992"
    },
    {
      "出发地": "广州",
      "目的地": "乌鲁木齐",
      "航班类型": "国内航班",
      "航班日期": "2026-01-31",
      "航班代码": "MU6832/MU8553",
      "价格": "1250"
    },
    {
      "出发地": "广州",
      "目的地": "乌鲁木齐",
      "航班类型": "国内航班",
      "航班日期": "2026-02-01",
      "航班代码": "JD5161/UQ2574",
      "价格": "1210"
    },
    {
      "出发地": "广州",
      "目的地": "乌鲁木齐",
      "航班类型": "国内航班",
      "航班日期": "2026-02-02",
      "航班代码": "MF1366",
      "价格": "1440"
    },
    {
      "出发地": "广州",
      "目的地": "乌鲁木齐",
      "航班类型": "国内航班",
      "航班日期": "2026-02-03",
      "航班代码": "AQ1061",
      "价格": "1209"
    },
    {
      "出发地": "广州",
      "目的地": "乌鲁木齐",
      "航班类型": "国内航班",
      "航班日期": "2026-02-04",
      "航班代码": "3U1886",
      "价格": "1401"
    },
    {
      "出发地": "广州",
      "目的地": "乌鲁木齐",
      "航班类型": "国内航班",
      "航班日期": "2026-02-05",
      "航班代码": "3U1886",
      "价格": "1540"
    },
    {
      "出发地": "广州",
      "目的地": "乌鲁木齐",
      "航班类型": "国内航班",
      "航班日期": "2026-02-06",
      "航班代码": "MF1372",
      "价格": "1540"
    },
    {
      "出发地": "广州",
      "目的地": "乌鲁木齐",
      "航班类型": "国内航班",
      "航班日期": "2026-02-07",
      "航班代码": "AQ1061",
      "价格": "1319"
    },
    {
      "出发地": "广州",
      "目的地": "乌鲁木齐",
      "航班类型": "国内航班",
      "航班日期": "2026-02-08",
      "航班代码": "MF1372",
      "价格": "1540"
    },
    {
      "出发地": "广州",
      "目的地": "乌鲁木齐",
      "航班类型": "国内航班",
      "航班日期": "2026-02-09",
      "航班代码": "3U1886",
      "价格": "1540"
    },
    {
      "出发地": "广州",
      "目的地": "乌鲁木齐",
      "航班类型": "国内航班",
      "航班日期": "2026-02-10",
      "航班代码": "HU7223",
      "价格": "1656"
    },
    {
      "出发地": "广州",
      "目的地": "乌鲁木齐",
      "航班类型": "国内航班",
      "航班日期": "2026-02-11",
      "航班代码": "3U1896",
      "价格": "1749"
    },
    {
      "出发地": "广州",
      "目的地": "乌鲁木齐",
      "航班类型": "国内航班",
      "航班日期": "2026-02-12",
      "航班代码": "9C7395/UQ2522",
      "价格": "2177"
    },
    {
      "出发地": "广州",
      "目的地": "乌鲁木齐",
      "航班类型": "国内航班",
      "航班日期": "2026-02-13",
      "航班代码": "MF1366",
      "价格": "1920"
    },
    {
      "出发地": "广州",
      "目的地": "乌鲁木齐",
      "航班类型": "国内航班",
      "航班日期": "2026-02-14",
      "航班代码": "AQ1061",
      "价格": "1659"
    },
    {
      "出发地": "广州",
      "目的地": "乌鲁木齐",
      "航班类型": "国内航班",
      "航班日期": "2026-02-15",
      "航班代码": "3U1886",
      "价格": "1730"
    },
    {
      "出发地": "广州",
      "目的地": "乌鲁木齐",
      "航班类型": "国内航班",
      "航班日期": "2026-02-16",
      "航班代码": "CA4304/FM9545",
      "价格": "1317"
    },
    {
      "出发地": "广州",
      "目的地": "乌鲁木齐",
      "航班类型": "国内航班",
      "航班日期": "2026-02-17",
      "航班代码": "HU7351/FM9545",
      "价格": "1277"
    },
    {
      "出发地": "广州",
      "目的地": "乌鲁木齐",
      "航班类型": "国内航班",
      "航班日期": "2026-02-18",
      "航班代码": "9C7395/UQ2566",
      "价格": "1327"
    },
    {
      "出发地": "广州",
      "目的地": "乌鲁木齐",
      "航班类型": "国内航班",
      "航班日期": "2026-02-19",
      "航班代码": "MF4877",
      "价格": "1390"
    },
    {
      "出发地": "广州",
      "目的地": "乌鲁木齐",
      "航班类型": "国内航班",
      "航班日期": "2026-02-20",
      "航班代码": "FM9310/FM9223",
      "价格": "1865"
    },
    {
      "出发地": "广州",
      "目的地": "乌鲁木齐",
      "航班类型": "国内航班",
      "航班日期": "2026-02-21",
      "航班代码": "CA2804/CA2809",
      "价格": "1411"
    },
    {
      "出发地": "广州",
      "目的地": "乌鲁木齐",
      "航班类型": "国内航班",
      "航班日期": "2026-02-22",
      "航班代码": "HU7223",
      "价格": "1640"
    },
    {
      "出发地": "广州",
      "目的地": "乌鲁木齐",
      "航班类型": "国内航班",
      "航班日期": "2026-02-23",
      "航班代码": "3U1886",
      "价格": "1730"
    },
    {
      "出发地": "广州",
      "目的地": "乌鲁木齐",
      "航班类型": "国内航班",
      "航班日期": "2026-02-24",
      "航班代码": "9C7395/HU7852",
      "价格": "2740"
    },
    {
      "出发地": "广州",
      "目的地": "乌鲁木齐",
      "航班类型": "国内航班",
      "航班日期": "2026-02-25",
      "航班代码": "3U1886",
      "价格": "1540"
    },
    {
      "出发地": "广州",
      "目的地": "乌鲁木齐",
      "航班类型": "国内航班",
      "航班日期": "2026-02-26",
      "航班代码": "3U1886",
      "价格": "1540"
    },
    {
      "出发地": "广州",
      "目的地": "乌鲁木齐",
      "航班类型": "国内航班",
      "航班日期": "2026-02-27",
      "航班代码": "CA4342/CA4255",
      "价格": "1500"
    },
    {
      "出发地": "广州",
      "目的地": "乌鲁木齐",
      "航班类型": "国内航班",
      "航班日期": "2026-02-28",
      "航班代码": "AQ1061",
      "价格": "1319"
    },
    {
      "出发地": "广州",
      "目的地": "乌鲁木齐",
      "航班类型": "国内航班",
      "航班日期": "2026-03-01",
      "航班代码": "CA4594/CA1781",
      "价格": "1300"
    },
    {
      "出发地": "广州",
      "目的地": "乌鲁木齐",
      "航班类型": "国内航班",
      "航班日期": "2026-03-18",
      "航班代码": "HO1852/HO1255",
      "价格": "910"
    },
    {
      "出发地": "广州",
      "目的地": "乌鲁木齐",
      "航班类型": "国内航班",
      "航班日期": "2026-03-19",
      "航班代码": "GJ6031/UQ2522",
      "价格": "1132"
    },
    {
      "出发地": "广州",
      "目的地": "乌鲁木齐",
      "航班类型": "国内航班",
      "航班日期": "2026-03-20",
      "航班代码": "HO1852/HO1255",
      "价格": "912"
    },
    {
      "出发地": "广州",
      "目的地": "乌鲁木齐",
      "航班类型": "国内航班",
      "航班日期": "2026-03-24",
      "航班代码": "MU2306/UQ2566",
      "价格": "1124"
    },
    {
      "出发地": "广州",
      "目的地": "乌鲁木齐",
      "航班类型": "国内航班",
      "航班日期": "2026-04-30",
      "航班代码": "MU5288/MU6467",
      "价格": "3072"
    },
    {
      "出发地": "广州",
      "目的地": "乌鲁木齐",
      "航班类型": "国内航班",
      "航班日期": "2026-05-05",
      "航班代码": "MU5288/MU6467",
      "价格": "3089"
    },
    {
      "出发地": "广州",
      "目的地": "乌鲁木齐",
      "航班类型": "国内航班",
      "航班日期": "2026-06-16",
      "航班代码": "MU5288/MU6467",
      "价格": "3130"
    },
    {
      "出发地": "广州",
      "目的地": "乌鲁木齐",
      "航班类型": "国内航班",
      "航班日期": "2026-06-26",
      "航班代码": "MU5288/MU6467",
      "价格": "3130"
    },
    {
      "出发地": "广州",
      "目的地": "乌鲁木齐",
      "航班类型": "国内航班",
      "航班日期": "2026-07-03",
      "航班代码": "MU5288/MU6467",
      "价格": "3130"
    },
    {
      "出发地": "广州",
      "目的地": "乌鲁木齐",
      "航班类型": "国内航班",
      "航班日期": "2026-07-17",
      "航班代码": "CA4370",
      "价格": "3240"
    },
    {
      "出发地": "广州",
      "目的地": "乌鲁木齐",
      "航班类型": "国内航班",
      "航班日期": "2026-09-30",
      "航班代码": "MU2306/9C7371",
      "价格": "2360"
    }
  ]
}