{
  "查询条件": {
    "出发地": "广州",
    "目的地": "济南"
  },
  "航班数量": 54,
  "航班列表": [
    {
      "出发地": "广州",
      "目的地": "济南",
      "航班类型": "国内航班",
      "航班日期": "2025-12-16",
      "航班代码": "MF8306/MF8519",
      "价格": "480"
    },
    {
      "出发地": "广州",
      "目的地": "济南",
      "航班类型": "国内航班",
      "航班日期": "2025-12-17",
      "航班代码": "PN6206/PN6327",
      "价格": "490"
    },
    {
      "出发地": "广州",
      "目的地": "济南",
      "航班类型": "国内航班",
      "航班日期": "2025-12-18",
      "航班代码": "MU6733/MU6314",
      "价格": "376"
    },
    {
      "出发地": "广州",
      "目的地": "济南",
      "航班类型": "国内航班",
      "航班日期": "2025-12-19",
      "航班代码": "MU6733/MU2641",
      "价格": "490"
    },
    {
      "出发地": "广州",
      "目的地": "济南",
      "航班类型": "国内航班",
      "航班日期": "2025-12-20",
      "航班代码": "MU6733/MU2641",
      "价格": "488"
    },
    {
      "出发地": "广州",
      "目的地": "济南",
      "航班类型": "国内航班",
      "航班日期": "2025-12-21",
      "航班代码": "MU6733/MU2641",
      "价格": "503"
    },
    {
      "出发地": "广州",
      "目的地": "济南",
      "航班类型": "国内航班",
      "航班日期": "2025-12-22",
      "航班代码": "MU6733/MU2641",
      "价格": "402"
    },
    {
      "出发地": "广州",
      "目的地": "济南",
      "航班类型": "国内航班",
      "航班日期": "2025-12-23",
      "航班代码": "MU6733/MU6314",
      "价格": "377"
    },
    {
      "出发地": "广州",
      "目的地": "济南",
      "航班类型": "国内航班",
      "航班日期": "2025-12-25",
      "航班代码": "MU5318/MU5533",
      "价格": "490"
    },
    {
      "出发地": "广州",
      "目的地": "济南",
      "航班类型": "国内航班",
      "航班日期": "2025-12-26",
      "航班代码": "MU2220/MU6500",
      "价格": "440"
    },
    {
      "出发地": "广州",
      "目的地": "济南",
      "航班类型": "国内航班",
      "航班日期": "2025-12-27",
      "航班代码": "MU9200/MU5571",
      "价格": "485"
    },
    {
      "出发地": "广州",
      "目的地": "济南",
      "航班类型": "国内航班",
      "航班日期": "2025-12-28",
      "航班代码": "FM9316/MU5577",
      "价格": "494"
    },
    {
      "出发地": "广州",
      "目的地": "济南",
      "航班类型": "国内航班",
      "航班日期": "2025-12-29",
      "航班代码": "MU6733/MU6314",
      "价格": "377"
    },
    {
      "出发地": "广州",
      "目的地": "济南",
      "航班类型": "国内航班",
      "航班日期": "2025-12-30",
      "航班代码": "MU5316/MU5533",
      "价格": "632"
    },
    {
      "出发地": "广州",
      "目的地": "济南",
      "航班类型": "国内航班",
      "航班日期": "2025-12-31",
      "航班代码": "AQ1131/3U3560",
      "价格": "739"
    },
    {
      "出发地": "广州",
      "目的地": "济南",
      "航班类型": "国内航班",
      "航班日期": "2026-01-01",
      "航班代码": "MU5314/MU5571",
      "价格": "490"
    },
    {
      "出发地": "广州",
      "目的地": "济南",
      "航班类型": "国内航班",
      "航班日期": "2026-01-02",
      "航班代码": "MU2302/MU9919",
      "价格": "530"
    },
    {
      "出发地": "广州",
      "目的地": "济南",
      "航班类型": "国内航班",
      "航班日期": "2026-01-03",
      "航班代码": "CA4310/CA2639",
      "价格": "599"
    },
    {
      "出发地": "广州",
      "目的地": "济南",
      "航班类型": "国内航班",
      "航班日期": "2026-01-04",
      "航班代码": "CA4612",
      "价格": "500"
    },
    {
      "出发地": "广州",
      "目的地": "济南",
      "航班类型": "国内航班",
      "航班日期": "2026-01-05",
      "航班代码": "MU9200/MU5571",
      "价格": "400"
    },
    {
      "出发地": "广州",
      "目的地": "济南",
      "航班类型": "国内航班",
      "航班日期": "2026-01-06",
      "航班代码": "9C8930/MU5533",
      "价格": "833"
    },
    {
      "出发地": "广州",
      "目的地": "济南",
      "航班类型": "国内航班",
      "航班日期": "2026-01-07",
      "航班代码": "PN6206/PN6327",
      "价格": "560"
    },
    {
      "出发地": "广州",
      "目的地": "济南",
      "航班类型": "国内航班",
      "航班日期": "2026-01-08",
      "航班代码": "CA4612",
      "价格": "600"
    },
    {
      "出发地": "广州",
      "目的地": "济南",
      "航班类型": "国内航班",
      "航班日期": "2026-01-09",
      "航班代码": "MU5326/MU5571",
      "价格": "508"
    },
    {
      "出发地": "广州",
      "目的地": "济南",
      "航班类型": "国内航班",
      "航班日期": "2026-01-10",
      "航班代码": "FM9320/MU5571",
      "价格": "759"
    },
    {
      "出发地": "广州",
      "目的地": "济南",
      "航班类型": "国内航班",
      "航班日期": "2026-01-11",
      "航班代码": "MU5260",
      "价格": "900"
    },
    {
      "出发地": "广州",
      "目的地": "济南",
      "航班类型": "国内航班",
      "航班日期": "2026-01-13",
      "航班代码": "AQ1101/SC8802",
      "价格": "859"
    },
    {
      "出发地": "广州",
      "目的地": "济南",
      "航班类型": "国内航班",
      "航班日期": "2026-01-14",
      "航班代码": "MU5740/KY8201",
      "价格": "1135"
    },
    {
      "出发地": "广州",
      "目的地": "济南",
      "航班类型": "国内航班",
      "航班日期": "2026-01-15",
      "航班代码": "AQ1005/MU5533",
      "价格": "543"
    },
    {
      "出发地": "广州",
      "目的地": "济南",
      "航班类型": "国内航班",
      "航班日期": "2026-01-16",
      "航班代码": "AQ1005/MU5571",
      "价格": "789"
    },
    {
      "出发地": "广州",
      "目的地": "济南",
      "航班类型": "国内航班",
      "航班日期": "2026-01-20",
      "航班代码": "KY8282/KY8201",
      "价格": "1260"
    },
    {
      "出发地": "广州",
      "目的地": "济南",
      "航班类型": "国内航班",
      "航班日期": "2026-01-21",
      "航班代码": "MU5260",
      "价格": "900"
    },
    {
      "出发地": "广州",
      "目的地": "济南",
      "航班类型": "国内航班",
      "航班日期": "2026-01-23",
      "航班代码": "AQ1005/MU5571",
      "价格": "614"
    },
    {
      "出发地": "广州",
      "目的地": "济南",
      "航班类型": "国内航班",
      "航班日期": "2026-01-24",
      "航班代码": "AQ1005/MU5533",
      "价格": "604"
    },
    {
      "出发地": "广州",
      "目的地": "济南",
      "航班类型": "国内航班",
      "航班日期": "2026-01-25",
      "航班代码": "MU6575",
      "价格": "900"
    },
    {
      "出发地": "广州",
      "目的地": "济南",
      "航班类型": "国内航班",
      "航班日期": "2026-01-27",
      "航班代码": "MU5795/SC8804",
      "价格": "999"
    },
    {
      "出发地": "广州",
      "目的地": "济南",
      "航班类型": "国内航班",
      "航班日期": "2026-01-28",
      "航班代码": "AQ1005/MU5533",
      "价格": "684"
    },
    {
      "出发地": "广州",
      "目的地": "济南",
      "航班类型": "国内航班",
      "航班日期": "2026-01-29",
      "航班代码": "AQ1005/MU5533",
      "价格": "686"
    },
    {
      "出发地": "广州",
      "目的地": "济南",
      "航班类型": "国内航班",
      "航班日期": "2026-01-30",
      "航班代码": "CA8566/MU5533",
      "价格": "645"
    },
    {
      "出发地": "广州",
      "目的地": "济南",
      "航班类型": "国内航班",
      "航班日期": "2026-01-31",
      "航班代码": "9C6722/MU5533",
      "价格": "868"
    },
    {
      "出发地": "广州",
      "目的地": "济南",
      "航班类型": "国内航班",
      "航班日期": "2026-02-07",
      "航班代码": "MF4462",
      "价格": "1220"
    },
    {
      "出发地": "广州",
      "目的地": "济南",
      "航班类型": "国内航班",
      "航班日期": "2026-02-10",
      "航班代码": "MF4462",
      "价格": "1420"
    },
    {
      "出发地": "广州",
      "目的地": "济南",
      "航班类型": "国内航班",
      "航班日期": "2026-02-11",
      "航班代码": "CZ3509",
      "价格": "1620"
    },
    {
      "出发地": "广州",
      "目的地": "济南",
      "航班类型": "国内航班",
      "航班日期": "2026-02-12",
      "航班代码": "3U1323",
      "价格": "1620"
    },
    {
      "出发地": "广州",
      "目的地": "济南",
      "航班类型": "国内航班",
      "航班日期": "2026-02-13",
      "航班代码": "MF7593",
      "价格": "1660"
    },
    {
      "出发地": "广州",
      "目的地": "济南",
      "航班类型": "国内航班",
      "航班日期": "2026-02-14",
      "航班代码": "MF4462",
      "价格": "1620"
    },
    {
      "出发地": "广州",
      "目的地": "济南",
      "航班类型": "国内航班",
      "航班日期": "2026-02-15",
      "航班代码": "CA4612",
      "价格": "1340"
    },
    {
      "出发地": "广州",
      "目的地": "济南",
      "航班类型": "国内航班",
      "航班日期": "2026-02-16",
      "航班代码": "MF4462",
      "价格": "820"
    },
    {
      "出发地": "广州",
      "目的地": "济南",
      "航班类型": "国内航班",
      "航班日期": "2026-02-17",
      "航班代码": "MF4462",
      "价格": "820"
    },
    {
      "出发地": "广州",
      "目的地": "济南",
      "航班类型": "国内航班",
      "航班日期": "2026-02-18",
      "航班代码": "CZ3707",
      "价格": "820"
    },
    {
      "出发地": "广州",
      "目的地": "济南",
      "航班类型": "国内航班",
      "航班日期": "2026-02-20",
      "航班代码": "HU7209",
      "价格": "900"
    },
    {
      "出发地": "广州",
      "目的地": "济南",
      "航班类型": "国内航班",
      "航班日期": "2026-02-22",
      "航班代码": "MF4462",
      "价格": "1120"
    },
    {
      "出发地": "广州",
      "目的地": "济南",
      "航班类型": "国内航班",
      "航班日期": "2026-03-01",
      "航班代码": "MF4462",
      "价格": "740"
    },
    {
      "出发地": "广州",
      "目的地": "济南",
      "航班类型": "国内航班",
      "航班日期": "2026-03-19",
      "航班代码": "HU7209",
      "价格": "700"
    }
  ]
}