{
  "查询条件": {
    "出发地": "广州",
    "目的地": "哈尔滨"
  },
  "航班数量": 79,
  "航班列表": [
    {
      "出发地": "广州",
      "目的地": "哈尔滨",
      "航班类型": "国内航班",
      "航班日期": "2025-12-16",
      "航班代码": "MU2308/MU2211",
      "价格": "550"
    },
    {
      "出发地": "广州",
      "目的地": "哈尔滨",
      "航班类型": "国内航班",
      "航班日期": "2025-12-17",
      "航班代码": "CA8393/CA8383",
      "价格": "534"
    },
    {
      "出发地": "广州",
      "目的地": "哈尔滨",
      "航班类型": "国内航班",
      "航班日期": "2025-12-18",
      "航班代码": "MF8306/MF8051",
      "价格": "500"
    },
    {
      "出发地": "广州",
      "目的地": "哈尔滨",
      "航班类型": "国内航班",
      "航班日期": "2025-12-19",
      "航班代码": "GJ8059/GJ8188",
      "价格": "680"
    },
    {
      "出发地": "广州",
      "目的地": "哈尔滨",
      "航班类型": "国内航班",
      "航班日期": "2025-12-20",
      "航班代码": "MF8306/MF8093",
      "价格": "560"
    },
    {
      "出发地": "广州",
      "目的地": "哈尔滨",
      "航班类型": "国内航班",
      "航班日期": "2025-12-21",
      "航班代码": "AQ1033/MF8097",
      "价格": "706"
    },
    {
      "出发地": "广州",
      "目的地": "哈尔滨",
      "航班类型": "国内航班",
      "航班日期": "2025-12-22",
      "航班代码": "AQ1033/AQ1501",
      "价格": "782"
    },
    {
      "出发地": "广州",
      "目的地": "哈尔滨",
      "航班类型": "国内航班",
      "航班日期": "2025-12-23",
      "航班代码": "CA1798/CA1787",
      "价格": "729"
    },
    {
      "出发地": "广州",
      "目的地": "哈尔滨",
      "航班类型": "国内航班",
      "航班日期": "2025-12-24",
      "航班代码": "HU7858/9H8359",
      "价格": "909"
    },
    {
      "出发地": "广州",
      "目的地": "哈尔滨",
      "航班类型": "国内航班",
      "航班日期": "2025-12-25",
      "航班代码": "SC7622/SC7911",
      "价格": "836"
    },
    {
      "出发地": "广州",
      "目的地": "哈尔滨",
      "航班类型": "国内航班",
      "航班日期": "2025-12-26",
      "航班代码": "ZH8989/FU6588",
      "价格": "946"
    },
    {
      "出发地": "广州",
      "目的地": "哈尔滨",
      "航班类型": "国内航班",
      "航班日期": "2025-12-27",
      "航班代码": "3U6704/3U6419",
      "价格": "949"
    },
    {
      "出发地": "广州",
      "目的地": "哈尔滨",
      "航班类型": "国内航班",
      "航班日期": "2025-12-28",
      "航班代码": "HU7113/MF8097",
      "价格": "880"
    },
    {
      "出发地": "广州",
      "目的地": "哈尔滨",
      "航班类型": "国内航班",
      "航班日期": "2025-12-29",
      "航班代码": "9C7749/9C7655",
      "价格": "942"
    },
    {
      "出发地": "广州",
      "目的地": "哈尔滨",
      "航班类型": "国内航班",
      "航班日期": "2025-12-30",
      "航班代码": "HU7233/9C8683",
      "价格": "1004"
    },
    {
      "出发地": "广州",
      "目的地": "哈尔滨",
      "航班类型": "国内航班",
      "航班日期": "2025-12-31",
      "航班代码": "AQ1161",
      "价格": "1179"
    },
    {
      "出发地": "广州",
      "目的地": "哈尔滨",
      "航班类型": "国内航班",
      "航班日期": "2026-01-01",
      "航班代码": "HU7361/HO1913",
      "价格": "890"
    },
    {
      "出发地": "广州",
      "目的地": "哈尔滨",
      "航班类型": "国内航班",
      "航班日期": "2026-01-02",
      "航班代码": "ZH1360/ZH1639",
      "价格": "800"
    },
    {
      "出发地": "广州",
      "目的地": "哈尔滨",
      "航班类型": "国内航班",
      "航班日期": "2026-01-03",
      "航班代码": "AQ1723",
      "价格": "939"
    },
    {
      "出发地": "广州",
      "目的地": "哈尔滨",
      "航班类型": "国内航班",
      "航班日期": "2026-01-04",
      "航班代码": "ZH8905/9C8943",
      "价格": "866"
    },
    {
      "出发地": "广州",
      "目的地": "哈尔滨",
      "航班类型": "国内航班",
      "航班日期": "2026-01-05",
      "航班代码": "HO1852/HO1181",
      "价格": "844"
    },
    {
      "出发地": "广州",
      "目的地": "哈尔滨",
      "航班类型": "国内航班",
      "航班日期": "2026-01-06",
      "航班代码": "HU7461/HO1913",
      "价格": "821"
    },
    {
      "出发地": "广州",
      "目的地": "哈尔滨",
      "航班类型": "国内航班",
      "航班日期": "2026-01-07",
      "航班代码": "HU7209/JD5323",
      "价格": "849"
    },
    {
      "出发地": "广州",
      "目的地": "哈尔滨",
      "航班类型": "国内航班",
      "航班日期": "2026-01-08",
      "航班代码": "NS3658/KN2325",
      "价格": "929"
    },
    {
      "出发地": "广州",
      "目的地": "哈尔滨",
      "航班类型": "国内航班",
      "航班日期": "2026-01-09",
      "航班代码": "ZH8905/9C8943",
      "价格": "856"
    },
    {
      "出发地": "广州",
      "目的地": "哈尔滨",
      "航班类型": "国内航班",
      "航班日期": "2026-01-10",
      "航班代码": "CZ3957/9C8943",
      "价格": "860"
    },
    {
      "出发地": "广州",
      "目的地": "哈尔滨",
      "航班类型": "国内航班",
      "航班日期": "2026-01-11",
      "航班代码": "9C8679/MU8013",
      "价格": "1122"
    },
    {
      "出发地": "广州",
      "目的地": "哈尔滨",
      "航班类型": "国内航班",
      "航班日期": "2026-01-12",
      "航班代码": "ZH1360/ZH1639",
      "价格": "810"
    },
    {
      "出发地": "广州",
      "目的地": "哈尔滨",
      "航班类型": "国内航班",
      "航班日期": "2026-01-13",
      "航班代码": "ZH8905/ZH9756",
      "价格": "970"
    },
    {
      "出发地": "广州",
      "目的地": "哈尔滨",
      "航班类型": "国内航班",
      "航班日期": "2026-01-14",
      "航班代码": "9C7749/9C7655",
      "价格": "907"
    },
    {
      "出发地": "广州",
      "目的地": "哈尔滨",
      "航班类型": "国内航班",
      "航班日期": "2026-01-15",
      "航班代码": "SC9675/SC4792",
      "价格": "917"
    },
    {
      "出发地": "广州",
      "目的地": "哈尔滨",
      "航班类型": "国内航班",
      "航班日期": "2026-01-16",
      "航班代码": "ZH8905/ZH9756",
      "价格": "940"
    },
    {
      "出发地": "广州",
      "目的地": "哈尔滨",
      "航班类型": "国内航班",
      "航班日期": "2026-01-17",
      "航班代码": "ZH9971/3U3334",
      "价格": "1070"
    },
    {
      "出发地": "广州",
      "目的地": "哈尔滨",
      "航班类型": "国内航班",
      "航班日期": "2026-01-18",
      "航班代码": "ZH8905/ZH9756",
      "价格": "1040"
    },
    {
      "出发地": "广州",
      "目的地": "哈尔滨",
      "航班类型": "国内航班",
      "航班日期": "2026-01-19",
      "航班代码": "ZH8905/ZH9756",
      "价格": "970"
    },
    {
      "出发地": "广州",
      "目的地": "哈尔滨",
      "航班类型": "国内航班",
      "航班日期": "2026-01-20",
      "航班代码": "ZH8905/ZH9756",
      "价格": "1040"
    },
    {
      "出发地": "广州",
      "目的地": "哈尔滨",
      "航班类型": "国内航班",
      "航班日期": "2026-01-21",
      "航班代码": "9C8899/KN2325",
      "价格": "969"
    },
    {
      "出发地": "广州",
      "目的地": "哈尔滨",
      "航班类型": "国内航班",
      "航班日期": "2026-01-22",
      "航班代码": "SC7622/SC7911",
      "价格": "900"
    },
    {
      "出发地": "广州",
      "目的地": "哈尔滨",
      "航班类型": "国内航班",
      "航班日期": "2026-01-23",
      "航班代码": "ZH8905/9C8943",
      "价格": "1138"
    },
    {
      "出发地": "广州",
      "目的地": "哈尔滨",
      "航班类型": "国内航班",
      "航班日期": "2026-01-24",
      "航班代码": "ZH8905/ZH9756",
      "价格": "1070"
    },
    {
      "出发地": "广州",
      "目的地": "哈尔滨",
      "航班类型": "国内航班",
      "航班日期": "2026-01-25",
      "航班代码": "ZH8905/ZH9756",
      "价格": "1070"
    },
    {
      "出发地": "广州",
      "目的地": "哈尔滨",
      "航班类型": "国内航班",
      "航班日期": "2026-01-26",
      "航班代码": "3U1618",
      "价格": "1145"
    },
    {
      "出发地": "广州",
      "目的地": "哈尔滨",
      "航班类型": "国内航班",
      "航班日期": "2026-01-27",
      "航班代码": "9C8899/MU8013",
      "价格": "1166"
    },
    {
      "出发地": "广州",
      "目的地": "哈尔滨",
      "航班类型": "国内航班",
      "航班日期": "2026-01-28",
      "航班代码": "9C8899/MU8013",
      "价格": "1265"
    },
    {
      "出发地": "广州",
      "目的地": "哈尔滨",
      "航班类型": "国内航班",
      "航班日期": "2026-01-29",
      "航班代码": "9C8899/KN2325",
      "价格": "1313"
    },
    {
      "出发地": "广州",
      "目的地": "哈尔滨",
      "航班类型": "国内航班",
      "航班日期": "2026-01-30",
      "航班代码": "9C8899/KN2325",
      "价格": "1445"
    },
    {
      "出发地": "广州",
      "目的地": "哈尔滨",
      "航班类型": "国内航班",
      "航班日期": "2026-01-31",
      "航班代码": "9C8899/9C8761",
      "价格": "1566"
    },
    {
      "出发地": "广州",
      "目的地": "哈尔滨",
      "航班类型": "国内航班",
      "航班日期": "2026-02-01",
      "航班代码": "9C8899/9C8673",
      "价格": "1628"
    },
    {
      "出发地": "广州",
      "目的地": "哈尔滨",
      "航班类型": "国内航班",
      "航班日期": "2026-02-02",
      "航班代码": "JD5355/JD5531",
      "价格": "1599"
    },
    {
      "出发地": "广州",
      "目的地": "哈尔滨",
      "航班类型": "国内航班",
      "航班日期": "2026-02-03",
      "航班代码": "9C8679/9C8673",
      "价格": "1705"
    },
    {
      "出发地": "广州",
      "目的地": "哈尔滨",
      "航班类型": "国内航班",
      "航班日期": "2026-02-04",
      "航班代码": "9C8899/JD5531",
      "价格": "1806"
    },
    {
      "出发地": "广州",
      "目的地": "哈尔滨",
      "航班类型": "国内航班",
      "航班日期": "2026-02-05",
      "航班代码": "9C8899/9C8673",
      "价格": "1867"
    },
    {
      "出发地": "广州",
      "目的地": "哈尔滨",
      "航班类型": "国内航班",
      "航班日期": "2026-02-06",
      "航班代码": "9C8899/JD5531",
      "价格": "2118"
    },
    {
      "出发地": "广州",
      "目的地": "哈尔滨",
      "航班类型": "国内航班",
      "航班日期": "2026-02-07",
      "航班代码": "AQ1001/CZ6202",
      "价格": "2191"
    },
    {
      "出发地": "广州",
      "目的地": "哈尔滨",
      "航班类型": "国内航班",
      "航班日期": "2026-02-08",
      "航班代码": "9C8899/9C8673",
      "价格": "2146"
    },
    {
      "出发地": "广州",
      "目的地": "哈尔滨",
      "航班类型": "国内航班",
      "航班日期": "2026-02-09",
      "航班代码": "9C8930/HO1181",
      "价格": "2088"
    },
    {
      "出发地": "广州",
      "目的地": "哈尔滨",
      "航班类型": "国内航班",
      "航班日期": "2026-02-10",
      "航班代码": "9C8899/9C8673",
      "价格": "2314"
    },
    {
      "出发地": "广州",
      "目的地": "哈尔滨",
      "航班类型": "国内航班",
      "航班日期": "2026-02-11",
      "航班代码": "AQ1055/MU7741",
      "价格": "2420"
    },
    {
      "出发地": "广州",
      "目的地": "哈尔滨",
      "航班类型": "国内航班",
      "航班日期": "2026-02-12",
      "航班代码": "ZH9533/FM9063",
      "价格": "2370"
    },
    {
      "出发地": "广州",
      "目的地": "哈尔滨",
      "航班类型": "国内航班",
      "航班日期": "2026-02-13",
      "航班代码": "AQ1055/HO2010",
      "价格": "2547"
    },
    {
      "出发地": "广州",
      "目的地": "哈尔滨",
      "航班类型": "国内航班",
      "航班日期": "2026-02-14",
      "航班代码": "AQ1055/MU7741",
      "价格": "2354"
    },
    {
      "出发地": "广州",
      "目的地": "哈尔滨",
      "航班类型": "国内航班",
      "航班日期": "2026-02-15",
      "航班代码": "9C8932/CZ6142",
      "价格": "1825"
    },
    {
      "出发地": "广州",
      "目的地": "哈尔滨",
      "航班类型": "国内航班",
      "航班日期": "2026-02-16",
      "航班代码": "CZ3367/HU7594",
      "价格": "1508"
    },
    {
      "出发地": "广州",
      "目的地": "哈尔滨",
      "航班类型": "国内航班",
      "航班日期": "2026-02-17",
      "航班代码": "GJ8567/FU6642",
      "价格": "1589"
    },
    {
      "出发地": "广州",
      "目的地": "哈尔滨",
      "航班类型": "国内航班",
      "航班日期": "2026-02-18",
      "航班代码": "CZ3367/HU7594",
      "价格": "1508"
    },
    {
      "出发地": "广州",
      "目的地": "哈尔滨",
      "航班类型": "国内航班",
      "航班日期": "2026-02-19",
      "航班代码": "CZ3367/HU7594",
      "价格": "1510"
    },
    {
      "出发地": "广州",
      "目的地": "哈尔滨",
      "航班类型": "国内航班",
      "航班日期": "2026-02-20",
      "航班代码": "CZ3346/HU7594",
      "价格": "1508"
    },
    {
      "出发地": "广州",
      "目的地": "哈尔滨",
      "航班类型": "国内航班",
      "航班日期": "2026-02-21",
      "航班代码": "9C8930/CA8301",
      "价格": "1547"
    },
    {
      "出发地": "广州",
      "目的地": "哈尔滨",
      "航班类型": "国内航班",
      "航班日期": "2026-02-22",
      "航班代码": "3U1618",
      "价格": "1540"
    },
    {
      "出发地": "广州",
      "目的地": "哈尔滨",
      "航班类型": "国内航班",
      "航班日期": "2026-02-23",
      "航班代码": "HU7209",
      "价格": "3130"
    },
    {
      "出发地": "广州",
      "目的地": "哈尔滨",
      "航班类型": "国内航班",
      "航班日期": "2026-02-24",
      "航班代码": "9C8679/KN2325",
      "价格": "2285"
    },
    {
      "出发地": "广州",
      "目的地": "哈尔滨",
      "航班类型": "国内航班",
      "航班日期": "2026-02-25",
      "航班代码": "9C8930/Y87507",
      "价格": "1109"
    },
    {
      "出发地": "广州",
      "目的地": "哈尔滨",
      "航班类型": "国内航班",
      "航班日期": "2026-02-26",
      "航班代码": "JD5165",
      "价格": "1000"
    },
    {
      "出发地": "广州",
      "目的地": "哈尔滨",
      "航班类型": "国内航班",
      "航班日期": "2026-02-27",
      "航班代码": "9C6722/MU5619",
      "价格": "951"
    },
    {
      "出发地": "广州",
      "目的地": "哈尔滨",
      "航班类型": "国内航班",
      "航班日期": "2026-02-28",
      "航班代码": "9C8899/KN2325",
      "价格": "1997"
    },
    {
      "出发地": "广州",
      "目的地": "哈尔滨",
      "航班类型": "国内航班",
      "航班日期": "2026-03-02",
      "航班代码": "JD5165",
      "价格": "700"
    },
    {
      "出发地": "广州",
      "目的地": "哈尔滨",
      "航班类型": "国内航班",
      "航班日期": "2026-03-03",
      "航班代码": "9C8930/9C6189",
      "价格": "637"
    },
    {
      "出发地": "广州",
      "目的地": "哈尔滨",
      "航班类型": "国内航班",
      "航班日期": "2026-03-05",
      "航班代码": "9C8930/9C6189",
      "价格": "566"
    },
    {
      "出发地": "广州",
      "目的地": "哈尔滨",
      "航班类型": "国内航班",
      "航班日期": "2026-03-07",
      "航班代码": "9C8899/9C8761",
      "价格": "750"
    }
  ]
}