{
  "查询条件": {
    "出发地": "广州",
    "目的地": "郑州"
  },
  "航班数量": 72,
  "航班列表": [
    {
      "出发地": "广州",
      "目的地": "郑州",
      "航班类型": "国内航班",
      "航班日期": "2025-12-16",
      "航班代码": "MU5328/MU8425",
      "价格": "400"
    },
    {
      "出发地": "广州",
      "目的地": "郑州",
      "航班类型": "国内航班",
      "航班日期": "2025-12-17",
      "航班代码": "MF8386/MF8969",
      "价格": "340"
    },
    {
      "出发地": "广州",
      "目的地": "郑州",
      "航班类型": "国内航班",
      "航班日期": "2025-12-18",
      "航班代码": "PN6380",
      "价格": "320"
    },
    {
      "出发地": "广州",
      "目的地": "郑州",
      "航班类型": "国内航班",
      "航班日期": "2025-12-19",
      "航班代码": "MU5302/MU8443",
      "价格": "400"
    },
    {
      "出发地": "广州",
      "目的地": "郑州",
      "航班类型": "国内航班",
      "航班日期": "2025-12-20",
      "航班代码": "MU5320/MU5395",
      "价格": "390"
    },
    {
      "出发地": "广州",
      "目的地": "郑州",
      "航班类型": "国内航班",
      "航班日期": "2025-12-21",
      "航班代码": "CA4304/CA2695",
      "价格": "449"
    },
    {
      "出发地": "广州",
      "目的地": "郑州",
      "航班类型": "国内航班",
      "航班日期": "2025-12-22",
      "航班代码": "MU5316/FM9327",
      "价格": "394"
    },
    {
      "出发地": "广州",
      "目的地": "郑州",
      "航班类型": "国内航班",
      "航班日期": "2025-12-23",
      "航班代码": "MU5316/MU8427",
      "价格": "400"
    },
    {
      "出发地": "广州",
      "目的地": "郑州",
      "航班类型": "国内航班",
      "航班日期": "2025-12-24",
      "航班代码": "CA1352/CA1915",
      "价格": "396"
    },
    {
      "出发地": "广州",
      "目的地": "郑州",
      "航班类型": "国内航班",
      "航班日期": "2025-12-25",
      "航班代码": "MU5316/FM9327",
      "价格": "394"
    },
    {
      "出发地": "广州",
      "目的地": "郑州",
      "航班类型": "国内航班",
      "航班日期": "2025-12-26",
      "航班代码": "MU8383/MU8429",
      "价格": "400"
    },
    {
      "出发地": "广州",
      "目的地": "郑州",
      "航班类型": "国内航班",
      "航班日期": "2025-12-27",
      "航班代码": "MU5316/MU8427",
      "价格": "400"
    },
    {
      "出发地": "广州",
      "目的地": "郑州",
      "航班类型": "国内航班",
      "航班日期": "2025-12-28",
      "航班代码": "MU8383/MU8429",
      "价格": "400"
    },
    {
      "出发地": "广州",
      "目的地": "郑州",
      "航班类型": "国内航班",
      "航班日期": "2025-12-29",
      "航班代码": "MU5318/MU5367",
      "价格": "390"
    },
    {
      "出发地": "广州",
      "目的地": "郑州",
      "航班类型": "国内航班",
      "航班日期": "2025-12-30",
      "航班代码": "MU5328/MU5367",
      "价格": "400"
    },
    {
      "出发地": "广州",
      "目的地": "郑州",
      "航班类型": "国内航班",
      "航班日期": "2025-12-31",
      "航班代码": "MU6949/MU6353",
      "价格": "750"
    },
    {
      "出发地": "广州",
      "目的地": "郑州",
      "航班类型": "国内航班",
      "航班日期": "2026-01-01",
      "航班代码": "MU8422/MU5395",
      "价格": "400"
    },
    {
      "出发地": "广州",
      "目的地": "郑州",
      "航班类型": "国内航班",
      "航班日期": "2026-01-02",
      "航班代码": "AQ1173",
      "价格": "389"
    },
    {
      "出发地": "广州",
      "目的地": "郑州",
      "航班类型": "国内航班",
      "航班日期": "2026-01-03",
      "航班代码": "3U6710/3U6731",
      "价格": "599"
    },
    {
      "出发地": "广州",
      "目的地": "郑州",
      "航班类型": "国内航班",
      "航班日期": "2026-01-04",
      "航班代码": "AQ1173",
      "价格": "389"
    },
    {
      "出发地": "广州",
      "目的地": "郑州",
      "航班类型": "国内航班",
      "航班日期": "2026-01-05",
      "航班代码": "MU5318/MU5367",
      "价格": "390"
    },
    {
      "出发地": "广州",
      "目的地": "郑州",
      "航班类型": "国内航班",
      "航班日期": "2026-01-06",
      "航班代码": "MU5326/MU5367",
      "价格": "390"
    },
    {
      "出发地": "广州",
      "目的地": "郑州",
      "航班类型": "国内航班",
      "航班日期": "2026-01-07",
      "航班代码": "AQ1173",
      "价格": "389"
    },
    {
      "出发地": "广州",
      "目的地": "郑州",
      "航班类型": "国内航班",
      "航班日期": "2026-01-08",
      "航班代码": "PN6380",
      "价格": "398"
    },
    {
      "出发地": "广州",
      "目的地": "郑州",
      "航班类型": "国内航班",
      "航班日期": "2026-01-09",
      "航班代码": "AQ1173",
      "价格": "389"
    },
    {
      "出发地": "广州",
      "目的地": "郑州",
      "航班类型": "国内航班",
      "航班日期": "2026-01-10",
      "航班代码": "MU5316/FM9327",
      "价格": "390"
    },
    {
      "出发地": "广州",
      "目的地": "郑州",
      "航班类型": "国内航班",
      "航班日期": "2026-01-11",
      "航班代码": "GJ8583",
      "价格": "390"
    },
    {
      "出发地": "广州",
      "目的地": "郑州",
      "航班类型": "国内航班",
      "航班日期": "2026-01-12",
      "航班代码": "AQ1173",
      "价格": "389"
    },
    {
      "出发地": "广州",
      "目的地": "郑州",
      "航班类型": "国内航班",
      "航班日期": "2026-01-13",
      "航班代码": "GJ8583",
      "价格": "390"
    },
    {
      "出发地": "广州",
      "目的地": "郑州",
      "航班类型": "国内航班",
      "航班日期": "2026-01-14",
      "航班代码": "GJ8583",
      "价格": "390"
    },
    {
      "出发地": "广州",
      "目的地": "郑州",
      "航班类型": "国内航班",
      "航班日期": "2026-01-15",
      "航班代码": "MU5316/FM9327",
      "价格": "394"
    },
    {
      "出发地": "广州",
      "目的地": "郑州",
      "航班类型": "国内航班",
      "航班日期": "2026-01-16",
      "航班代码": "9C7749/MU9895",
      "价格": "1069"
    },
    {
      "出发地": "广州",
      "目的地": "郑州",
      "航班类型": "国内航班",
      "航班日期": "2026-01-17",
      "航班代码": "MU5326/MU5367",
      "价格": "390"
    },
    {
      "出发地": "广州",
      "目的地": "郑州",
      "航班类型": "国内航班",
      "航班日期": "2026-01-18",
      "航班代码": "9C7749/MU9895",
      "价格": "1038"
    },
    {
      "出发地": "广州",
      "目的地": "郑州",
      "航班类型": "国内航班",
      "航班日期": "2026-01-20",
      "航班代码": "MU5316/MU8427",
      "价格": "400"
    },
    {
      "出发地": "广州",
      "目的地": "郑州",
      "航班类型": "国内航班",
      "航班日期": "2026-01-21",
      "航班代码": "AQ1173",
      "价格": "849"
    },
    {
      "出发地": "广州",
      "目的地": "郑州",
      "航班类型": "国内航班",
      "航班日期": "2026-01-22",
      "航班代码": "PN6380",
      "价格": "620"
    },
    {
      "出发地": "广州",
      "目的地": "郑州",
      "航班类型": "国内航班",
      "航班日期": "2026-01-23",
      "航班代码": "MU6949/MU9895",
      "价格": "1290"
    },
    {
      "出发地": "广州",
      "目的地": "郑州",
      "航班类型": "国内航班",
      "航班日期": "2026-01-26",
      "航班代码": "AQ1173",
      "价格": "469"
    },
    {
      "出发地": "广州",
      "目的地": "郑州",
      "航班类型": "国内航班",
      "航班日期": "2026-01-28",
      "航班代码": "ZH8903",
      "价格": "1410"
    },
    {
      "出发地": "广州",
      "目的地": "郑州",
      "航班类型": "国内航班",
      "航班日期": "2026-01-29",
      "航班代码": "MF5830",
      "价格": "650"
    },
    {
      "出发地": "广州",
      "目的地": "郑州",
      "航班类型": "国内航班",
      "航班日期": "2026-01-30",
      "航班代码": "AQ1173",
      "价格": "629"
    },
    {
      "出发地": "广州",
      "目的地": "郑州",
      "航班类型": "国内航班",
      "航班日期": "2026-01-31",
      "航班代码": "GJ8583",
      "价格": "650"
    },
    {
      "出发地": "广州",
      "目的地": "郑州",
      "航班类型": "国内航班",
      "航班日期": "2026-02-01",
      "航班代码": "MF5830",
      "价格": "750"
    },
    {
      "出发地": "广州",
      "目的地": "郑州",
      "航班类型": "国内航班",
      "航班日期": "2026-02-02",
      "航班代码": "CA3803",
      "价格": "1410"
    },
    {
      "出发地": "广州",
      "目的地": "郑州",
      "航班类型": "国内航班",
      "航班日期": "2026-02-03",
      "航班代码": "MF5830",
      "价格": "840"
    },
    {
      "出发地": "广州",
      "目的地": "郑州",
      "航班类型": "国内航班",
      "航班日期": "2026-02-04",
      "航班代码": "MF5830",
      "价格": "840"
    },
    {
      "出发地": "广州",
      "目的地": "郑州",
      "航班类型": "国内航班",
      "航班日期": "2026-02-05",
      "航班代码": "MF5830",
      "价格": "940"
    },
    {
      "出发地": "广州",
      "目的地": "郑州",
      "航班类型": "国内航班",
      "航班日期": "2026-02-06",
      "航班代码": "MF5830",
      "价格": "940"
    },
    {
      "出发地": "广州",
      "目的地": "郑州",
      "航班类型": "国内航班",
      "航班日期": "2026-02-07",
      "航班代码": "MF5830",
      "价格": "1120"
    },
    {
      "出发地": "广州",
      "目的地": "郑州",
      "航班类型": "国内航班",
      "航班日期": "2026-02-08",
      "航班代码": "MF5830",
      "价格": "1120"
    },
    {
      "出发地": "广州",
      "目的地": "郑州",
      "航班类型": "国内航班",
      "航班日期": "2026-02-09",
      "航班代码": "ZH8903",
      "价格": "1410"
    },
    {
      "出发地": "广州",
      "目的地": "郑州",
      "航班类型": "国内航班",
      "航班日期": "2026-02-10",
      "航班代码": "MF5830",
      "价格": "1310"
    },
    {
      "出发地": "广州",
      "目的地": "郑州",
      "航班类型": "国内航班",
      "航班日期": "2026-02-11",
      "航班代码": "CA3803",
      "价格": "1410"
    },
    {
      "出发地": "广州",
      "目的地": "郑州",
      "航班类型": "国内航班",
      "航班日期": "2026-02-12",
      "航班代码": "SC9169",
      "价格": "1410"
    },
    {
      "出发地": "广州",
      "目的地": "郑州",
      "航班类型": "国内航班",
      "航班日期": "2026-02-13",
      "航班代码": "CA3803",
      "价格": "1410"
    },
    {
      "出发地": "广州",
      "目的地": "郑州",
      "航班类型": "国内航班",
      "航班日期": "2026-02-14",
      "航班代码": "PN6380",
      "价格": "1390"
    },
    {
      "出发地": "广州",
      "目的地": "郑州",
      "航班类型": "国内航班",
      "航班日期": "2026-02-15",
      "航班代码": "9C8932/CZ3594",
      "价格": "1042"
    },
    {
      "出发地": "广州",
      "目的地": "郑州",
      "航班类型": "国内航班",
      "航班日期": "2026-02-16",
      "航班代码": "CA3803",
      "价格": "1410"
    },
    {
      "出发地": "广州",
      "目的地": "郑州",
      "航班类型": "国内航班",
      "航班日期": "2026-02-17",
      "航班代码": "PN6380",
      "价格": "700"
    },
    {
      "出发地": "广州",
      "目的地": "郑州",
      "航班类型": "国内航班",
      "航班日期": "2026-02-18",
      "航班代码": "CA3803",
      "价格": "1410"
    },
    {
      "出发地": "广州",
      "目的地": "郑州",
      "航班类型": "国内航班",
      "航班日期": "2026-02-19",
      "航班代码": "CA3803",
      "价格": "668"
    },
    {
      "出发地": "广州",
      "目的地": "郑州",
      "航班类型": "国内航班",
      "航班日期": "2026-02-20",
      "航班代码": "GJ8583",
      "价格": "650"
    },
    {
      "出发地": "广州",
      "目的地": "郑州",
      "航班类型": "国内航班",
      "航班日期": "2026-02-21",
      "航班代码": "G56355",
      "价格": "500"
    },
    {
      "出发地": "广州",
      "目的地": "郑州",
      "航班类型": "国内航班",
      "航班日期": "2026-02-22",
      "航班代码": "MF5830",
      "价格": "650"
    },
    {
      "出发地": "广州",
      "目的地": "郑州",
      "航班类型": "国内航班",
      "航班日期": "2026-02-23",
      "航班代码": "MF5830",
      "价格": "650"
    },
    {
      "出发地": "广州",
      "目的地": "郑州",
      "航班类型": "国内航班",
      "航班日期": "2026-02-24",
      "航班代码": "G56355",
      "价格": "500"
    },
    {
      "出发地": "广州",
      "目的地": "郑州",
      "航班类型": "国内航班",
      "航班日期": "2026-02-26",
      "航班代码": "ZH8901",
      "价格": "1410"
    },
    {
      "出发地": "广州",
      "目的地": "郑州",
      "航班类型": "国内航班",
      "航班日期": "2026-02-27",
      "航班代码": "CA3803",
      "价格": "1410"
    },
    {
      "出发地": "广州",
      "目的地": "郑州",
      "航班类型": "国内航班",
      "航班日期": "2026-06-01",
      "航班代码": "CZ8686",
      "价格": "1710"
    },
    {
      "出发地": "广州",
      "目的地": "郑州",
      "航班类型": "国内航班",
      "航班日期": "2026-07-01",
      "航班代码": "MU9875/MU9055",
      "价格": "1456"
    },
    {
      "出发地": "广州",
      "目的地": "郑州",
      "航班类型": "国内航班",
      "航班日期": "2026-08-01",
      "航班代码": "MU9875/MU9055",
      "价格": "1456"
    }
  ]
}