{
  "查询条件": {
    "出发地": "广州",
    "目的地": "贵阳"
  },
  "航班数量": 22,
  "航班列表": [
    {
      "出发地": "广州",
      "目的地": "贵阳",
      "航班类型": "国内航班",
      "航班日期": "2025-12-16",
      "航班代码": "CA4334/CA2559",
      "价格": "495"
    },
    {
      "出发地": "广州",
      "目的地": "贵阳",
      "航班类型": "国内航班",
      "航班日期": "2025-12-17",
      "航班代码": "MU2541/MU2603",
      "价格": "475"
    },
    {
      "出发地": "广州",
      "目的地": "贵阳",
      "航班类型": "国内航班",
      "航班日期": "2025-12-18",
      "航班代码": "CZ3618",
      "价格": "480"
    },
    {
      "出发地": "广州",
      "目的地": "贵阳",
      "航班类型": "国内航班",
      "航班日期": "2025-12-19",
      "航班代码": "CA4310/CA2559",
      "价格": "495"
    },
    {
      "出发地": "广州",
      "目的地": "贵阳",
      "航班类型": "国内航班",
      "航班日期": "2025-12-20",
      "航班代码": "CZ6411",
      "价格": "380"
    },
    {
      "出发地": "广州",
      "目的地": "贵阳",
      "航班类型": "国内航班",
      "航班日期": "2025-12-21",
      "航班代码": "CZ6411",
      "价格": "380"
    },
    {
      "出发地": "广州",
      "目的地": "贵阳",
      "航班类型": "国内航班",
      "航班日期": "2025-12-23",
      "航班代码": "CZ3662",
      "价格": "310"
    },
    {
      "出发地": "广州",
      "目的地": "贵阳",
      "航班类型": "国内航班",
      "航班日期": "2025-12-24",
      "航班代码": "CZ6411",
      "价格": "380"
    },
    {
      "出发地": "广州",
      "目的地": "贵阳",
      "航班类型": "国内航班",
      "航班日期": "2025-12-25",
      "航班代码": "3U1322",
      "价格": "380"
    },
    {
      "出发地": "广州",
      "目的地": "贵阳",
      "航班类型": "国内航班",
      "航班日期": "2025-12-26",
      "航班代码": "CZ6411",
      "价格": "460"
    },
    {
      "出发地": "广州",
      "目的地": "贵阳",
      "航班类型": "国内航班",
      "航班日期": "2025-12-27",
      "航班代码": "3U1322",
      "价格": "380"
    },
    {
      "出发地": "广州",
      "目的地": "贵阳",
      "航班类型": "国内航班",
      "航班日期": "2025-12-28",
      "航班代码": "3U1322",
      "价格": "380"
    },
    {
      "出发地": "广州",
      "目的地": "贵阳",
      "航班类型": "国内航班",
      "航班日期": "2025-12-29",
      "航班代码": "CZ6411",
      "价格": "380"
    },
    {
      "出发地": "广州",
      "目的地": "贵阳",
      "航班类型": "国内航班",
      "航班日期": "2025-12-30",
      "航班代码": "CZ6411",
      "价格": "460"
    },
    {
      "出发地": "广州",
      "目的地": "贵阳",
      "航班类型": "国内航班",
      "航班日期": "2025-12-31",
      "航班代码": "CZ6411",
      "价格": "620"
    },
    {
      "出发地": "广州",
      "目的地": "贵阳",
      "航班类型": "国内航班",
      "航班日期": "2026-01-01",
      "航班代码": "CZ3618",
      "价格": "490"
    },
    {
      "出发地": "广州",
      "目的地": "贵阳",
      "航班类型": "国内航班",
      "航班日期": "2026-02-01",
      "航班代码": "CZ3618",
      "价格": "1380"
    },
    {
      "出发地": "广州",
      "目的地": "贵阳",
      "航班类型": "国内航班",
      "航班日期": "2026-02-02",
      "航班代码": "CZ6411",
      "价格": "930"
    },
    {
      "出发地": "广州",
      "目的地": "贵阳",
      "航班类型": "国内航班",
      "航班日期": "2026-02-08",
      "航班代码": "CZ3313/GY7126",
      "价格": "1350"
    },
    {
      "出发地": "广州",
      "目的地": "贵阳",
      "航班类型": "国内航班",
      "航班日期": "2026-02-10",
      "航班代码": "CZ3313/GY7144",
      "价格": "1358"
    },
    {
      "出发地": "广州",
      "目的地": "贵阳",
      "航班类型": "国内航班",
      "航班日期": "2026-02-13",
      "航班代码": "CZ3618",
      "价格": "1510"
    },
    {
      "出发地": "广州",
      "目的地": "贵阳",
      "航班类型": "国内航班",
      "航班日期": "2026-02-14",
      "航班代码": "CZ3313/GY7144",
      "价格": "1357"
    }
  ]
}