{
  "查询条件": {
    "出发地": "广州",
    "目的地": "北京"
  },
  "航班数量": 79,
  "航班列表": [
    {
      "出发地": "广州",
      "目的地": "北京",
      "航班类型": "国内航班",
      "航班日期": "2025-12-16",
      "航班代码": "MF8326/MF8115",
      "价格": "410"
    },
    {
      "出发地": "广州",
      "目的地": "北京",
      "航班类型": "国内航班",
      "航班日期": "2025-12-17",
      "航班代码": "CA4594/CA8624",
      "价格": "415"
    },
    {
      "出发地": "广州",
      "目的地": "北京",
      "航班类型": "国内航班",
      "航班日期": "2025-12-18",
      "航班代码": "MU6186/MU6654",
      "价格": "470"
    },
    {
      "出发地": "广州",
      "目的地": "北京",
      "航班类型": "国内航班",
      "航班日期": "2025-12-19",
      "航班代码": "MU2541/MU2453",
      "价格": "463"
    },
    {
      "出发地": "广州",
      "目的地": "北京",
      "航班类型": "国内航班",
      "航班日期": "2025-12-20",
      "航班代码": "MF8306/MF8117",
      "价格": "440"
    },
    {
      "出发地": "广州",
      "目的地": "北京",
      "航班类型": "国内航班",
      "航班日期": "2025-12-21",
      "航班代码": "CA4594/CA8624",
      "价格": "412"
    },
    {
      "出发地": "广州",
      "目的地": "北京",
      "航班类型": "国内航班",
      "航班日期": "2025-12-22",
      "航班代码": "CA4594/CA8624",
      "价格": "411"
    },
    {
      "出发地": "广州",
      "目的地": "北京",
      "航班类型": "国内航班",
      "航班日期": "2025-12-23",
      "航班代码": "CA4594/CA8624",
      "价格": "411"
    },
    {
      "出发地": "广州",
      "目的地": "北京",
      "航班类型": "国内航班",
      "航班日期": "2025-12-24",
      "航班代码": "CA4377/CA1458",
      "价格": "411"
    },
    {
      "出发地": "广州",
      "目的地": "北京",
      "航班类型": "国内航班",
      "航班日期": "2025-12-25",
      "航班代码": "MU9768/MU2811",
      "价格": "474"
    },
    {
      "出发地": "广州",
      "目的地": "北京",
      "航班类型": "国内航班",
      "航班日期": "2025-12-26",
      "航班代码": "CA4377/CA1458",
      "价格": "399"
    },
    {
      "出发地": "广州",
      "目的地": "北京",
      "航班类型": "国内航班",
      "航班日期": "2025-12-27",
      "航班代码": "MF8386/NS8012",
      "价格": "450"
    },
    {
      "出发地": "广州",
      "目的地": "北京",
      "航班类型": "国内航班",
      "航班日期": "2025-12-28",
      "航班代码": "CA4377/CA1458",
      "价格": "396"
    },
    {
      "出发地": "广州",
      "目的地": "北京",
      "航班类型": "国内航班",
      "航班日期": "2025-12-29",
      "航班代码": "CA4377/CA1458",
      "价格": "399"
    },
    {
      "出发地": "广州",
      "目的地": "北京",
      "航班类型": "国内航班",
      "航班日期": "2025-12-30",
      "航班代码": "MU2818/MU2949",
      "价格": "580"
    },
    {
      "出发地": "广州",
      "目的地": "北京",
      "航班类型": "国内航班",
      "航班日期": "2025-12-31",
      "航班代码": "CA4594/CA8624",
      "价格": "419"
    },
    {
      "出发地": "广州",
      "目的地": "北京",
      "航班类型": "国内航班",
      "航班日期": "2026-01-01",
      "航班代码": "MU5314/MU5099",
      "价格": "490"
    },
    {
      "出发地": "广州",
      "目的地": "北京",
      "航班类型": "国内航班",
      "航班日期": "2026-01-02",
      "航班代码": "MU2302/MU2117",
      "价格": "490"
    },
    {
      "出发地": "广州",
      "目的地": "北京",
      "航班类型": "国内航班",
      "航班日期": "2026-01-03",
      "航班代码": "MU5328/MU8244",
      "价格": "500"
    },
    {
      "出发地": "广州",
      "目的地": "北京",
      "航班类型": "国内航班",
      "航班日期": "2026-01-04",
      "航班代码": "MU2308/MU2105",
      "价格": "490"
    },
    {
      "出发地": "广州",
      "目的地": "北京",
      "航班类型": "国内航班",
      "航班日期": "2026-01-05",
      "航班代码": "MU6955/MU2105",
      "价格": "490"
    },
    {
      "出发地": "广州",
      "目的地": "北京",
      "航班类型": "国内航班",
      "航班日期": "2026-01-06",
      "航班代码": "MU2326/MU2115",
      "价格": "490"
    },
    {
      "出发地": "广州",
      "目的地": "北京",
      "航班类型": "国内航班",
      "航班日期": "2026-01-07",
      "航班代码": "MU2302/MU2115",
      "价格": "490"
    },
    {
      "出发地": "广州",
      "目的地": "北京",
      "航班类型": "国内航班",
      "航班日期": "2026-01-08",
      "航班代码": "MU2302/MU2115",
      "价格": "490"
    },
    {
      "出发地": "广州",
      "目的地": "北京",
      "航班类型": "国内航班",
      "航班日期": "2026-01-09",
      "航班代码": "MU2302/MU2115",
      "价格": "490"
    },
    {
      "出发地": "广州",
      "目的地": "北京",
      "航班类型": "国内航班",
      "航班日期": "2026-01-10",
      "航班代码": "MU6312",
      "价格": "550"
    },
    {
      "出发地": "广州",
      "目的地": "北京",
      "航班类型": "国内航班",
      "航班日期": "2026-01-11",
      "航班代码": "MU9768/MU2811",
      "价格": "576"
    },
    {
      "出发地": "广州",
      "目的地": "北京",
      "航班类型": "国内航班",
      "航班日期": "2026-01-12",
      "航班代码": "MU2302/MU2115",
      "价格": "490"
    },
    {
      "出发地": "广州",
      "目的地": "北京",
      "航班类型": "国内航班",
      "航班日期": "2026-01-13",
      "航班代码": "MU5306/MU5159",
      "价格": "563"
    },
    {
      "出发地": "广州",
      "目的地": "北京",
      "航班类型": "国内航班",
      "航班日期": "2026-01-14",
      "航班代码": "MU6955/MU2105",
      "价格": "576"
    },
    {
      "出发地": "广州",
      "目的地": "北京",
      "航班类型": "国内航班",
      "航班日期": "2026-01-15",
      "航班代码": "MU2818/MU2821",
      "价格": "610"
    },
    {
      "出发地": "广州",
      "目的地": "北京",
      "航班类型": "国内航班",
      "航班日期": "2026-01-16",
      "航班代码": "MU2818/MU2821",
      "价格": "588"
    },
    {
      "出发地": "广州",
      "目的地": "北京",
      "航班类型": "国内航班",
      "航班日期": "2026-01-17",
      "航班代码": "MU9768/MU2811",
      "价格": "586"
    },
    {
      "出发地": "广州",
      "目的地": "北京",
      "航班类型": "国内航班",
      "航班日期": "2026-01-18",
      "航班代码": "MU9768/MU2811",
      "价格": "576"
    },
    {
      "出发地": "广州",
      "目的地": "北京",
      "航班类型": "国内航班",
      "航班日期": "2026-01-19",
      "航班代码": "AQ1005/MU5185",
      "价格": "704"
    },
    {
      "出发地": "广州",
      "目的地": "北京",
      "航班类型": "国内航班",
      "航班日期": "2026-01-20",
      "航班代码": "MU9768/MU2811",
      "价格": "576"
    },
    {
      "出发地": "广州",
      "目的地": "北京",
      "航班类型": "国内航班",
      "航班日期": "2026-01-21",
      "航班代码": "MU9768/MU2811",
      "价格": "576"
    },
    {
      "出发地": "广州",
      "目的地": "北京",
      "航班类型": "国内航班",
      "航班日期": "2026-01-22",
      "航班代码": "MU9768/MU2811",
      "价格": "576"
    },
    {
      "出发地": "广州",
      "目的地": "北京",
      "航班类型": "国内航班",
      "航班日期": "2026-01-23",
      "航班代码": "KN5038/KN5916",
      "价格": "679"
    },
    {
      "出发地": "广州",
      "目的地": "北京",
      "航班类型": "国内航班",
      "航班日期": "2026-01-24",
      "航班代码": "MU9768/MU2811",
      "价格": "549"
    },
    {
      "出发地": "广州",
      "目的地": "北京",
      "航班类型": "国内航班",
      "航班日期": "2026-01-25",
      "航班代码": "CA1796/CA1701",
      "价格": "700"
    },
    {
      "出发地": "广州",
      "目的地": "北京",
      "航班类型": "国内航班",
      "航班日期": "2026-01-26",
      "航班代码": "CZ3343/MU6114",
      "价格": "656"
    },
    {
      "出发地": "广州",
      "目的地": "北京",
      "航班类型": "国内航班",
      "航班日期": "2026-01-27",
      "航班代码": "CZ3343/MU6114",
      "价格": "694"
    },
    {
      "出发地": "广州",
      "目的地": "北京",
      "航班类型": "国内航班",
      "航班日期": "2026-01-28",
      "航班代码": "KN5038/KN5982",
      "价格": "726"
    },
    {
      "出发地": "广州",
      "目的地": "北京",
      "航班类型": "国内航班",
      "航班日期": "2026-01-29",
      "航班代码": "MU2918/MU2731",
      "价格": "620"
    },
    {
      "出发地": "广州",
      "目的地": "北京",
      "航班类型": "国内航班",
      "航班日期": "2026-01-30",
      "航班代码": "MU5232/MU6114",
      "价格": "843"
    },
    {
      "出发地": "广州",
      "目的地": "北京",
      "航班类型": "国内航班",
      "航班日期": "2026-01-31",
      "航班代码": "AQ1155/KN5902",
      "价格": "933"
    },
    {
      "出发地": "广州",
      "目的地": "北京",
      "航班类型": "国内航班",
      "航班日期": "2026-02-01",
      "航班代码": "CA8306/CA1553",
      "价格": "809"
    },
    {
      "出发地": "广州",
      "目的地": "北京",
      "航班类型": "国内航班",
      "航班日期": "2026-02-02",
      "航班代码": "CZ5592/KN5310",
      "价格": "908"
    },
    {
      "出发地": "广州",
      "目的地": "北京",
      "航班类型": "国内航班",
      "航班日期": "2026-02-03",
      "航班代码": "ZH9533/MU5185",
      "价格": "828"
    },
    {
      "出发地": "广州",
      "目的地": "北京",
      "航班类型": "国内航班",
      "航班日期": "2026-02-04",
      "航班代码": "9C8930/MU5185",
      "价格": "936"
    },
    {
      "出发地": "广州",
      "目的地": "北京",
      "航班类型": "国内航班",
      "航班日期": "2026-02-05",
      "航班代码": "9C8930/MU5185",
      "价格": "1019"
    },
    {
      "出发地": "广州",
      "目的地": "北京",
      "航班类型": "国内航班",
      "航班日期": "2026-02-06",
      "航班代码": "ZH9533/MU5129",
      "价格": "1128"
    },
    {
      "出发地": "广州",
      "目的地": "北京",
      "航班类型": "国内航班",
      "航班日期": "2026-02-07",
      "航班代码": "9C8930/MU5161",
      "价格": "1068"
    },
    {
      "出发地": "广州",
      "目的地": "北京",
      "航班类型": "国内航班",
      "航班日期": "2026-02-08",
      "航班代码": "9C7749/CA1536",
      "价格": "1157"
    },
    {
      "出发地": "广州",
      "目的地": "北京",
      "航班类型": "国内航班",
      "航班日期": "2026-02-09",
      "航班代码": "9C7749/CA1536",
      "价格": "1225"
    },
    {
      "出发地": "广州",
      "目的地": "北京",
      "航班类型": "国内航班",
      "航班日期": "2026-02-10",
      "航班代码": "3U2454",
      "价格": "1240"
    },
    {
      "出发地": "广州",
      "目的地": "北京",
      "航班类型": "国内航班",
      "航班日期": "2026-02-11",
      "航班代码": "3U2454",
      "价格": "1240"
    },
    {
      "出发地": "广州",
      "目的地": "北京",
      "航班类型": "国内航班",
      "航班日期": "2026-02-12",
      "航班代码": "CZ3931/CA1868",
      "价格": "2072"
    },
    {
      "出发地": "广州",
      "目的地": "北京",
      "航班类型": "国内航班",
      "航班日期": "2026-02-13",
      "航班代码": "MU5232/CA8380",
      "价格": "1231"
    },
    {
      "出发地": "广州",
      "目的地": "北京",
      "航班类型": "国内航班",
      "航班日期": "2026-02-14",
      "航班代码": "MU5232/CA1582",
      "价格": "1376"
    },
    {
      "出发地": "广州",
      "目的地": "北京",
      "航班类型": "国内航班",
      "航班日期": "2026-02-15",
      "航班代码": "MU9200/MU5121",
      "价格": "840"
    },
    {
      "出发地": "广州",
      "目的地": "北京",
      "航班类型": "国内航班",
      "航班日期": "2026-02-16",
      "航班代码": "MU5308/MU5121",
      "价格": "840"
    },
    {
      "出发地": "广州",
      "目的地": "北京",
      "航班类型": "国内航班",
      "航班日期": "2026-02-17",
      "航班代码": "9C8930/MU5125",
      "价格": "798"
    },
    {
      "出发地": "广州",
      "目的地": "北京",
      "航班类型": "国内航班",
      "航班日期": "2026-02-18",
      "航班代码": "9C8930/KN5956",
      "价格": "836"
    },
    {
      "出发地": "广州",
      "目的地": "北京",
      "航班类型": "国内航班",
      "航班日期": "2026-02-19",
      "航班代码": "MU5312/MU5125",
      "价格": "895"
    },
    {
      "出发地": "广州",
      "目的地": "北京",
      "航班类型": "国内航班",
      "航班日期": "2026-02-20",
      "航班代码": "HU7816",
      "价格": "1050"
    },
    {
      "出发地": "广州",
      "目的地": "北京",
      "航班类型": "国内航班",
      "航班日期": "2026-02-21",
      "航班代码": "9C8930/MU5185",
      "价格": "1159"
    },
    {
      "出发地": "广州",
      "目的地": "北京",
      "航班类型": "国内航班",
      "航班日期": "2026-02-22",
      "航班代码": "AQ1005/MU5165",
      "价格": "1518"
    },
    {
      "出发地": "广州",
      "目的地": "北京",
      "航班类型": "国内航班",
      "航班日期": "2026-02-23",
      "航班代码": "HO1854/MU5185",
      "价格": "1499"
    },
    {
      "出发地": "广州",
      "目的地": "北京",
      "航班类型": "国内航班",
      "航班日期": "2026-02-24",
      "航班代码": "CZ3265/KN5680",
      "价格": "1155"
    },
    {
      "出发地": "广州",
      "目的地": "北京",
      "航班类型": "国内航班",
      "航班日期": "2026-02-25",
      "航班代码": "9C8930/CZ8888",
      "价格": "1137"
    },
    {
      "出发地": "广州",
      "目的地": "北京",
      "航班类型": "国内航班",
      "航班日期": "2026-02-26",
      "航班代码": "9C8932/CA1564",
      "价格": "1052"
    },
    {
      "出发地": "广州",
      "目的地": "北京",
      "航班类型": "国内航班",
      "航班日期": "2026-02-27",
      "航班代码": "ZH9533/HU7614",
      "价格": "930"
    },
    {
      "出发地": "广州",
      "目的地": "北京",
      "航班类型": "国内航班",
      "航班日期": "2026-02-28",
      "航班代码": "MU6302",
      "价格": "950"
    },
    {
      "出发地": "广州",
      "目的地": "北京",
      "航班类型": "国内航班",
      "航班日期": "2026-06-11",
      "航班代码": "CA4594/CA1128",
      "价格": "2310"
    },
    {
      "出发地": "广州",
      "目的地": "北京",
      "航班类型": "国内航班",
      "航班日期": "2026-06-14",
      "航班代码": "MU9875/MU5175",
      "价格": "2070"
    },
    {
      "出发地": "广州",
      "目的地": "北京",
      "航班类型": "国内航班",
      "航班日期": "2026-06-19",
      "航班代码": "CA4594/CA1128",
      "价格": "2310"
    },
    {
      "出发地": "广州",
      "目的地": "北京",
      "航班类型": "国内航班",
      "航班日期": "2026-07-04",
      "航班代码": "CA4594/CA1128",
      "价格": "2310"
    }
  ]
}