{
  "查询条件": {
    "出发地": "广州",
    "目的地": "长沙"
  },
  "航班数量": 19,
  "航班列表": [
    {
      "出发地": "广州",
      "目的地": "长沙",
      "航班类型": "国内航班",
      "航班日期": "2025-12-16",
      "航班代码": "MF8306/MF8333",
      "价格": "370"
    },
    {
      "出发地": "广州",
      "目的地": "长沙",
      "航班类型": "国内航班",
      "航班日期": "2025-12-17",
      "航班代码": "CZ5592",
      "价格": "300"
    },
    {
      "出发地": "广州",
      "目的地": "长沙",
      "航班类型": "国内航班",
      "航班日期": "2025-12-18",
      "航班代码": "MF4229",
      "价格": "530"
    },
    {
      "出发地": "广州",
      "目的地": "长沙",
      "航班类型": "国内航班",
      "航班日期": "2025-12-19",
      "航班代码": "CZ3388",
      "价格": "530"
    },
    {
      "出发地": "广州",
      "目的地": "长沙",
      "航班类型": "国内航班",
      "航班日期": "2025-12-20",
      "航班代码": "CZ5592",
      "价格": "340"
    },
    {
      "出发地": "广州",
      "目的地": "长沙",
      "航班类型": "国内航班",
      "航班日期": "2025-12-21",
      "航班代码": "MF4774",
      "价格": "300"
    },
    {
      "出发地": "广州",
      "目的地": "长沙",
      "航班类型": "国内航班",
      "航班日期": "2025-12-23",
      "航班代码": "MF4774",
      "价格": "300"
    },
    {
      "出发地": "广州",
      "目的地": "长沙",
      "航班类型": "国内航班",
      "航班日期": "2025-12-24",
      "航班代码": "MF4774",
      "价格": "320"
    },
    {
      "出发地": "广州",
      "目的地": "长沙",
      "航班类型": "国内航班",
      "航班日期": "2025-12-25",
      "航班代码": "MF4229",
      "价格": "350"
    },
    {
      "出发地": "广州",
      "目的地": "长沙",
      "航班类型": "国内航班",
      "航班日期": "2025-12-26",
      "航班代码": "MF4774",
      "价格": "530"
    },
    {
      "出发地": "广州",
      "目的地": "长沙",
      "航班类型": "国内航班",
      "航班日期": "2025-12-27",
      "航班代码": "CZ5592",
      "价格": "350"
    },
    {
      "出发地": "广州",
      "目的地": "长沙",
      "航班类型": "国内航班",
      "航班日期": "2025-12-29",
      "航班代码": "MF4229",
      "价格": "350"
    },
    {
      "出发地": "广州",
      "目的地": "长沙",
      "航班类型": "国内航班",
      "航班日期": "2025-12-30",
      "航班代码": "MF4774",
      "价格": "320"
    },
    {
      "出发地": "广州",
      "目的地": "长沙",
      "航班类型": "国内航班",
      "航班日期": "2025-12-31",
      "航班代码": "MF4229",
      "价格": "430"
    },
    {
      "出发地": "广州",
      "目的地": "长沙",
      "航班类型": "国内航班",
      "航班日期": "2026-02-09",
      "航班代码": "CZ3892/9C7416",
      "价格": "1208"
    },
    {
      "出发地": "广州",
      "目的地": "长沙",
      "航班类型": "国内航班",
      "航班日期": "2026-02-10",
      "航班代码": "CZ3894/9C7416",
      "价格": "1104"
    },
    {
      "出发地": "广州",
      "目的地": "长沙",
      "航班类型": "国内航班",
      "航班日期": "2026-02-17",
      "航班代码": "MF4774",
      "价格": "530"
    },
    {
      "出发地": "广州",
      "目的地": "长沙",
      "航班类型": "国内航班",
      "航班日期": "2026-02-18",
      "航班代码": "MF4774",
      "价格": "530"
    },
    {
      "出发地": "广州",
      "目的地": "长沙",
      "航班类型": "国内航班",
      "航班日期": "2026-02-19",
      "航班代码": "MU5328/MU8475",
      "价格": "740"
    }
  ]
}