{
  "查询条件": {
    "出发地": "广州",
    "目的地": "武汉"
  },
  "航班数量": 29,
  "航班列表": [
    {
      "出发地": "广州",
      "目的地": "武汉",
      "航班类型": "国内航班",
      "航班日期": "2025-12-16",
      "航班代码": "CZ3367",
      "价格": "300"
    },
    {
      "出发地": "广州",
      "目的地": "武汉",
      "航班类型": "国内航班",
      "航班日期": "2025-12-17",
      "航班代码": "MU6733",
      "价格": "299"
    },
    {
      "出发地": "广州",
      "目的地": "武汉",
      "航班类型": "国内航班",
      "航班日期": "2025-12-18",
      "航班代码": "MU6733",
      "价格": "299"
    },
    {
      "出发地": "广州",
      "目的地": "武汉",
      "航班类型": "国内航班",
      "航班日期": "2025-12-19",
      "航班代码": "MU6733",
      "价格": "330"
    },
    {
      "出发地": "广州",
      "目的地": "武汉",
      "航班类型": "国内航班",
      "航班日期": "2025-12-20",
      "航班代码": "CZ3367",
      "价格": "300"
    },
    {
      "出发地": "广州",
      "目的地": "武汉",
      "航班类型": "国内航班",
      "航班日期": "2025-12-21",
      "航班代码": "CZ3367",
      "价格": "380"
    },
    {
      "出发地": "广州",
      "目的地": "武汉",
      "航班类型": "国内航班",
      "航班日期": "2025-12-22",
      "航班代码": "CZ3367",
      "价格": "340"
    },
    {
      "出发地": "广州",
      "目的地": "武汉",
      "航班类型": "国内航班",
      "航班日期": "2025-12-23",
      "航班代码": "CZ3367",
      "价格": "300"
    },
    {
      "出发地": "广州",
      "目的地": "武汉",
      "航班类型": "国内航班",
      "航班日期": "2025-12-24",
      "航班代码": "CZ3705",
      "价格": "330"
    },
    {
      "出发地": "广州",
      "目的地": "武汉",
      "航班类型": "国内航班",
      "航班日期": "2025-12-25",
      "航班代码": "MU5326/MU2524",
      "价格": "512"
    },
    {
      "出发地": "广州",
      "目的地": "武汉",
      "航班类型": "国内航班",
      "航班日期": "2025-12-26",
      "航班代码": "CZ3705",
      "价格": "380"
    },
    {
      "出发地": "广州",
      "目的地": "武汉",
      "航班类型": "国内航班",
      "航班日期": "2025-12-27",
      "航班代码": "CZ3367",
      "价格": "330"
    },
    {
      "出发地": "广州",
      "目的地": "武汉",
      "航班类型": "国内航班",
      "航班日期": "2025-12-28",
      "航班代码": "CZ3367",
      "价格": "380"
    },
    {
      "出发地": "广州",
      "目的地": "武汉",
      "航班类型": "国内航班",
      "航班日期": "2025-12-29",
      "航班代码": "CZ3705",
      "价格": "380"
    },
    {
      "出发地": "广州",
      "目的地": "武汉",
      "航班类型": "国内航班",
      "航班日期": "2025-12-30",
      "航班代码": "CZ3367",
      "价格": "420"
    },
    {
      "出发地": "广州",
      "目的地": "武汉",
      "航班类型": "国内航班",
      "航班日期": "2025-12-31",
      "航班代码": "CZ3331/MU2590",
      "价格": "603"
    },
    {
      "出发地": "广州",
      "目的地": "武汉",
      "航班类型": "国内航班",
      "航班日期": "2026-01-03",
      "航班代码": "CZ3367",
      "价格": "400"
    },
    {
      "出发地": "广州",
      "目的地": "武汉",
      "航班类型": "国内航班",
      "航班日期": "2026-01-04",
      "航班代码": "CZ8722",
      "价格": "400"
    },
    {
      "出发地": "广州",
      "目的地": "武汉",
      "航班类型": "国内航班",
      "航班日期": "2026-01-07",
      "航班代码": "3U1135",
      "价格": "350"
    },
    {
      "出发地": "广州",
      "目的地": "武汉",
      "航班类型": "国内航班",
      "航班日期": "2026-01-08",
      "航班代码": "MU6733",
      "价格": "448"
    },
    {
      "出发地": "广州",
      "目的地": "武汉",
      "航班类型": "国内航班",
      "航班日期": "2026-01-09",
      "航班代码": "MU6733",
      "价格": "448"
    },
    {
      "出发地": "广州",
      "目的地": "武汉",
      "航班类型": "国内航班",
      "航班日期": "2026-01-10",
      "航班代码": "FM9316/MU2514",
      "价格": "419"
    },
    {
      "出发地": "广州",
      "目的地": "武汉",
      "航班类型": "国内航班",
      "航班日期": "2026-01-11",
      "航班代码": "MU6733",
      "价格": "448"
    },
    {
      "出发地": "广州",
      "目的地": "武汉",
      "航班类型": "国内航班",
      "航班日期": "2026-02-05",
      "航班代码": "CZ3894/9C7609",
      "价格": "896"
    },
    {
      "出发地": "广州",
      "目的地": "武汉",
      "航班类型": "国内航班",
      "航班日期": "2026-02-09",
      "航班代码": "9C7749/MU2474",
      "价格": "1235"
    },
    {
      "出发地": "广州",
      "目的地": "武汉",
      "航班类型": "国内航班",
      "航班日期": "2026-02-10",
      "航班代码": "HU7233/MU6631",
      "价格": "1336"
    },
    {
      "出发地": "广州",
      "目的地": "武汉",
      "航班类型": "国内航班",
      "航班日期": "2026-02-11",
      "航班代码": "9C7749/MU2474",
      "价格": "1235"
    },
    {
      "出发地": "广州",
      "目的地": "武汉",
      "航班类型": "国内航班",
      "航班日期": "2026-02-12",
      "航班代码": "HU7233/MU2630",
      "价格": "1338"
    },
    {
      "出发地": "广州",
      "目的地": "武汉",
      "航班类型": "国内航班",
      "航班日期": "2026-02-18",
      "航班代码": "MF4201",
      "价格": "530"
    }
  ]
}